incident_id,start_time,end_time,duration_minutes,alarm_points,direction,peak_severity,peak_anomaly_score,dominant_root_cause,mean_attribution_strength,max_attribution_strength,max_positive_deviation_kw,max_negative_deviation_kw,mean_abs_deviation_kw,peak_observed_kw,min_observed_kw,peak_forecast_kw
1,2020-08-16 10:45:00,2020-08-16 11:00:00,30.0,2,LOW_CONSUMPTION,CRITICAL,2.563711686748461,UNEXPLAINED LOAD,,,-11.20810317993164,-21.197784423828125,16.202943801879883,53.36362075805664,43.96923828125,65.16702270507812
2,2020-08-16 11:15:00,2020-08-16 11:15:00,15.0,1,HIGH_CONSUMPTION,WARNING,1.3701147007130992,HVAC SOUTH,96.79173004707069,96.79173004707069,11.328651428222656,11.328651428222656,11.328651428222656,55.661502838134766,55.661502838134766,44.33285140991211
3,2020-08-16 12:45:00,2020-08-16 12:45:00,15.0,1,LOW_CONSUMPTION,WARNING,1.217738506918421,UNEXPLAINED LOAD,,,-10.068744659423828,-10.068744659423828,10.068744659423828,52.570655822753906,52.570655822753906,62.639400482177734
4,2020-08-16 14:30:00,2020-08-16 14:30:00,15.0,1,LOW_CONSUMPTION,WARNING,1.224078499273706,UNEXPLAINED LOAD,,,-10.121166229248047,-10.121166229248047,10.121166229248047,48.79056930541992,48.79056930541992,58.91173553466797
5,2020-08-16 15:00:00,2020-08-16 15:00:00,15.0,1,HIGH_CONSUMPTION,WARNING,1.3211271640898625,HVAC SOUTH,95.80910445454543,95.80910445454543,10.923603057861328,10.923603057861328,10.923603057861328,60.782772064208984,60.782772064208984,49.859169006347656
6,2020-08-16 16:00:00,2020-08-16 16:00:00,15.0,1,HIGH_CONSUMPTION,WARNING,1.168325597499989,HVAC SOUTH,98.01510990736101,98.01510990736101,9.660179138183594,9.660179138183594,9.660179138183594,66.50540161132812,66.50540161132812,56.84522247314453
7,2020-08-16 18:45:00,2020-08-16 18:45:00,15.0,1,LOW_CONSUMPTION,WARNING,1.0110234760108427,UNEXPLAINED LOAD,,,-8.359542846679688,-8.359542846679688,8.359542846679688,64.83401489257812,64.83401489257812,73.19355773925781
8,2020-08-16 19:15:00,2020-08-16 19:15:00,15.0,1,HIGH_CONSUMPTION,WARNING,1.078262827331171,HVAC SOUTH,96.74513985159717,96.74513985159717,8.915504455566406,8.915504455566406,8.915504455566406,74.67668151855469,74.67668151855469,65.76117706298828
9,2020-08-16 20:30:00,2020-08-16 20:30:00,15.0,1,LOW_CONSUMPTION,WARNING,1.2483298235464142,UNEXPLAINED LOAD,,,-10.321685791015625,-10.321685791015625,10.321685791015625,66.72273254394531,66.72273254394531,77.04441833496094
10,2020-08-16 23:00:00,2020-08-16 23:00:00,15.0,1,LOW_CONSUMPTION,WARNING,1.155813547385353,UNEXPLAINED LOAD,,,-9.556724548339844,-9.556724548339844,9.556724548339844,67.98875427246094,67.98875427246094,77.54547882080078
11,2020-08-17 00:15:00,2020-08-17 00:15:00,15.0,1,HIGH_CONSUMPTION,WARNING,1.150634333720644,HVAC SOUTH,99.74740087168331,99.74740087168331,9.513900756835938,9.513900756835938,9.513900756835938,80.12531280517578,80.12531280517578,70.61141204833984
12,2020-08-17 02:45:00,2020-08-17 03:15:00,45.0,3,LOW_CONSUMPTION,HIGH,1.6534042164962983,UNEXPLAINED LOAD,,,-9.438793182373047,-13.671001434326172,11.126080830891928,56.76374435424805,45.27920150756836,66.2025375366211
13,2020-08-17 04:30:00,2020-08-17 04:45:00,30.0,2,HIGH_CONSUMPTION,HIGH,2.101375748814135,HVAC SOUTH,97.03277337801484,97.39148207921151,17.37500762939453,12.88589859008789,15.130453109741211,67.67899322509766,62.103973388671875,50.303985595703125
14,2020-08-17 05:30:00,2020-08-17 05:30:00,15.0,1,LOW_CONSUMPTION,WARNING,1.4018331168407259,UNEXPLAINED LOAD,,,-11.590911865234375,-11.590911865234375,11.590911865234375,54.47130584716797,54.47130584716797,66.06221771240234
15,2020-08-17 06:15:00,2020-08-17 06:30:00,30.0,2,LOW_CONSUMPTION,HIGH,1.664341187735884,UNEXPLAINED LOAD,,,-10.10202407836914,-13.761432647705078,11.93172836303711,44.60980987548828,42.29154968261719,56.052982330322266
16,2020-08-17 07:15:00,2020-08-17 07:30:00,30.0,2,HIGH_CONSUMPTION,WARNING,1.3290736077172405,HVAC SOUTH,93.88100578435115,93.91685891775357,10.989307403564453,10.158824920654297,10.574066162109375,58.12139892578125,57.29121017456055,47.96257400512695
17,2020-08-17 07:45:00,2020-08-17 08:00:00,30.0,2,LOW_CONSUMPTION,WARNING,1.4379736568750185,UNEXPLAINED LOAD,,,-11.617080688476562,-11.88973617553711,11.753408432006836,45.759117126464844,44.29365921020508,57.376197814941406
18,2020-08-17 08:15:00,2020-08-17 08:30:00,30.0,2,HIGH_CONSUMPTION,WARNING,1.4016476506111504,HVAC SOUTH,94.84354416564265,95.12417933362377,11.589378356933594,9.273540496826172,10.431459426879883,55.731693267822266,54.78212356567383,45.508583068847656
19,2020-08-17 14:30:00,2020-08-17 14:45:00,30.0,2,LOW_CONSUMPTION,WARNING,1.3650212997814775,UNEXPLAINED LOAD,,,-8.959796905517578,-11.286537170410156,10.123167037963867,56.24483871459961,50.5440673828125,65.20463562011719
20,2020-08-17 18:00:00,2020-08-17 18:15:00,30.0,2,LOW_CONSUMPTION,WARNING,1.4817063169936202,UNEXPLAINED LOAD,,,-9.077651977539062,-12.251335144042969,10.664493560791016,52.305397033691406,49.00225067138672,61.38304901123047
21,2020-08-17 18:30:00,2020-08-17 18:45:00,30.0,2,HIGH_CONSUMPTION,HIGH,1.9252732570384319,HVAC SOUTH,97.81323902424657,98.30356712759203,15.918922424316406,11.296279907226562,13.607601165771484,65.9024887084961,64.22859954833984,52.93231964111328
22,2020-08-17 19:45:00,2020-08-17 19:45:00,15.0,1,HIGH_CONSUMPTION,WARNING,1.1561180441801782,HVAC SOUTH,100.0,100.0,9.559242248535156,9.559242248535156,9.559242248535156,72.25753021240234,72.25753021240234,62.69828796386719
23,2020-08-18 03:00:00,2020-08-18 03:30:00,45.0,3,HIGH_CONSUMPTION,HIGH,2.3348675819563502,HVAC SOUTH,94.7113367980106,97.87710461418105,19.30561065673828,12.11288070678711,14.738047281901041,66.69429016113281,55.76708984375,54.5814094543457
24,2020-08-18 04:30:00,2020-08-18 04:30:00,15.0,1,LOW_CONSUMPTION,WARNING,1.2130229588276504,UNEXPLAINED LOAD,,,-10.029754638671875,-10.029754638671875,10.029754638671875,55.500770568847656,55.500770568847656,65.53052520751953
25,2020-08-18 05:30:00,2020-08-18 05:45:00,30.0,2,HIGH_CONSUMPTION,CRITICAL,2.5055334218680834,HVAC SOUTH,94.65382142440984,94.77587498839381,20.71674346923828,13.88626480102539,17.301504135131836,68.09371948242188,62.611045837402344,48.72478103637695
26,2020-08-18 10:30:00,2020-08-18 10:45:00,30.0,2,LOW_CONSUMPTION,HIGH,1.950235073832399,UNEXPLAINED LOAD,,,-12.695667266845703,-16.125316619873047,14.410491943359375,41.2581787109375,41.05437469482422,57.38349533081055
27,2020-08-18 12:30:00,2020-08-18 12:30:00,15.0,1,HIGH_CONSUMPTION,WARNING,1.1838789246926371,HVAC SOUTH,95.04540217957027,95.04540217957027,9.788780212402344,9.788780212402344,9.788780212402344,62.181396484375,62.181396484375,52.392616271972656
28,2020-08-18 15:30:00,2020-08-18 15:30:00,15.0,1,LOW_CONSUMPTION,WARNING,1.1730060823234767,UNEXPLAINED LOAD,,,-9.69887924194336,-9.69887924194336,9.69887924194336,59.38248825073242,59.38248825073242,69.08136749267578
29,2020-08-18 16:15:00,2020-08-18 16:15:00,15.0,1,HIGH_CONSUMPTION,HIGH,1.5933980481294092,HVAC SOUTH,85.239797468906,85.239797468906,13.174846649169922,13.174846649169922,13.174846649169922,75.04107666015625,75.04107666015625,61.86623001098633
30,2020-08-18 18:45:00,2020-08-18 18:45:00,15.0,1,HIGH_CONSUMPTION,WARNING,1.1429259512237657,HVAC SOUTH,84.47605179086781,84.47605179086781,9.450164794921875,9.450164794921875,9.450164794921875,83.9869155883789,83.9869155883789,74.53675079345703
31,2020-08-18 19:15:00,2020-08-18 19:15:00,15.0,1,LOW_CONSUMPTION,HIGH,1.8302684116178445,UNEXPLAINED LOAD,,,-15.133384704589844,-15.133384704589844,15.133384704589844,69.23112487792969,69.23112487792969,84.36450958251953
32,2020-08-18 23:30:00,2020-08-18 23:30:00,15.0,1,HIGH_CONSUMPTION,HIGH,1.648905507032146,HVAC SOUTH,89.2997746877118,89.2997746877118,13.633804321289062,13.633804321289062,13.633804321289062,84.06281280517578,84.06281280517578,70.42900848388672
33,2020-08-19 02:45:00,2020-08-19 02:45:00,15.0,1,LOW_CONSUMPTION,WARNING,1.4779365544019278,UNEXPLAINED LOAD,,,-12.220165252685547,-12.220165252685547,12.220165252685547,56.59566116333008,56.59566116333008,68.81582641601562
34,2020-08-19 14:30:00,2020-08-19 14:30:00,15.0,1,HIGH_CONSUMPTION,HIGH,1.627075393637078,HVAC SOUTH,90.38500148424613,90.38500148424613,13.453304290771484,13.453304290771484,13.453304290771484,73.49270629882812,73.49270629882812,60.03940200805664
35,2020-08-19 15:00:00,2020-08-19 15:00:00,15.0,1,LOW_CONSUMPTION,HIGH,1.737252483898002,UNEXPLAINED LOAD,,,-14.36429214477539,-14.36429214477539,14.36429214477539,59.01179122924805,59.01179122924805,73.37608337402344
36,2020-08-20 03:00:00,2020-08-20 03:15:00,30.0,2,LOW_CONSUMPTION,HIGH,1.7701178379528035,UNEXPLAINED LOAD,,,-10.45059585571289,-14.636035919189453,12.543315887451172,57.23025131225586,44.759769439697266,67.68084716796875
37,2020-08-20 03:45:00,2020-08-20 04:00:00,30.0,2,HIGH_CONSUMPTION,HIGH,1.8806561721384971,HVAC SOUTH,98.03474045846536,98.76943567353852,15.550010681152344,10.583824157714844,13.066917419433594,62.89068603515625,59.97557067871094,52.306861877441406
38,2020-08-20 05:00:00,2020-08-20 05:15:00,30.0,2,LOW_CONSUMPTION,WARNING,1.4338163529080943,UNEXPLAINED LOAD,,,-11.215595245361328,-11.855361938476562,11.535478591918945,41.466949462890625,39.11137008666992,53.32231140136719
39,2020-08-20 19:15:00,2020-08-20 19:15:00,15.0,1,HIGH_CONSUMPTION,WARNING,1.0735934151184043,HVAC SOUTH,99.95864888564242,99.95864888564242,8.876895904541016,8.876895904541016,8.876895904541016,59.31547927856445,59.31547927856445,50.43858337402344
40,2020-08-20 20:30:00,2020-08-20 20:30:00,15.0,1,HIGH_CONSUMPTION,WARNING,1.2052735153993488,HVAC SOUTH,99.72799172102302,99.72799172102302,9.965679168701172,9.965679168701172,9.965679168701172,66.17880249023438,66.17880249023438,56.2131233215332
41,2020-08-20 21:45:00,2020-08-20 21:45:00,15.0,1,HIGH_CONSUMPTION,HIGH,1.5944891616441996,HVAC SOUTH,78.60162163779864,78.60162163779864,13.183868408203125,13.183868408203125,13.183868408203125,66.53263854980469,66.53263854980469,53.34877014160156
42,2020-08-20 22:15:00,2020-08-20 22:15:00,15.0,1,LOW_CONSUMPTION,HIGH,1.7577718769989812,UNEXPLAINED LOAD,,,-14.533954620361328,-14.533954620361328,14.533954620361328,51.54298782348633,51.54298782348633,66.07694244384766
43,2020-08-20 22:45:00,2020-08-20 22:45:00,15.0,1,HIGH_CONSUMPTION,WARNING,1.40067464494405,HVAC SOUTH,85.28591168895733,85.28591168895733,11.58133316040039,11.58133316040039,11.58133316040039,63.413978576660156,63.413978576660156,51.832645416259766
44,2020-08-21 01:30:00,2020-08-21 01:45:00,30.0,2,LOW_CONSUMPTION,HIGH,1.9701067192062045,UNEXPLAINED LOAD,,,-16.22716522216797,-16.289623260498047,16.258394241333008,47.535865783691406,42.87659454345703,63.763031005859375
45,2020-08-21 14:30:00,2020-08-21 14:30:00,15.0,1,HIGH_CONSUMPTION,WARNING,1.1127747708719289,HVAC SOUTH,96.98186470755772,96.98186470755772,9.200862884521484,9.200862884521484,9.200862884521484,56.707000732421875,56.707000732421875,47.50613784790039
46,2020-08-21 15:00:00,2020-08-21 15:00:00,15.0,1,LOW_CONSUMPTION,WARNING,1.316676897297614,UNEXPLAINED LOAD,,,-10.88680648803711,-10.88680648803711,10.88680648803711,44.755828857421875,44.755828857421875,55.642635345458984
47,2020-08-21 16:00:00,2020-08-21 16:30:00,45.0,3,HIGH_CONSUMPTION,CRITICAL,2.8089169579570665,HVAC SOUTH,47.74175130590843,64.17230951857847,23.225238800048828,12.431564331054688,17.71229426066081,81.90914154052734,57.97565460205078,58.683902740478516
48,2020-08-21 17:00:00,2020-08-21 17:15:00,30.0,2,LOW_CONSUMPTION,CRITICAL,2.6128307106240083,UNEXPLAINED LOAD,,,-17.459247589111328,-21.603919982910156,19.531583786010742,63.99343490600586,47.224464416503906,81.45268249511719
49,2020-08-21 17:45:00,2020-08-21 17:45:00,15.0,1,HIGH_CONSUMPTION,HIGH,1.693284530801581,HVAC SOUTH,33.70465268533139,33.70465268533139,14.000747680664062,14.000747680664062,14.000747680664062,62.86241912841797,62.86241912841797,48.861671447753906
50,2020-08-21 20:45:00,2020-08-21 21:00:00,30.0,2,LOW_CONSUMPTION,HIGH,1.5396977315680824,UNEXPLAINED LOAD,,,-9.379096984863281,-12.730831146240234,11.054964065551758,60.67062759399414,60.147972106933594,73.40145874023438
51,2020-08-22 03:45:00,2020-08-22 04:00:00,30.0,2,LOW_CONSUMPTION,HIGH,1.6682341331218464,UNEXPLAINED LOAD,,,-11.290760040283203,-13.793621063232422,12.542190551757812,53.76820755004883,47.50453186035156,65.05896759033203
52,2020-08-22 04:15:00,2020-08-22 04:30:00,30.0,2,HIGH_CONSUMPTION,HIGH,1.7983779086652636,HVAC SOUTH,95.2905210357246,95.59561130743568,14.869701385498047,8.687618255615234,11.77865982055664,61.15800857543945,60.993873596191406,52.30625534057617
53,2020-08-22 07:30:00,2020-08-22 07:30:00,15.0,1,LOW_CONSUMPTION,WARNING,1.0057072387884627,UNEXPLAINED LOAD,,,-8.31558609008789,-8.31558609008789,8.31558609008789,44.70881652832031,44.70881652832031,53.0244026184082
54,2020-08-23 02:30:00,2020-08-23 02:30:00,15.0,1,LOW_CONSUMPTION,HIGH,1.5444483429261358,UNEXPLAINED LOAD,,,-12.770111083984375,-12.770111083984375,12.770111083984375,42.28907775878906,42.28907775878906,55.05918884277344
55,2020-08-23 06:15:00,2020-08-23 06:15:00,15.0,1,HIGH_CONSUMPTION,WARNING,1.0332185242009209,HVAC SOUTH,98.77857365477591,98.77857365477591,8.543060302734375,8.543060302734375,8.543060302734375,56.246707916259766,56.246707916259766,47.70364761352539
56,2020-08-24 03:15:00,2020-08-24 03:15:00,15.0,1,LOW_CONSUMPTION,WARNING,1.0156056914141822,UNEXPLAINED LOAD,,,-8.397430419921875,-8.397430419921875,8.397430419921875,51.34211730957031,51.34211730957031,59.73954772949219
57,2020-08-24 03:45:00,2020-08-24 04:00:00,30.0,2,HIGH_CONSUMPTION,WARNING,1.3002299181480321,HVAC SOUTH,96.78481077948524,98.1045590576711,10.750816345214844,8.812759399414062,9.781787872314453,60.47248077392578,58.94843673706055,50.135677337646484
58,2020-08-24 17:15:00,2020-08-24 17:15:00,15.0,1,HIGH_CONSUMPTION,WARNING,1.4247354280406024,HVAC SOUTH,78.3711807433854,78.3711807433854,11.780277252197266,11.780277252197266,11.780277252197266,64.80313110351562,64.80313110351562,53.02285385131836
59,2020-08-24 18:30:00,2020-08-24 18:30:00,15.0,1,LOW_CONSUMPTION,WARNING,1.1530204813310017,UNEXPLAINED LOAD,,,-9.53363037109375,-9.53363037109375,9.53363037109375,61.041107177734375,61.041107177734375,70.57473754882812
60,2020-08-25 16:15:00,2020-08-25 16:15:00,15.0,1,HIGH_CONSUMPTION,WARNING,1.3681359329055154,HVAC SOUTH,62.79274273811929,62.79274273811929,11.31229019165039,11.31229019165039,11.31229019165039,64.85556030273438,64.85556030273438,53.543270111083984
61,2020-08-25 18:30:00,2020-08-25 18:30:00,15.0,1,HIGH_CONSUMPTION,WARNING,1.0185274765681642,HVAC SOUTH,58.45485644475791,58.45485644475791,8.421588897705078,8.421588897705078,8.421588897705078,64.01262664794922,64.01262664794922,55.59103775024414
62,2020-08-25 20:00:00,2020-08-25 20:00:00,15.0,1,LOW_CONSUMPTION,WARNING,1.345342502377728,UNEXPLAINED LOAD,,,-11.123825073242188,-11.123825073242188,11.123825073242188,55.44611358642578,55.44611358642578,66.56993865966797
63,2020-08-25 21:45:00,2020-08-25 21:45:00,15.0,1,HIGH_CONSUMPTION,WARNING,1.3056121296759577,HVAC SOUTH,66.29855616745924,66.29855616745924,10.795318603515625,10.795318603515625,10.795318603515625,65.1253662109375,65.1253662109375,54.330047607421875
64,2020-08-26 16:15:00,2020-08-26 16:15:00,15.0,1,LOW_CONSUMPTION,WARNING,1.0702227278714451,UNEXPLAINED LOAD,,,-8.84902572631836,-8.84902572631836,8.84902572631836,49.88945007324219,49.88945007324219,58.73847579956055
65,2020-08-26 21:15:00,2020-08-26 21:15:00,15.0,1,HIGH_CONSUMPTION,WARNING,1.3127544249497292,LIGHTING,67.35844082418126,67.35844082418126,10.854373931884766,10.854373931884766,10.854373931884766,60.480979919433594,60.480979919433594,49.62660598754883
66,2020-08-26 23:45:00,2020-08-26 23:45:00,15.0,1,HIGH_CONSUMPTION,WARNING,1.249173187396324,LIGHTING,50.75937870042956,50.75937870042956,10.328659057617188,10.328659057617188,10.328659057617188,62.76947784423828,62.76947784423828,52.440818786621094
67,2020-08-27 13:45:00,2020-08-27 13:45:00,15.0,1,LOW_CONSUMPTION,WARNING,1.0571967240758464,UNEXPLAINED LOAD,,,-8.741321563720703,-8.741321563720703,8.741321563720703,41.716529846191406,41.716529846191406,50.45785140991211
68,2020-08-27 15:30:00,2020-08-27 15:30:00,15.0,1,HIGH_CONSUMPTION,WARNING,1.398345705822417,HVAC SOUTH,62.48491936371966,62.48491936371966,11.562076568603516,11.562076568603516,11.562076568603516,54.00719451904297,54.00719451904297,42.44511795043945
69,2020-08-28 01:45:00,2020-08-28 01:45:00,15.0,1,HIGH_CONSUMPTION,WARNING,1.2464336389604571,LIGHTING,48.545667183621134,48.545667183621134,10.306007385253906,10.306007385253906,10.306007385253906,65.13627624511719,65.13627624511719,54.83026885986328
70,2020-08-28 16:15:00,2020-08-28 16:15:00,15.0,1,HIGH_CONSUMPTION,HIGH,1.5753561516772352,HVAC SOUTH,64.98255489612484,64.98255489612484,13.02566909790039,13.02566909790039,13.02566909790039,60.7119026184082,60.7119026184082,47.68623352050781
71,2020-08-28 17:00:00,2020-08-28 17:15:00,30.0,2,LOW_CONSUMPTION,WARNING,1.31783444647673,UNEXPLAINED LOAD,,,-8.467803955078125,-10.896377563476562,9.682090759277344,50.8690185546875,49.52362060546875,61.76539611816406
72,2020-08-28 21:30:00,2020-08-28 21:30:00,15.0,1,HIGH_CONSUMPTION,WARNING,1.0290819813790983,LIGHTING,51.2863955175421,51.2863955175421,8.508857727050781,8.508857727050781,8.508857727050781,64.72688293457031,64.72688293457031,56.21802520751953
73,2020-08-28 22:00:00,2020-08-28 22:00:00,15.0,1,LOW_CONSUMPTION,WARNING,1.1315811388226262,HVAC SOUTH,67.1774178309394,67.1774178309394,-9.356361389160156,-9.356361389160156,9.356361389160156,54.31916809082031,54.31916809082031,63.67552947998047
74,2020-08-29 01:00:00,2020-08-29 01:00:00,15.0,1,HIGH_CONSUMPTION,WARNING,1.1059194407593411,HVAC SOUTH,81.25970453439092,81.25970453439092,9.144180297851562,9.144180297851562,9.144180297851562,61.02843475341797,61.02843475341797,51.884254455566406
75,2020-08-30 21:15:00,2020-08-30 21:15:00,15.0,1,HIGH_CONSUMPTION,WARNING,1.0112869118742447,LIGHTING,69.16607201033402,69.16607201033402,8.36172103881836,8.36172103881836,8.36172103881836,56.102333068847656,56.102333068847656,47.7406120300293
76,2020-08-31 12:15:00,2020-08-31 12:15:00,15.0,1,HIGH_CONSUMPTION,WARNING,1.213838641150758,HVAC SOUTH,46.08632036871198,46.08632036871198,10.0364990234375,10.0364990234375,10.0364990234375,57.40534591674805,57.40534591674805,47.36884689331055
77,2020-08-31 13:45:00,2020-08-31 14:00:00,30.0,2,LOW_CONSUMPTION,WARNING,1.4877976369664645,UNEXPLAINED LOAD,,,-10.445133209228516,-12.301700592041016,11.373416900634766,51.22542190551758,49.57144546508789,61.873146057128906
78,2020-09-01 00:15:00,2020-09-01 00:30:00,30.0,2,LOW_CONSUMPTION,HIGH,1.5959272169615788,HVAC SOUTH,90.78391521249196,91.41567681420054,-10.607860565185547,-13.195758819580078,11.901809692382812,37.18400573730469,36.937828063964844,50.13358688354492
79,2020-09-01 11:45:00,2020-09-01 11:45:00,15.0,1,HIGH_CONSUMPTION,WARNING,1.0565466695547727,UNEXPLAINED LOAD,,,8.735946655273438,8.735946655273438,8.735946655273438,43.06332015991211,43.06332015991211,34.32737350463867
80,2020-09-01 14:45:00,2020-09-01 15:00:00,30.0,2,HIGH_CONSUMPTION,HIGH,1.8510978378190095,HVAC NORTH,92.36036098914023,93.50081118236956,15.305610656738281,13.823173522949219,14.56439208984375,51.66535186767578,51.192466735839844,37.369293212890625
81,2020-09-01 16:15:00,2020-09-01 16:15:00,15.0,1,HIGH_CONSUMPTION,WARNING,1.2242898015949635,LIGHTING,64.03891648496622,64.03891648496622,10.122913360595703,10.122913360595703,10.122913360595703,61.40235900878906,61.40235900878906,51.27944564819336
82,2020-09-01 17:00:00,2020-09-01 17:15:00,30.0,2,LOW_CONSUMPTION,CRITICAL,2.5725494755388727,HVAC SOUTH,80.64049073386808,87.22956232064799,-8.360950469970703,-21.270858764648438,14.81590461730957,36.33716583251953,35.23938751220703,56.51024627685547
83,2020-09-01 17:45:00,2020-09-01 17:45:00,15.0,1,HIGH_CONSUMPTION,HIGH,2.4847916538351256,LIGHTING,69.53153120625458,69.53153120625458,20.545242309570312,20.545242309570312,20.545242309570312,57.51826477050781,57.51826477050781,36.9730224609375
84,2020-09-01 18:30:00,2020-09-01 18:30:00,15.0,1,HIGH_CONSUMPTION,WARNING,1.317920720568597,LIGHTING,78.78696020465965,78.78696020465965,10.897090911865234,10.897090911865234,10.897090911865234,53.820899963378906,53.820899963378906,42.92380905151367
85,2020-09-01 19:15:00,2020-09-01 19:15:00,15.0,1,HIGH_CONSUMPTION,WARNING,1.0774499131607436,LIGHTING,67.82674840025834,67.82674840025834,8.908782958984375,8.908782958984375,8.908782958984375,56.95704650878906,56.95704650878906,48.04826354980469
86,2020-09-01 20:15:00,2020-09-01 20:15:00,15.0,1,LOW_CONSUMPTION,WARNING,1.2555279432325703,HVAC SOUTH,98.903336768051,98.903336768051,-10.381202697753906,-10.381202697753906,10.381202697753906,47.34434509277344,47.34434509277344,57.725547790527344
87,2020-09-01 22:00:00,2020-09-01 22:00:00,15.0,1,LOW_CONSUMPTION,WARNING,1.2810115568067606,HVAC SOUTH,91.45705006664798,91.45705006664798,-10.591911315917969,-10.591911315917969,10.591911315917969,41.338287353515625,41.338287353515625,51.930198669433594
88,2020-09-01 23:00:00,2020-09-01 23:00:00,15.0,1,HIGH_CONSUMPTION,CRITICAL,2.750648728114581,LIGHTING,73.13110980986572,73.13110980986572,22.743453979492188,22.743453979492188,22.743453979492188,55.86504364013672,55.86504364013672,33.12158966064453
89,2020-09-02 00:00:00,2020-09-02 00:00:00,15.0,1,LOW_CONSUMPTION,WARNING,1.3627371124615082,HVAC SOUTH,100.0,100.0,-11.267650604248047,-11.267650604248047,11.267650604248047,47.291439056396484,47.291439056396484,58.55908966064453
90,2020-09-02 01:15:00,2020-09-02 01:15:00,15.0,1,LOW_CONSUMPTION,HIGH,1.5628445629213792,HVAC SOUTH,93.3620551917247,93.3620551917247,-12.922218322753906,-12.922218322753906,12.922218322753906,33.748077392578125,33.748077392578125,46.67029571533203
91,2020-09-02 15:15:00,2020-09-02 15:15:00,15.0,1,HIGH_CONSUMPTION,WARNING,1.345935348410077,LIGHTING,73.51897148164574,73.51897148164574,11.128726959228516,11.128726959228516,11.128726959228516,45.71457290649414,45.71457290649414,34.585845947265625
92,2020-09-02 17:00:00,2020-09-02 17:15:00,30.0,2,HIGH_CONSUMPTION,CRITICAL,2.5122618783161603,HVAC SOUTH,45.61973126573787,45.838124570170976,20.772377014160156,11.643218994140625,16.20779800415039,57.21516418457031,51.01192855834961,39.368709564208984
93,2020-09-02 17:30:00,2020-09-02 17:45:00,30.0,2,LOW_CONSUMPTION,HIGH,2.148662255615371,HVAC SOUTH,94.93113741115252,98.85376581011876,-13.498931884765625,-17.7659912109375,15.632461547851562,38.034149169921875,37.692527770996094,55.458518981933594
94,2020-09-02 18:45:00,2020-09-02 19:00:00,30.0,2,HIGH_CONSUMPTION,WARNING,1.142242678870529,UNEXPLAINED LOAD,49.76601367772403,49.76601367772403,9.444515228271484,8.483314514160156,8.96391487121582,45.713294982910156,41.21833801269531,36.26877975463867
95,2020-09-02 19:45:00,2020-09-02 19:45:00,15.0,1,HIGH_CONSUMPTION,HIGH,1.9058029938032595,LIGHTING,58.697964235301335,58.697964235301335,15.7579345703125,15.7579345703125,15.7579345703125,55.01118469238281,55.01118469238281,39.25325012207031
96,2020-09-02 20:15:00,2020-09-02 20:15:00,15.0,1,LOW_CONSUMPTION,HIGH,1.7888845290484174,HVAC SOUTH,93.33916370240975,93.33916370240975,-14.791206359863281,-14.791206359863281,14.791206359863281,40.44923400878906,40.44923400878906,55.240440368652344
97,2020-09-02 21:15:00,2020-09-02 21:15:00,15.0,1,HIGH_CONSUMPTION,HIGH,2.0320925780982377,LIGHTING,71.12692157137025,71.12692157137025,16.802146911621094,16.802146911621094,16.802146911621094,50.363304138183594,50.363304138183594,33.5611572265625
98,2020-09-02 21:45:00,2020-09-02 21:45:00,15.0,1,LOW_CONSUMPTION,HIGH,2.4151103304920554,HVAC SOUTH,88.34409757032665,88.34409757032665,-19.96908950805664,-19.96908950805664,19.96908950805664,30.063297271728516,30.063297271728516,50.032386779785156
99,2020-09-02 22:15:00,2020-09-02 22:15:00,15.0,1,HIGH_CONSUMPTION,HIGH,2.408741964571798,UNEXPLAINED LOAD,,,19.916433334350586,19.916433334350586,19.916433334350586,50.795921325683594,50.795921325683594,30.879487991333008
100,2020-09-02 22:30:00,2020-09-02 22:45:00,30.0,2,LOW_CONSUMPTION,HIGH,1.8021485939745159,HVAC SOUTH,85.94280549897928,86.86426598183135,-10.416801452636719,-14.90087890625,12.65884017944336,37.21836853027344,35.75563430786133,50.65651321411133
101,2020-09-03 04:30:00,2020-09-03 04:45:00,30.0,2,HIGH_CONSUMPTION,HIGH,1.7658198195579675,LIGHTING,71.32317257603816,72.84424241546226,14.60049819946289,12.133010864257812,13.366754531860352,45.515663146972656,44.34935760498047,32.216346740722656
102,2020-09-03 05:15:00,2020-09-03 05:15:00,15.0,1,LOW_CONSUMPTION,HIGH,1.6418511006059717,HVAC SOUTH,98.71255152173082,98.71255152173082,-13.575475692749023,-13.575475692749023,13.575475692749023,30.099695205688477,30.099695205688477,43.6751708984375
103,2020-09-03 09:00:00,2020-09-03 09:00:00,15.0,1,LOW_CONSUMPTION,WARNING,1.2483784968977083,HVAC SOUTH,99.06749252130037,99.06749252130037,-10.322088241577148,-10.322088241577148,10.322088241577148,25.8558406829834,25.8558406829834,36.17792892456055
104,2020-09-03 09:30:00,2020-09-03 09:30:00,15.0,1,HIGH_CONSUMPTION,WARNING,1.4831369905705185,UNEXPLAINED LOAD,,,12.263164520263672,12.263164520263672,12.263164520263672,38.39849090576172,38.39849090576172,26.135326385498047
105,2020-09-03 17:00:00,2020-09-03 17:00:00,15.0,1,HIGH_CONSUMPTION,HIGH,2.128467197736758,LIGHTING,54.2037076079124,54.2037076079124,17.599010467529297,17.599010467529297,17.599010467529297,55.01329803466797,55.01329803466797,37.41428756713867
106,2020-09-03 17:45:00,2020-09-03 17:45:00,15.0,1,HIGH_CONSUMPTION,CRITICAL,2.586006388435027,LIGHTING,48.56048696802549,48.56048696802549,21.382125854492188,21.382125854492188,21.382125854492188,60.972137451171875,60.972137451171875,39.59001159667969
107,2020-09-03 18:15:00,2020-09-03 18:15:00,15.0,1,LOW_CONSUMPTION,HIGH,2.3445865660166354,HVAC SOUTH,96.22223612014344,96.22223612014344,-19.385971069335938,-19.385971069335938,19.385971069335938,41.10517501831055,41.10517501831055,60.491146087646484
108,2020-09-03 19:30:00,2020-09-03 19:30:00,15.0,1,LOW_CONSUMPTION,HIGH,1.8478420289082798,HVAC SOUTH,88.39955018428579,88.39955018428579,-15.278690338134766,-15.278690338134766,15.278690338134766,36.92259216308594,36.92259216308594,52.2012825012207
109,2020-09-03 20:00:00,2020-09-03 20:00:00,15.0,1,HIGH_CONSUMPTION,HIGH,1.8143552245767667,LIGHTING,79.38600594199345,79.38600594199345,15.001808166503906,15.001808166503906,15.001808166503906,53.066307067871094,53.066307067871094,38.06449890136719
110,2020-09-03 20:15:00,2020-09-03 20:30:00,30.0,2,LOW_CONSUMPTION,CRITICAL,2.6844797291639417,HVAC SOUTH,80.5772807247011,81.59462053062273,-20.04248809814453,-22.19634246826172,21.119415283203125,33.53094482421875,33.499961853027344,55.69630432128906
111,2020-09-03 21:30:00,2020-09-03 21:30:00,15.0,1,HIGH_CONSUMPTION,CRITICAL,3.333499883852927,LIGHTING,41.47898242965427,41.47898242965427,27.562698364257812,27.562698364257812,27.562698364257812,62.222747802734375,62.222747802734375,34.66004943847656
112,2020-09-03 22:00:00,2020-09-03 22:00:00,15.0,1,LOW_CONSUMPTION,CRITICAL,3.4789201713209694,HVAC SOUTH,86.2534233699507,86.2534233699507,-28.765090942382812,-28.765090942382812,28.765090942382812,30.80300521850586,30.80300521850586,59.56809616088867
113,2020-09-04 01:15:00,2020-09-04 01:30:00,30.0,2,HIGH_CONSUMPTION,WARNING,1.3173560174218302,LIGHTING,79.86649609708982,86.01322407314004,10.89242172241211,9.704715728759766,10.298568725585938,44.69932174682617,43.38837814331055,33.80690002441406
114,2020-09-04 01:45:00,2020-09-04 01:45:00,15.0,1,LOW_CONSUMPTION,WARNING,1.3059862916465688,HVAC SOUTH,94.46492150980892,94.46492150980892,-10.798412322998047,-10.798412322998047,10.798412322998047,32.88215637207031,32.88215637207031,43.68056869506836
115,2020-09-04 06:15:00,2020-09-04 06:15:00,15.0,1,HIGH_CONSUMPTION,WARNING,1.108887823150107,UNEXPLAINED LOAD,,,9.168724060058594,9.168724060058594,9.168724060058594,41.36781311035156,41.36781311035156,32.19908905029297
116,2020-09-04 13:45:00,2020-09-04 14:00:00,30.0,2,HIGH_CONSUMPTION,HIGH,2.013268678513899,HVAC NORTH,85.6898845059984,90.09057187500694,16.646503448486328,12.631759643554688,14.639131546020508,51.09565353393555,46.72563171386719,34.44915008544922
117,2020-09-04 15:15:00,2020-09-04 15:30:00,30.0,2,LOW_CONSUMPTION,HIGH,1.532002728475825,HVAC SOUTH,89.99854823570259,92.97550567438108,-10.088600158691406,-12.667205810546875,11.37790298461914,39.89967346191406,35.82152557373047,49.98827362060547
118,2020-09-04 16:00:00,2020-09-04 16:15:00,30.0,2,HIGH_CONSUMPTION,WARNING,1.4289065727709278,LIGHTING,76.05806364428832,76.8387326689612,11.814765930175781,11.673969268798828,11.744367599487305,48.63346862792969,47.53307342529297,36.95949935913086
119,2020-09-04 17:15:00,2020-09-04 17:15:00,15.0,1,LOW_CONSUMPTION,HIGH,2.076962948968413,HVAC SOUTH,77.32638591568447,77.32638591568447,-17.173152923583984,-17.173152923583984,17.173152923583984,37.581966400146484,37.581966400146484,54.75511932373047
120,2020-09-04 18:00:00,2020-09-04 18:15:00,30.0,2,LOW_CONSUMPTION,HIGH,1.6147340462710562,HVAC SOUTH,92.06961455628925,93.89922250272886,-8.675308227539062,-13.351261138916016,11.013284683227539,40.57231140136719,37.136436462402344,53.9235725402832
121,2020-09-04 19:15:00,2020-09-04 19:15:00,15.0,1,LOW_CONSUMPTION,WARNING,1.1440585870287594,HVAC SOUTH,90.5967470285855,90.5967470285855,-9.459529876708984,-9.459529876708984,9.459529876708984,32.1623420715332,32.1623420715332,41.62187194824219
122,2020-09-04 20:30:00,2020-09-04 20:30:00,15.0,1,LOW_CONSUMPTION,HIGH,2.1200921518027247,HVAC SOUTH,80.86291496796294,80.86291496796294,-17.529762268066406,-17.529762268066406,17.529762268066406,35.79203414916992,35.79203414916992,53.32179641723633
123,2020-09-04 21:15:00,2020-09-04 21:15:00,15.0,1,HIGH_CONSUMPTION,WARNING,1.3731975000813146,LIGHTING,91.50581601073476,91.50581601073476,11.354141235351562,11.354141235351562,11.354141235351562,46.63076400756836,46.63076400756836,35.2766227722168
124,2020-09-04 21:45:00,2020-09-04 21:45:00,15.0,1,LOW_CONSUMPTION,WARNING,1.3195571601613925,HVAC SOUTH,91.31300363813706,91.31300363813706,-10.910621643066406,-10.910621643066406,10.910621643066406,35.98297119140625,35.98297119140625,46.893592834472656
125,2020-09-04 22:00:00,2020-09-04 22:00:00,15.0,1,HIGH_CONSUMPTION,WARNING,1.242711857681889,LIGHTING,62.70230443991417,62.70230443991417,10.27523422241211,10.27523422241211,10.27523422241211,45.51239776611328,45.51239776611328,35.23716354370117
126,2020-09-04 22:30:00,2020-09-04 22:45:00,30.0,2,LOW_CONSUMPTION,HIGH,1.5828993677308598,HVAC SOUTH,88.36172844965307,89.23873185559647,-10.964546203613281,-13.08803939819336,12.02629280090332,32.759944915771484,29.7730712890625,45.847984313964844
127,2020-09-05 14:45:00,2020-09-05 14:45:00,15.0,1,LOW_CONSUMPTION,WARNING,1.1944161285493196,HVAC SOUTH,94.02560123195414,94.02560123195414,-9.875905990600586,-9.875905990600586,9.875905990600586,26.381872177124023,26.381872177124023,36.25777816772461
128,2020-09-05 15:15:00,2020-09-05 15:15:00,15.0,1,HIGH_CONSUMPTION,WARNING,1.021423656309854,UNEXPLAINED LOAD,,,8.445535659790039,8.445535659790039,8.445535659790039,35.69906234741211,35.69906234741211,27.25352668762207
129,2020-09-06 03:00:00,2020-09-06 03:00:00,15.0,1,HIGH_CONSUMPTION,WARNING,1.4504997784324458,UNEXPLAINED LOAD,,,11.993307113647461,11.993307113647461,11.993307113647461,41.78063201904297,41.78063201904297,29.787324905395508
130,2020-09-06 17:45:00,2020-09-06 17:45:00,15.0,1,HIGH_CONSUMPTION,HIGH,1.9480694557188996,LIGHTING,72.43581089889969,72.43581089889969,16.107410430908203,16.107410430908203,16.107410430908203,51.91606140136719,51.91606140136719,35.808650970458984
131,2020-09-06 19:15:00,2020-09-06 19:15:00,15.0,1,LOW_CONSUMPTION,HIGH,1.5881819257622973,HVAC SOUTH,92.26447635470927,92.26447635470927,-13.131717681884766,-13.131717681884766,13.131717681884766,36.292236328125,36.292236328125,49.423954010009766
132,2020-09-06 19:45:00,2020-09-06 19:45:00,15.0,1,HIGH_CONSUMPTION,WARNING,1.1493845127855205,LIGHTING,69.53012241012199,69.53012241012199,9.50356674194336,9.50356674194336,9.50356674194336,47.39228439331055,47.39228439331055,37.88871765136719
133,2020-09-06 20:30:00,2020-09-06 20:45:00,30.0,2,LOW_CONSUMPTION,CRITICAL,3.0499912226492096,HVAC SOUTH,94.75240554005185,97.2053891638359,-14.526620864868164,-25.218536376953125,19.872578620910645,32.38514709472656,28.88524055480957,57.60368347167969
134,2020-09-06 21:30:00,2020-09-06 21:30:00,15.0,1,LOW_CONSUMPTION,WARNING,1.0175470891605831,HVAC SOUTH,95.3324513221424,95.3324513221424,-8.413482666015625,-8.413482666015625,8.413482666015625,26.677780151367188,26.677780151367188,35.09126281738281
135,2020-09-06 23:00:00,2020-09-06 23:45:00,60.0,3,HIGH_CONSUMPTION,WARNING,1.4135437867544356,HVAC NORTH,84.97348039969334,100.0,11.687740325927734,11.126712799072266,11.476359685262045,55.6881217956543,42.99864196777344,44.56140899658203
136,2020-09-07 00:15:00,2020-09-07 00:45:00,45.0,3,LOW_CONSUMPTION,HIGH,2.1077360409557415,HVAC SOUTH,92.85623422647878,98.10054395333108,-10.883201599121094,-17.427597045898438,13.488849639892578,45.87504196166992,33.07444763183594,56.758243560791016
137,2020-09-07 02:00:00,2020-09-07 02:00:00,15.0,1,HIGH_CONSUMPTION,HIGH,1.5191585000395615,HVAC NORTH,89.89123756688275,89.89123756688275,12.561004638671875,12.561004638671875,12.561004638671875,46.88810348510742,46.88810348510742,34.32709884643555
138,2020-09-07 02:30:00,2020-09-07 02:30:00,15.0,1,LOW_CONSUMPTION,HIGH,1.793080125794085,HVAC SOUTH,92.42796609094974,92.42796609094974,-14.825897216796875,-14.825897216796875,14.825897216796875,32.34259033203125,32.34259033203125,47.168487548828125
139,2020-09-07 08:00:00,2020-09-07 08:00:00,15.0,1,HIGH_CONSUMPTION,WARNING,1.4359792028689133,HVAC SOUTH,56.392684886656376,56.392684886656376,11.873245239257812,11.873245239257812,11.873245239257812,44.63080596923828,44.63080596923828,32.75756072998047
140,2020-09-07 08:30:00,2020-09-07 08:30:00,15.0,1,LOW_CONSUMPTION,WARNING,1.3873769008270087,HVAC SOUTH,87.17178530316272,87.17178530316272,-11.471382141113281,-11.471382141113281,11.471382141113281,32.95446014404297,32.95446014404297,44.42584228515625
141,2020-09-07 09:00:00,2020-09-07 09:00:00,15.0,1,HIGH_CONSUMPTION,HIGH,1.5300387241492026,LIGHTING,43.10560706765852,43.10560706765852,12.65096664428711,12.65096664428711,12.65096664428711,46.258392333984375,46.258392333984375,33.607425689697266
142,2020-09-07 09:30:00,2020-09-07 09:30:00,15.0,1,LOW_CONSUMPTION,HIGH,1.8150638716629055,HVAC SOUTH,94.9382383477439,94.9382383477439,-15.007667541503906,-15.007667541503906,15.007667541503906,31.092506408691406,31.092506408691406,46.10017395019531
143,2020-09-07 13:30:00,2020-09-07 13:30:00,15.0,1,LOW_CONSUMPTION,WARNING,1.084314470448932,HVAC SOUTH,97.54075093654656,97.54075093654656,-8.96554183959961,-8.96554183959961,8.96554183959961,32.1514892578125,32.1514892578125,41.11703109741211
144,2020-09-07 22:00:00,2020-09-07 22:00:00,15.0,1,LOW_CONSUMPTION,HIGH,1.8089294146441275,HVAC SOUTH,84.08807578778585,84.08807578778585,-14.956945419311523,-14.956945419311523,14.956945419311523,19.097253799438477,19.097253799438477,34.05419921875
145,2020-09-07 22:30:00,2020-09-07 22:30:00,15.0,1,HIGH_CONSUMPTION,HIGH,1.9053162602903193,UNEXPLAINED LOAD,,,15.753910064697266,15.753910064697266,15.753910064697266,36.70244216918945,36.70244216918945,20.948532104492188
146,2020-09-08 00:45:00,2020-09-08 00:45:00,15.0,1,HIGH_CONSUMPTION,WARNING,1.066515940753228,UNEXPLAINED LOAD,,,8.818376541137695,8.818376541137695,8.818376541137695,40.38477325439453,40.38477325439453,31.566396713256836
147,2020-09-08 07:30:00,2020-09-08 07:30:00,15.0,1,LOW_CONSUMPTION,WARNING,1.1622721089471078,HVAC SOUTH,95.17189834566307,95.17189834566307,-9.610126495361328,-9.610126495361328,9.610126495361328,26.394458770751953,26.394458770751953,36.00458526611328
148,2020-09-08 12:00:00,2020-09-08 12:15:00,30.0,2,HIGH_CONSUMPTION,WARNING,1.3100665486972267,HVAC NORTH,83.24102330350695,87.23168533988621,10.832149505615234,10.102752685546875,10.467451095581055,48.401458740234375,45.671478271484375,38.2987060546875
149,2020-09-08 12:45:00,2020-09-08 12:45:00,15.0,1,LOW_CONSUMPTION,HIGH,1.7084558529243572,HVAC SOUTH,99.97910575215523,99.97910575215523,-14.126190185546875,-14.126190185546875,14.126190185546875,34.25172424316406,34.25172424316406,48.37791442871094
150,2020-09-08 13:30:00,2020-09-08 13:30:00,15.0,1,LOW_CONSUMPTION,WARNING,1.0440618396081587,HVAC SOUTH,95.70959499236594,95.70959499236594,-8.63271713256836,-8.63271713256836,8.63271713256836,31.816787719726562,31.816787719726562,40.44950485229492
151,2020-09-08 14:00:00,2020-09-08 14:15:00,30.0,2,HIGH_CONSUMPTION,WARNING,1.4458375172807698,LIGHTING,60.658771361457866,74.30080798119599,11.954757690429688,8.970062255859375,10.462409973144531,47.091644287109375,41.670326232910156,35.13688659667969
152,2020-09-08 14:45:00,2020-09-08 14:45:00,15.0,1,LOW_CONSUMPTION,HIGH,1.5221222688425269,HVAC SOUTH,86.62308699221914,86.62308699221914,-12.58551025390625,-12.58551025390625,12.58551025390625,34.984703063964844,34.984703063964844,47.570213317871094
153,2020-09-08 15:15:00,2020-09-08 15:30:00,30.0,2,HIGH_CONSUMPTION,WARNING,1.317375394490592,LIGHTING,75.01554971459447,83.01481689057577,10.892581939697266,8.925243377685547,9.908912658691406,47.18992233276367,44.886444091796875,36.297340393066406
154,2020-09-08 15:45:00,2020-09-08 16:00:00,30.0,2,LOW_CONSUMPTION,HIGH,1.5361106670532854,HVAC SOUTH,90.36100434004726,92.1744654508039,-8.81924819946289,-12.701171875,10.760210037231445,36.58824920654297,35.22919464111328,47.93036651611328
155,2020-09-08 16:30:00,2020-09-08 16:45:00,30.0,2,HIGH_CONSUMPTION,HIGH,1.5980960645865383,UNEXPLAINED LOAD,62.14597897183714,62.14597897183714,13.213691711425781,13.02322769165039,13.118459701538086,49.51606750488281,48.28730773925781,36.30237579345703
156,2020-09-08 17:30:00,2020-09-08 17:30:00,15.0,1,LOW_CONSUMPTION,HIGH,2.4124436767434343,HVAC SOUTH,87.74267763459419,87.74267763459419,-19.947040557861328,-19.947040557861328,19.947040557861328,35.340965270996094,35.340965270996094,55.28800582885742
157,2020-09-08 18:00:00,2020-09-08 18:00:00,15.0,1,HIGH_CONSUMPTION,HIGH,2.3319001222831446,LIGHTING,73.54972851961918,73.54972851961918,19.28107452392578,19.28107452392578,19.28107452392578,56.029541015625,56.029541015625,36.74846649169922
158,2020-09-08 18:15:00,2020-09-08 18:30:00,30.0,2,LOW_CONSUMPTION,HIGH,1.9101628342746206,HVAC SOUTH,84.88019077307663,92.06599150896317,-9.378665924072266,-15.793983459472656,12.586324691772461,40.70270919799805,40.0723991394043,56.4966926574707
159,2020-09-08 19:15:00,2020-09-08 19:15:00,15.0,1,HIGH_CONSUMPTION,CRITICAL,2.7603935482665483,LIGHTING,65.99739044745785,65.99739044745785,22.82402801513672,22.82402801513672,22.82402801513672,60.52225875854492,60.52225875854492,37.6982307434082
160,2020-09-08 19:45:00,2020-09-08 20:00:00,30.0,2,LOW_CONSUMPTION,CRITICAL,3.286860663420085,HVAC SOUTH,83.19034105110381,88.23595001391533,-11.154533386230469,-27.177066802978516,19.165800094604492,38.4002571105957,33.656524658203125,60.83359146118164
161,2020-09-08 23:30:00,2020-09-08 23:30:00,15.0,1,HIGH_CONSUMPTION,WARNING,1.121167809798384,LIGHTING,70.78984947383015,70.78984947383015,9.270259857177734,9.270259857177734,9.270259857177734,45.85497283935547,45.85497283935547,36.584712982177734
162,2020-09-09 00:00:00,2020-09-09 00:00:00,15.0,1,LOW_CONSUMPTION,HIGH,1.7481156377327816,HVAC SOUTH,95.71026499716557,95.71026499716557,-14.454113006591797,-14.454113006591797,14.454113006591797,31.05115509033203,31.05115509033203,45.50526809692383
163,2020-09-09 02:30:00,2020-09-09 02:45:00,30.0,2,HIGH_CONSUMPTION,WARNING,1.1325283083980446,UNEXPLAINED LOAD,,,9.364192962646484,9.151443481445312,9.257818222045898,42.17666244506836,41.01966857910156,33.02521896362305
164,2020-09-09 14:15:00,2020-09-09 14:15:00,15.0,1,LOW_CONSUMPTION,WARNING,1.1968562551369417,HVAC SOUTH,86.7824393407299,86.7824393407299,-9.896081924438477,-9.896081924438477,9.896081924438477,30.13958168029785,30.13958168029785,40.03566360473633
165,2020-09-09 15:15:00,2020-09-09 15:30:00,30.0,2,HIGH_CONSUMPTION,CRITICAL,2.5910102857633217,LIGHTING,61.24147827783787,65.456961158118,21.423500061035156,13.127445220947266,17.27547264099121,57.926780700683594,47.88911819458008,36.50328063964844
166,2020-09-09 15:45:00,2020-09-09 16:00:00,30.0,2,LOW_CONSUMPTION,HIGH,2.0287869424392637,HVAC SOUTH,77.71161895268062,81.50841325681206,-14.899112701416016,-16.77481460571289,15.836963653564453,39.089229583740234,34.00830841064453,55.864044189453125
167,2020-09-09 16:30:00,2020-09-09 16:30:00,15.0,1,HIGH_CONSUMPTION,HIGH,2.3598875299566022,LIGHTING,67.61037731553805,67.61037731553805,19.51248550415039,19.51248550415039,19.51248550415039,54.73318862915039,54.73318862915039,35.220703125
168,2020-09-09 17:00:00,2020-09-09 17:00:00,15.0,1,LOW_CONSUMPTION,HIGH,1.602450830111319,HVAC SOUTH,80.38719317999275,80.38719317999275,-13.249698638916016,-13.249698638916016,13.249698638916016,40.14747619628906,40.14747619628906,53.39717483520508
169,2020-09-09 17:15:00,2020-09-09 17:15:00,15.0,1,HIGH_CONSUMPTION,HIGH,2.459622225590141,HVAC NORTH,44.83511092992938,44.83511092992938,20.33713150024414,20.33713150024414,20.33713150024414,58.107173919677734,58.107173919677734,37.770042419433594
170,2020-09-09 19:15:00,2020-09-09 19:45:00,45.0,3,LOW_CONSUMPTION,HIGH,1.543328625166983,HVAC SOUTH,86.83105987023123,96.13727359776783,-9.202545166015625,-12.760852813720703,10.726917266845703,44.63648986816406,34.60045623779297,57.397342681884766
171,2020-09-09 20:15:00,2020-09-09 20:15:00,15.0,1,HIGH_CONSUMPTION,HIGH,1.5771374579269628,HVAC NORTH,77.09890452348263,77.09890452348263,13.040397644042969,13.040397644042969,13.040397644042969,48.15636444091797,48.15636444091797,35.115966796875
172,2020-09-09 21:45:00,2020-09-09 21:45:00,15.0,1,HIGH_CONSUMPTION,WARNING,1.0289684871192089,LIGHTING,81.78348994037763,81.78348994037763,8.507919311523438,8.507919311523438,8.507919311523438,55.2720947265625,55.2720947265625,46.76417541503906
173,2020-09-09 22:30:00,2020-09-09 22:45:00,30.0,2,LOW_CONSUMPTION,HIGH,1.9960558437894533,HVAC SOUTH,94.46545332342,95.34611887073952,-8.330402374267578,-16.504180908203125,12.417291641235352,37.63852310180664,33.36524200439453,49.869422912597656
174,2020-09-09 23:15:00,2020-09-09 23:30:00,30.0,2,HIGH_CONSUMPTION,HIGH,1.6180936609072942,UNEXPLAINED LOAD,60.74397222121816,60.74397222121816,13.379039764404297,9.53683853149414,11.457939147949219,50.70304489135742,49.9826545715332,40.44581604003906
175,2020-09-09 23:45:00,2020-09-10 00:00:00,30.0,2,LOW_CONSUMPTION,HIGH,1.6746783925614201,HVAC SOUTH,89.80787307051055,91.59182051306311,-12.361278533935547,-13.846904754638672,13.10409164428711,36.80778121948242,35.364524841308594,49.211429595947266
176,2020-09-10 05:00:00,2020-09-10 05:00:00,15.0,1,HIGH_CONSUMPTION,WARNING,1.2746664895048951,UNEXPLAINED LOAD,,,10.539447784423828,10.539447784423828,10.539447784423828,39.372920989990234,39.372920989990234,28.833473205566406
177,2020-09-10 15:30:00,2020-09-10 15:30:00,15.0,1,HIGH_CONSUMPTION,WARNING,1.4587066590911555,LIGHTING,73.74765237369526,73.74765237369526,12.061164855957031,12.061164855957031,12.061164855957031,47.41913604736328,47.41913604736328,35.35797119140625
178,2020-09-10 16:00:00,2020-09-10 16:00:00,15.0,1,LOW_CONSUMPTION,WARNING,1.2814775291745992,HVAC SOUTH,91.24297992572443,91.24297992572443,-10.59576416015625,-10.59576416015625,10.59576416015625,36.925865173339844,36.925865173339844,47.521629333496094
179,2020-09-10 16:30:00,2020-09-10 16:30:00,15.0,1,HIGH_CONSUMPTION,WARNING,1.0926650643676237,LIGHTING,67.68750032913756,67.68750032913756,9.034587860107422,9.034587860107422,9.034587860107422,47.06279754638672,47.06279754638672,38.0282096862793
180,2020-09-10 17:00:00,2020-09-10 17:00:00,15.0,1,LOW_CONSUMPTION,HIGH,1.7688472558725783,HVAC SOUTH,78.32601944649092,78.32601944649092,-14.625530242919922,-14.625530242919922,14.625530242919922,32.95966339111328,32.95966339111328,47.5851936340332
181,2020-09-10 18:00:00,2020-09-10 18:15:00,30.0,2,HIGH_CONSUMPTION,HIGH,1.689904616379021,LIGHTING,58.05733058396481,59.42074916408934,13.972801208496094,12.475101470947266,13.22395133972168,56.24064636230469,53.27198791503906,42.267845153808594
182,2020-09-10 18:45:00,2020-09-10 18:45:00,15.0,1,LOW_CONSUMPTION,WARNING,1.3554296507444832,HVAC SOUTH,100.0,100.0,-11.207229614257812,-11.207229614257812,11.207229614257812,44.875526428222656,44.875526428222656,56.08275604248047
183,2020-09-10 19:15:00,2020-09-10 19:15:00,15.0,1,HIGH_CONSUMPTION,WARNING,1.2038340760056294,LIGHTING,79.72024780361104,79.72024780361104,9.953777313232422,9.953777313232422,9.953777313232422,55.57179260253906,55.57179260253906,45.61801528930664
184,2020-09-10 20:30:00,2020-09-10 20:30:00,15.0,1,LOW_CONSUMPTION,WARNING,1.4016518028401708,HVAC SOUTH,97.70799826272871,97.70799826272871,-11.589412689208984,-11.589412689208984,11.589412689208984,41.374107360839844,41.374107360839844,52.96352005004883
185,2020-09-10 21:00:00,2020-09-10 21:00:00,15.0,1,HIGH_CONSUMPTION,WARNING,1.3933593401277642,LIGHTING,70.7126987256231,70.7126987256231,11.52084732055664,11.52084732055664,11.52084732055664,53.130977630615234,53.130977630615234,41.610130310058594
186,2020-09-10 21:45:00,2020-09-10 21:45:00,15.0,1,LOW_CONSUMPTION,HIGH,1.5128415756232785,HVAC SOUTH,89.6969882577753,89.6969882577753,-12.508773803710938,-12.508773803710938,12.508773803710938,37.28516387939453,37.28516387939453,49.79393768310547
187,2020-09-10 22:15:00,2020-09-10 22:15:00,15.0,1,HIGH_CONSUMPTION,HIGH,2.0655281716051666,LIGHTING,74.39950626061716,74.39950626061716,17.07860565185547,17.07860565185547,17.07860565185547,54.444244384765625,54.444244384765625,37.365638732910156
188,2020-09-10 22:45:00,2020-09-10 23:00:00,30.0,2,LOW_CONSUMPTION,CRITICAL,2.769154982178864,HVAC SOUTH,90.49631645030115,90.63578834441408,-15.537425994873047,-22.89647102355957,19.21694850921631,34.791053771972656,30.38014793395996,53.27661895751953
189,2020-09-11 02:00:00,2020-09-11 02:00:00,15.0,1,HIGH_CONSUMPTION,CRITICAL,2.6062821841001464,LIGHTING,66.03532058274627,66.03532058274627,21.549774169921875,21.549774169921875,21.549774169921875,54.93595886230469,54.93595886230469,33.38618469238281
190,2020-09-11 02:15:00,2020-09-11 02:30:00,30.0,2,LOW_CONSUMPTION,HIGH,2.0071432179913313,HVAC SOUTH,97.45631301317334,98.03139122964318,-8.287681579589844,-16.595855712890625,12.441768646240234,33.545318603515625,29.149940490722656,50.14117431640625
191,2020-09-11 14:45:00,2020-09-11 15:00:00,30.0,2,HIGH_CONSUMPTION,HIGH,1.5757829085487707,HVAC NORTH,96.21120514168706,97.31502914890619,13.029197692871094,10.195575714111328,11.612386703491211,47.058956146240234,46.79246520996094,36.863380432128906
192,2020-09-11 16:00:00,2020-09-11 16:00:00,15.0,1,HIGH_CONSUMPTION,HIGH,1.738085236495971,HVAC NORTH,81.88295054034496,81.88295054034496,14.371177673339844,14.371177673339844,14.371177673339844,59.84990692138672,59.84990692138672,45.478729248046875
193,2020-09-11 18:00:00,2020-09-11 18:45:00,60.0,3,LOW_CONSUMPTION,WARNING,1.2695620159625525,HVAC SOUTH,97.47600789948143,100.0,-9.085060119628906,-10.497241973876953,9.836837768554688,56.7322998046875,47.4876594543457,65.8173599243164
194,2020-09-11 19:30:00,2020-09-11 19:45:00,30.0,2,LOW_CONSUMPTION,WARNING,1.2942816193969995,HVAC SOUTH,69.6329624874129,69.65366960028106,-9.001823425292969,-10.70163345336914,9.851728439331055,42.32680130004883,40.987586975097656,51.6892204284668
195,2020-09-11 21:00:00,2020-09-11 21:15:00,30.0,2,HIGH_CONSUMPTION,CRITICAL,3.228861405746362,HVAC SOUTH,59.35143187751665,66.6397388893881,26.697505950927734,15.990470886230469,21.3439884185791,63.4369010925293,62.29071807861328,46.30024719238281
196,2020-09-14 15:45:00,2020-09-14 15:45:00,15.0,1,HIGH_CONSUMPTION,WARNING,1.4265850153897754,LIGHTING,45.62105212567353,45.62105212567353,11.795570373535156,11.795570373535156,11.795570373535156,58.57208251953125,58.57208251953125,46.776512145996094
197,2020-09-14 16:15:00,2020-09-14 16:15:00,15.0,1,LOW_CONSUMPTION,HIGH,1.7158957246112534,UNEXPLAINED LOAD,,,-14.187705993652344,-14.187705993652344,14.187705993652344,44.369266510009766,44.369266510009766,58.55697250366211
198,2020-09-14 19:00:00,2020-09-14 19:15:00,30.0,2,HIGH_CONSUMPTION,HIGH,1.6114404059403633,HVAC SOUTH,88.5574491205227,89.10691052168237,13.324028015136719,9.1375732421875,11.23080062866211,61.8892707824707,56.815895080566406,48.565242767333984
199,2020-09-15 15:30:00,2020-09-15 15:30:00,15.0,1,LOW_CONSUMPTION,WARNING,1.0024062167172894,UNEXPLAINED LOAD,,,-8.288291931152344,-8.288291931152344,8.288291931152344,50.602535247802734,50.602535247802734,58.89082717895508
200,2020-09-15 16:00:00,2020-09-15 16:30:00,45.0,3,HIGH_CONSUMPTION,WARNING,1.1833442098665727,HVAC SOUTH,54.493715816082954,65.9731566847005,9.784358978271484,8.408153533935547,9.175131479899088,69.51911926269531,61.234588623046875,61.110965728759766
201,2020-09-16 14:45:00,2020-09-16 15:00:00,30.0,2,LOW_CONSUMPTION,HIGH,1.8021352145698948,HVAC SOUTH,93.5214092776456,98.40713501678636,-12.52874755859375,-14.900768280029297,13.714757919311523,40.93352508544922,40.333763122558594,55.834293365478516
202,2020-09-16 22:15:00,2020-09-16 22:15:00,15.0,1,HIGH_CONSUMPTION,WARNING,1.0208877880868397,HVAC SOUTH,59.57664429081869,59.57664429081869,8.441104888916016,8.441104888916016,8.441104888916016,66.55493927001953,66.55493927001953,58.113834381103516
203,2020-09-17 02:00:00,2020-09-17 02:30:00,45.0,3,LOW_CONSUMPTION,WARNING,1.4146086028187637,HVAC SOUTH,97.88694744778036,100.0,-8.957683563232422,-11.696544647216797,10.395140329996744,49.58968734741211,39.462520599365234,61.286231994628906
204,2020-09-17 14:45:00,2020-09-17 15:00:00,30.0,2,HIGH_CONSUMPTION,HIGH,1.650681738335293,HVAC NORTH,92.04069501010231,92.54637846782771,13.648490905761719,11.438621520996094,12.543556213378906,55.778018951416016,54.310340881347656,44.33939743041992
205,2020-09-17 15:45:00,2020-09-17 16:15:00,45.0,3,LOW_CONSUMPTION,WARNING,1.1537932572875655,HVAC SOUTH,98.75094090595262,99.72035120886204,-8.492931365966797,-9.540019989013672,9.158634185791016,50.15201187133789,41.98828125,59.69203186035156
206,2020-09-17 18:15:00,2020-09-17 18:30:00,30.0,2,LOW_CONSUMPTION,HIGH,1.749584142729643,HVAC SOUTH,84.5891968924955,85.87530122104495,-9.412117004394531,-14.466255187988281,11.939186096191406,35.76691436767578,34.66912841796875,50.23316955566406
207,2020-09-17 19:30:00,2020-09-17 19:45:00,30.0,2,HIGH_CONSUMPTION,HIGH,1.9062509731786765,UNEXPLAINED LOAD,90.1300639237532,90.1300639237532,15.761638641357422,14.790443420410156,15.276041030883789,58.88530349731445,57.25513458251953,44.0948600769043
208,2020-09-17 20:45:00,2020-09-17 21:00:00,30.0,2,LOW_CONSUMPTION,HIGH,2.131940767991666,HVAC SOUTH,99.20969618183969,99.48976015873548,-15.277900695800781,-17.627731323242188,16.452816009521484,51.749366760253906,42.11554718017578,67.02726745605469
209,2020-09-17 21:30:00,2020-09-17 21:30:00,15.0,1,HIGH_CONSUMPTION,HIGH,1.5052277716763078,UNEXPLAINED LOAD,,,12.445819854736328,12.445819854736328,12.445819854736328,55.13715744018555,55.13715744018555,42.69133758544922
210,2020-09-18 01:30:00,2020-09-18 01:45:00,30.0,2,LOW_CONSUMPTION,HIGH,2.4686454806101286,HVAC SOUTH,88.94390447414581,96.02797588098512,-12.819953918457031,-20.411739349365234,16.615846633911133,43.32959747314453,40.971073150634766,63.741336822509766
211,2020-09-20 02:00:00,2020-09-20 02:15:00,30.0,2,LOW_CONSUMPTION,WARNING,1.3788592950299434,HVAC SOUTH,85.72545008104561,89.30382670972189,-8.972881317138672,-11.400955200195312,10.186918258666992,39.05519485473633,33.987632751464844,48.028076171875
212,2020-09-20 17:30:00,2020-09-20 17:30:00,15.0,1,HIGH_CONSUMPTION,WARNING,1.089881686847653,HVAC SOUTH,89.97454903733338,89.97454903733338,9.011573791503906,9.011573791503906,9.011573791503906,53.367767333984375,53.367767333984375,44.35619354248047
213,2020-09-21 01:45:00,2020-09-21 02:00:00,30.0,2,LOW_CONSUMPTION,WARNING,1.3251405241174148,UNEXPLAINED LOAD,80.91478660054487,80.91478660054487,-9.863990783691406,-10.956787109375,10.410388946533203,46.747222900390625,41.079673767089844,57.704010009765625
214,2020-09-21 18:30:00,2020-09-21 18:30:00,15.0,1,HIGH_CONSUMPTION,WARNING,1.485834555357402,HVAC NORTH,92.3576863741156,92.3576863741156,12.285469055175781,12.285469055175781,12.285469055175781,50.434757232666016,50.434757232666016,38.149288177490234
215,2020-09-21 19:30:00,2020-09-21 19:30:00,15.0,1,LOW_CONSUMPTION,WARNING,1.1059752651717258,HVAC SOUTH,99.72793932971376,99.72793932971376,-9.144641876220703,-9.144641876220703,9.144641876220703,41.93888854980469,41.93888854980469,51.08353042602539
216,2020-09-21 20:15:00,2020-09-21 20:45:00,45.0,3,HIGH_CONSUMPTION,HIGH,2.295665003698944,LIGHTING,56.47583068715053,66.95464633154849,18.981468200683594,9.437480926513672,13.813432057698568,60.465538024902344,50.448150634765625,51.02805709838867
217,2020-09-22 00:30:00,2020-09-22 00:45:00,30.0,2,HIGH_CONSUMPTION,WARNING,1.3115968757706133,LIGHTING,51.57568143518364,56.126466343040946,10.844802856445312,8.99301528930664,9.918909072875977,66.28621673583984,63.453155517578125,55.44141387939453
218,2020-09-22 01:15:00,2020-09-22 01:45:00,45.0,3,LOW_CONSUMPTION,WARNING,1.439365114955614,HVAC SOUTH,92.73334580153866,94.4279486695874,-8.395622253417969,-11.901241302490234,10.534161885579428,53.2423210144043,40.20695114135742,64.54794311523438
219,2020-09-22 15:00:00,2020-09-22 15:00:00,15.0,1,HIGH_CONSUMPTION,WARNING,1.2698134564976733,HVAC NORTH,84.75879646673823,84.75879646673823,10.499320983886719,10.499320983886719,10.499320983886719,55.38246154785156,55.38246154785156,44.883140563964844
220,2020-09-22 15:30:00,2020-09-22 15:30:00,15.0,1,LOW_CONSUMPTION,WARNING,1.1551542656886784,HVAC SOUTH,74.21547397173629,74.21547397173629,-9.551273345947266,-9.551273345947266,9.551273345947266,45.50075912475586,45.50075912475586,55.052032470703125
221,2020-09-22 18:15:00,2020-09-22 18:15:00,15.0,1,LOW_CONSUMPTION,WARNING,1.0838281982947717,HVAC SOUTH,83.88656030615765,83.88656030615765,-8.96152114868164,-8.96152114868164,8.96152114868164,37.680667877197266,37.680667877197266,46.642189025878906
222,2020-09-22 19:45:00,2020-09-22 19:45:00,15.0,1,HIGH_CONSUMPTION,WARNING,1.2562702695096517,HVAC NORTH,72.56174113400867,72.56174113400867,10.387340545654297,10.387340545654297,10.387340545654297,58.89788818359375,58.89788818359375,48.51054763793945
223,2020-09-23 01:15:00,2020-09-23 01:45:00,45.0,3,LOW_CONSUMPTION,HIGH,2.230975120997107,HVAC SOUTH,83.20440671718639,100.0,-9.294559478759766,-18.44658660888672,12.608099619547525,50.02058029174805,39.114749908447266,59.51795959472656
224,2020-09-24 01:45:00,2020-09-24 02:00:00,30.0,2,LOW_CONSUMPTION,HIGH,1.827785840022459,UNEXPLAINED LOAD,,,-11.010269165039062,-15.112857818603516,13.061563491821289,44.588661193847656,41.974517822265625,59.70151901245117
225,2020-09-24 19:15:00,2020-09-24 19:30:00,30.0,2,HIGH_CONSUMPTION,WARNING,1.2222773545964367,HVAC SOUTH,87.97169281383911,88.80342595267219,10.106273651123047,9.72829818725586,9.917285919189453,61.92721176147461,60.451148986816406,51.82093811035156
226,2020-09-24 20:15:00,2020-09-24 20:15:00,15.0,1,LOW_CONSUMPTION,HIGH,1.7095704957369295,LIGHTING,54.66327072550712,54.66327072550712,-14.135406494140625,-14.135406494140625,14.135406494140625,54.56373596191406,54.56373596191406,68.69914245605469
227,2020-09-25 01:15:00,2020-09-25 02:00:00,60.0,4,LOW_CONSUMPTION,HIGH,1.891969612142594,UNEXPLAINED LOAD,,,-8.54708480834961,-15.6435546875,11.986560821533203,56.34619903564453,38.58107376098633,65.00448608398438
228,2020-09-25 15:15:00,2020-09-25 15:30:00,30.0,2,HIGH_CONSUMPTION,HIGH,1.7996480293867088,HVAC NORTH,85.29687619359387,97.05229119196629,14.880203247070312,11.477787017822266,13.178995132446289,57.05486297607422,52.04716491699219,45.57707595825195
229,2020-09-25 16:45:00,2020-09-25 16:45:00,15.0,1,LOW_CONSUMPTION,WARNING,1.0214266551419244,UNEXPLAINED LOAD,,,-8.445560455322266,-8.445560455322266,8.445560455322266,42.839691162109375,42.839691162109375,51.28525161743164
230,2020-09-25 19:00:00,2020-09-25 19:15:00,30.0,2,HIGH_CONSUMPTION,WARNING,1.2288821668914638,LIGHTING,68.10226878554852,80.67652465630107,10.160884857177734,10.113826751708984,10.13735580444336,52.09669494628906,52.00381088256836,41.98286819458008
231,2020-09-25 20:45:00,2020-09-25 20:45:00,15.0,1,HIGH_CONSUMPTION,WARNING,1.158857592616045,HVAC SOUTH,44.586320305987606,44.586320305987606,9.581893920898438,9.581893920898438,9.581893920898438,61.559043884277344,61.559043884277344,51.977149963378906
232,2020-09-26 01:45:00,2020-09-26 02:00:00,30.0,2,LOW_CONSUMPTION,HIGH,2.3461473427695045,HVAC SOUTH,77.39713295474805,77.39713295474805,-13.360607147216797,-19.398876190185547,16.379741668701172,44.83383560180664,37.68303298950195,58.19444274902344
233,2020-09-26 18:00:00,2020-09-26 18:00:00,15.0,1,HIGH_CONSUMPTION,WARNING,1.425262761126186,LIGHTING,75.53522656418163,75.53522656418163,11.784637451171875,11.784637451171875,11.784637451171875,49.86362075805664,49.86362075805664,38.078983306884766
234,2020-09-27 02:45:00,2020-09-27 02:45:00,15.0,1,LOW_CONSUMPTION,WARNING,1.2860851193108407,UNEXPLAINED LOAD,,,-10.633861541748047,-10.633861541748047,10.633861541748047,40.469512939453125,40.469512939453125,51.10337448120117
235,2020-09-27 03:15:00,2020-09-27 03:15:00,15.0,1,HIGH_CONSUMPTION,WARNING,1.012729580779424,HVAC SOUTH,79.6691141455704,79.6691141455704,8.373649597167969,8.373649597167969,8.373649597167969,48.085205078125,48.085205078125,39.71155548095703
236,2020-09-27 16:45:00,2020-09-27 16:45:00,15.0,1,HIGH_CONSUMPTION,WARNING,1.2081182536370643,HVAC SOUTH,95.57369527506413,95.57369527506413,9.989200592041016,9.989200592041016,9.989200592041016,55.304931640625,55.304931640625,45.315731048583984
237,2020-09-28 00:15:00,2020-09-28 00:15:00,15.0,1,HIGH_CONSUMPTION,WARNING,1.2091978331823536,HVAC SOUTH,99.9446863862911,99.9446863862911,9.998126983642578,9.998126983642578,9.998126983642578,68.46285247802734,68.46285247802734,58.464725494384766
238,2020-09-28 05:45:00,2020-09-28 06:00:00,30.0,2,LOW_CONSUMPTION,WARNING,1.2395220230767048,UNEXPLAINED LOAD,,,-9.385875701904297,-10.248859405517578,9.817367553710938,53.64924621582031,52.05998229980469,63.89810562133789
239,2020-09-28 08:15:00,2020-09-28 08:15:00,15.0,1,LOW_CONSUMPTION,WARNING,1.2536958875170385,HVAC SOUTH,88.62144372952612,88.62144372952612,-10.36605453491211,-10.36605453491211,10.36605453491211,30.785064697265625,30.785064697265625,41.151119232177734
240,2020-09-28 10:15:00,2020-09-28 10:15:00,15.0,1,LOW_CONSUMPTION,WARNING,1.0373057016332792,UNEXPLAINED LOAD,,,-8.576854705810547,-8.576854705810547,8.576854705810547,36.9224853515625,36.9224853515625,45.49934005737305
241,2020-09-28 12:45:00,2020-09-28 12:45:00,15.0,1,HIGH_CONSUMPTION,WARNING,1.1226127854974635,HVAC SOUTH,97.07805806251827,97.07805806251827,9.282207489013672,9.282207489013672,9.282207489013672,56.654579162597656,56.654579162597656,47.372371673583984
242,2020-09-29 00:45:00,2020-09-29 00:45:00,15.0,1,LOW_CONSUMPTION,WARNING,1.1134691158358865,UNEXPLAINED LOAD,,,-9.20660400390625,-9.20660400390625,9.20660400390625,69.32084655761719,69.32084655761719,78.52745056152344
243,2020-09-29 01:30:00,2020-09-29 02:00:00,45.0,3,LOW_CONSUMPTION,HIGH,2.2440324971897483,UNEXPLAINED LOAD,,,-9.721092224121094,-18.554550170898438,14.63418197631836,59.58678436279297,43.01353073120117,69.30787658691406
244,2020-09-29 14:30:00,2020-09-29 14:30:00,15.0,1,HIGH_CONSUMPTION,WARNING,1.3041966809388006,HVAC NORTH,57.42997722492237,57.42997722492237,10.783615112304688,10.783615112304688,10.783615112304688,50.44447326660156,50.44447326660156,39.660858154296875
245,2020-09-29 17:00:00,2020-09-29 17:15:00,30.0,2,LOW_CONSUMPTION,WARNING,1.1852417785288698,LIGHTING,46.680896163044864,57.470198793848226,-8.268611907958984,-9.800048828125,9.034330368041992,39.05860900878906,36.99702453613281,48.85865783691406
246,2020-09-29 18:00:00,2020-09-29 18:15:00,30.0,2,HIGH_CONSUMPTION,HIGH,1.6143192847278018,HVAC SOUTH,56.31882684764372,61.73302150595268,13.347831726074219,11.720813751220703,12.534322738647461,52.3512077331543,51.62805938720703,40.630393981933594
247,2020-09-29 19:15:00,2020-09-29 19:15:00,15.0,1,LOW_CONSUMPTION,WARNING,1.2377301055750365,HVAC SOUTH,40.820463142173196,40.820463142173196,-10.23404312133789,-10.23404312133789,10.23404312133789,41.46034622192383,41.46034622192383,51.69438934326172
248,2020-09-29 20:30:00,2020-09-29 20:30:00,15.0,1,HIGH_CONSUMPTION,WARNING,1.20842828673725,MELS NORTH,66.28899162379611,66.28899162379611,9.991764068603516,9.991764068603516,9.991764068603516,45.73222351074219,45.73222351074219,35.74045944213867
249,2020-09-30 15:15:00,2020-09-30 15:15:00,15.0,1,HIGH_CONSUMPTION,WARNING,1.080751857949477,HVAC NORTH,66.25327326500799,66.25327326500799,8.936084747314453,8.936084747314453,8.936084747314453,52.928314208984375,52.928314208984375,43.99222946166992
250,2020-09-30 16:15:00,2020-09-30 16:15:00,15.0,1,LOW_CONSUMPTION,WARNING,1.2842401455494679,UNEXPLAINED LOAD,,,-10.618606567382812,-10.618606567382812,10.618606567382812,37.18276596069336,37.18276596069336,47.80137252807617
251,2020-09-30 17:45:00,2020-09-30 18:15:00,45.0,3,LOW_CONSUMPTION,HIGH,2.160669579224645,HVAC SOUTH,97.6908967880748,99.67234282597232,-9.396705627441406,-17.865272521972656,14.331664403279623,34.31158447265625,18.462078094482422,43.708290100097656
252,2020-09-30 18:45:00,2020-09-30 19:00:00,30.0,2,HIGH_CONSUMPTION,CRITICAL,4.453249476761473,HVAC SOUTH,99.07288505364862,100.0,36.821231842041016,36.3315315246582,36.57638168334961,61.181488037109375,58.20463562011719,24.849956512451172
253,2020-09-30 19:45:00,2020-09-30 19:45:00,15.0,1,HIGH_CONSUMPTION,WARNING,1.0676866386575752,HVAC SOUTH,91.4786679946471,91.4786679946471,8.828056335449219,8.828056335449219,8.828056335449219,70.10126495361328,70.10126495361328,61.27320861816406
254,2020-10-01 00:15:00,2020-10-01 00:15:00,15.0,1,HIGH_CONSUMPTION,HIGH,1.6282034158542715,HVAC SOUTH,76.27409967926684,76.27409967926684,13.462631225585938,13.462631225585938,13.462631225585938,81.45679473876953,81.45679473876953,67.9941635131836
255,2020-10-01 20:30:00,2020-10-01 20:30:00,15.0,1,HIGH_CONSUMPTION,WARNING,1.0435741833776584,HVAC SOUTH,84.70929538467938,84.70929538467938,8.628684997558594,8.628684997558594,8.628684997558594,75.28401947021484,75.28401947021484,66.65533447265625
256,2020-10-02 01:00:00,2020-10-02 01:00:00,15.0,1,LOW_CONSUMPTION,WARNING,1.0895818036406282,UNEXPLAINED LOAD,,,-9.00909423828125,-9.00909423828125,9.00909423828125,65.12806701660156,65.12806701660156,74.13716125488281
257,2020-10-02 01:30:00,2020-10-02 01:30:00,15.0,1,HIGH_CONSUMPTION,WARNING,1.0032929482925226,HVAC SOUTH,67.19309474484676,67.19309474484676,8.295623779296875,8.295623779296875,8.295623779296875,72.56897735595703,72.56897735595703,64.27335357666016
258,2020-10-02 19:30:00,2020-10-02 19:30:00,15.0,1,HIGH_CONSUMPTION,WARNING,1.0029386247494534,HVAC SOUTH,99.13080660788705,99.13080660788705,8.292694091796875,8.292694091796875,8.292694091796875,72.2876968383789,72.2876968383789,63.99500274658203
259,2020-10-04 03:15:00,2020-10-04 03:30:00,30.0,2,LOW_CONSUMPTION,WARNING,1.1925234041542128,UNEXPLAINED LOAD,63.89076311549091,63.89076311549091,-8.496692657470703,-9.86025619506836,9.178474426269531,41.392982482910156,39.64701461791992,49.88967514038086
260,2020-10-04 03:45:00,2020-10-04 03:45:00,15.0,1,HIGH_CONSUMPTION,WARNING,1.214996651688654,HVAC SOUTH,97.95443828586481,97.95443828586481,10.046073913574219,10.046073913574219,10.046073913574219,49.431663513183594,49.431663513183594,39.385589599609375
261,2020-10-04 06:15:00,2020-10-04 06:15:00,15.0,1,HIGH_CONSUMPTION,WARNING,1.2407266308513847,HVAC SOUTH,96.30890247014493,96.30890247014493,10.258819580078125,10.258819580078125,10.258819580078125,57.28693771362305,57.28693771362305,47.02811813354492
262,2020-10-05 14:45:00,2020-10-05 14:45:00,15.0,1,LOW_CONSUMPTION,WARNING,1.3309582583336967,UNEXPLAINED LOAD,,,-11.004890441894531,-11.004890441894531,11.004890441894531,44.8021125793457,44.8021125793457,55.807003021240234
263,2020-10-05 15:45:00,2020-10-05 16:00:00,30.0,2,LOW_CONSUMPTION,WARNING,1.1638827124482212,UNEXPLAINED LOAD,90.9215787888898,90.9215787888898,-9.121673583984375,-9.623443603515625,9.37255859375,41.10186767578125,37.57206726074219,50.223541259765625
264,2020-10-05 23:00:00,2020-10-05 23:00:00,15.0,1,HIGH_CONSUMPTION,WARNING,1.2923951233454232,HVAC SOUTH,72.48960850579313,72.48960850579313,10.68603515625,10.68603515625,10.68603515625,72.55049133300781,72.55049133300781,61.86445617675781
265,2020-10-06 00:30:00,2020-10-06 01:15:00,60.0,4,LOW_CONSUMPTION,HIGH,2.172127885885674,HVAC SOUTH,94.5452674416435,98.2481424608055,-8.718963623046875,-17.96001434326172,12.340737342834473,57.63929748535156,38.76947784423828,67.35063934326172
266,2020-10-06 14:45:00,2020-10-06 15:00:00,30.0,2,HIGH_CONSUMPTION,HIGH,1.5443962093839914,HVAC NORTH,65.780700311272,71.15456572070275,12.76968002319336,9.555458068847656,11.162569046020508,60.2669677734375,56.839542388916016,47.49728775024414
267,2020-10-06 15:30:00,2020-10-06 16:00:00,45.0,2,LOW_CONSUMPTION,WARNING,1.2606176532939517,HVAC SOUTH,80.0845105397525,95.51272683351888,-10.271652221679688,-10.423286437988281,10.347469329833984,50.75262451171875,41.7130126953125,61.02427673339844
268,2020-10-06 17:30:00,2020-10-06 17:30:00,15.0,1,LOW_CONSUMPTION,WARNING,1.1038050334704261,HVAC SOUTH,61.02794284442765,61.02794284442765,-9.126697540283203,-9.126697540283203,9.126697540283203,39.4851188659668,39.4851188659668,48.61181640625
269,2020-10-07 02:00:00,2020-10-07 02:15:00,30.0,2,LOW_CONSUMPTION,HIGH,1.7045149262252708,HVAC SOUTH,80.58672190138205,87.01333500632099,-8.865402221679688,-14.093605041503906,11.479503631591797,37.74052429199219,34.33116912841797,48.424774169921875
270,2020-10-07 14:30:00,2020-10-07 14:30:00,15.0,1,LOW_CONSUMPTION,HIGH,1.5747153243317622,HVAC SOUTH,89.86441708525585,89.86441708525585,-13.020370483398438,-13.020370483398438,13.020370483398438,25.310401916503906,25.310401916503906,38.330772399902344
271,2020-10-07 15:00:00,2020-10-07 15:00:00,15.0,1,HIGH_CONSUMPTION,WARNING,1.2680441455762268,UNEXPLAINED LOAD,,,10.484691619873047,10.484691619873047,10.484691619873047,38.1693115234375,38.1693115234375,27.684619903564453
272,2020-10-07 20:15:00,2020-10-07 20:15:00,15.0,1,HIGH_CONSUMPTION,WARNING,1.0466066946388495,MELS SOUTH,52.04111268831625,52.04111268831625,8.653759002685547,8.653759002685547,8.653759002685547,49.707767486572266,49.707767486572266,41.05400848388672
273,2020-10-08 19:45:00,2020-10-08 20:00:00,30.0,2,LOW_CONSUMPTION,CRITICAL,3.3883875072346825,HVAC SOUTH,95.0561398493549,96.42386455806087,-21.841333389282227,-28.016530990600586,24.928932189941406,17.84492301940918,15.364130020141602,43.38066101074219
274,2020-10-10 02:30:00,2020-10-10 03:00:00,45.0,3,HIGH_CONSUMPTION,CRITICAL,3.735476483274245,UNEXPLAINED LOAD,100.0,100.0,30.88640022277832,12.427803039550781,21.349393208821613,48.074729919433594,29.652225494384766,26.357332229614258
275,2020-10-12 00:30:00,2020-10-12 00:45:00,30.0,2,LOW_CONSUMPTION,HIGH,1.5639273719781288,HVAC SOUTH,99.95556059058897,100.0,-9.921073913574219,-12.931171417236328,11.426122665405273,41.43238067626953,40.58644485473633,53.517616271972656
276,2020-10-12 15:45:00,2020-10-12 15:45:00,15.0,1,LOW_CONSUMPTION,HIGH,1.5747000994920208,HVAC NORTH,58.46790014377624,58.46790014377624,-13.020244598388672,-13.020244598388672,13.020244598388672,35.71950149536133,35.71950149536133,48.73974609375
277,2020-10-12 17:45:00,2020-10-12 18:00:00,30.0,2,HIGH_CONSUMPTION,HIGH,1.6952849824718266,HVAC SOUTH,63.068627091825974,77.2387319487534,14.017288208007812,10.552043914794922,12.284666061401367,55.72311019897461,54.240875244140625,45.17106628417969
278,2020-10-13 02:00:00,2020-10-13 02:00:00,15.0,1,LOW_CONSUMPTION,WARNING,1.0117288935855213,HVAC NORTH,88.82382804724396,88.82382804724396,-8.365375518798828,-8.365375518798828,8.365375518798828,53.804752349853516,53.804752349853516,62.170127868652344
279,2020-10-13 06:45:00,2020-10-13 06:45:00,15.0,1,LOW_CONSUMPTION,WARNING,1.039414572616834,UNEXPLAINED LOAD,,,-8.594291687011719,-8.594291687011719,8.594291687011719,39.582923889160156,39.582923889160156,48.177215576171875
280,2020-10-13 14:45:00,2020-10-13 15:00:00,30.0,2,LOW_CONSUMPTION,WARNING,1.2046216154431548,UNEXPLAINED LOAD,62.689773094162426,62.689773094162426,-8.450767517089844,-9.960289001464844,9.205528259277344,39.169456481933594,38.09645080566406,49.12974548339844
281,2020-10-13 16:45:00,2020-10-13 17:00:00,30.0,2,HIGH_CONSUMPTION,HIGH,1.7484136755046862,HVAC SOUTH,65.81360456721123,72.54195652585588,14.45657730102539,13.933967590332031,14.195272445678711,58.30955505371094,56.524078369140625,44.375587463378906
282,2020-10-13 21:30:00,2020-10-13 21:45:00,30.0,2,LOW_CONSUMPTION,CRITICAL,3.0941515623569065,HVAC SOUTH,92.03675079559147,100.0,-19.869491577148438,-25.58367156982422,22.726581573486328,41.68006896972656,35.347564697265625,61.549560546875
283,2020-10-13 22:00:00,2020-10-13 22:00:00,15.0,1,HIGH_CONSUMPTION,WARNING,1.1051858802990804,MELS SOUTH,73.23786256393868,73.23786256393868,9.138114929199219,9.138114929199219,9.138114929199219,45.591400146484375,45.591400146484375,36.453285217285156
284,2020-10-14 04:30:00,2020-10-14 04:45:00,30.0,2,HIGH_CONSUMPTION,HIGH,1.8098915783798972,HVAC SOUTH,99.61132674534721,99.65182972072938,14.964900970458984,12.024559020996094,13.494729995727539,54.23529052734375,52.81501770019531,40.79045867919922
285,2020-10-14 11:15:00,2020-10-14 11:15:00,15.0,1,LOW_CONSUMPTION,WARNING,1.1640926306931385,UNEXPLAINED LOAD,,,-9.625179290771484,-9.625179290771484,9.625179290771484,36.48369598388672,36.48369598388672,46.1088752746582
286,2020-10-14 11:45:00,2020-10-14 12:00:00,30.0,2,HIGH_CONSUMPTION,HIGH,1.7510941700167082,HVAC SOUTH,98.4092305526481,100.0,14.478740692138672,12.592342376708984,13.535541534423828,53.31239700317383,49.690948486328125,38.833656311035156
287,2020-10-15 05:30:00,2020-10-15 05:45:00,30.0,2,LOW_CONSUMPTION,WARNING,1.3623006670555922,UNEXPLAINED LOAD,,,-10.717132568359375,-11.264041900634766,10.99058723449707,54.24825668334961,51.693641662597656,65.51229858398438
288,2020-10-15 07:00:00,2020-10-15 07:00:00,15.0,1,HIGH_CONSUMPTION,WARNING,1.0122410018313637,HVAC SOUTH,96.26026837293934,96.26026837293934,8.369609832763672,8.369609832763672,8.369609832763672,61.686431884765625,61.686431884765625,53.31682205200195
289,2020-10-15 09:15:00,2020-10-15 09:15:00,15.0,1,LOW_CONSUMPTION,WARNING,1.2091235544187675,UNEXPLAINED LOAD,,,-9.997512817382812,-9.997512817382812,9.997512817382812,49.971824645996094,49.971824645996094,59.969337463378906
290,2020-10-15 13:00:00,2020-10-15 13:15:00,30.0,2,LOW_CONSUMPTION,WARNING,1.2716584302590461,UNEXPLAINED LOAD,,,-9.045536041259766,-10.514575958251953,9.78005599975586,41.94319152832031,41.22826385498047,52.457767486572266
291,2020-10-15 16:30:00,2020-10-15 16:30:00,15.0,1,HIGH_CONSUMPTION,WARNING,1.0658342831557217,HVAC SOUTH,70.45082717006889,70.45082717006889,8.812740325927734,8.812740325927734,8.812740325927734,56.96405029296875,56.96405029296875,48.151309967041016
292,2020-10-15 18:30:00,2020-10-15 18:45:00,30.0,2,HIGH_CONSUMPTION,HIGH,1.8519485834093998,HVAC SOUTH,74.40369219320493,75.69067430850586,15.312644958496094,9.02816390991211,12.170404434204102,79.61399841308594,72.888427734375,64.30135345458984
293,2020-10-15 19:15:00,2020-10-15 19:15:00,15.0,1,LOW_CONSUMPTION,WARNING,1.0541632900970952,UNEXPLAINED LOAD,,,-8.716239929199219,-8.716239929199219,8.716239929199219,70.98837280273438,70.98837280273438,79.7046127319336
294,2020-10-15 19:30:00,2020-10-15 19:30:00,15.0,1,HIGH_CONSUMPTION,WARNING,1.2439256926321696,HVAC SOUTH,80.60603591597382,80.60603591597382,10.285270690917969,10.285270690917969,10.285270690917969,79.45960235595703,79.45960235595703,69.17433166503906
295,2020-10-15 21:15:00,2020-10-15 21:15:00,15.0,1,HIGH_CONSUMPTION,WARNING,1.011518975340604,HVAC SOUTH,93.25156740935961,93.25156740935961,8.363639831542969,8.363639831542969,8.363639831542969,83.9241943359375,83.9241943359375,75.56055450439453
296,2020-10-15 23:15:00,2020-10-15 23:30:00,30.0,2,LOW_CONSUMPTION,CRITICAL,4.843336629741817,HVAC SOUTH,99.23106888464315,99.67332830218714,-36.529022216796875,-40.046627044677734,38.287824630737305,42.707218170166016,41.53723907470703,82.75384521484375
297,2020-10-16 02:00:00,2020-10-16 02:15:00,30.0,2,HIGH_CONSUMPTION,CRITICAL,4.019152848394506,HVAC SOUTH,96.48156182790413,97.37325741630967,33.23194885253906,32.526424407958984,32.87918663024902,78.82196044921875,76.38601684570312,45.59001159667969
298,2020-10-16 07:30:00,2020-10-16 07:30:00,15.0,1,LOW_CONSUMPTION,WARNING,1.210650190621914,UNEXPLAINED LOAD,,,-10.010135650634766,-10.010135650634766,10.010135650634766,50.82784652709961,50.82784652709961,60.837982177734375
299,2020-10-16 08:15:00,2020-10-16 08:15:00,15.0,1,LOW_CONSUMPTION,WARNING,1.286175545631728,UNEXPLAINED LOAD,,,-10.63460922241211,-10.63460922241211,10.63460922241211,36.15475845336914,36.15475845336914,46.78936767578125
300,2020-10-16 14:45:00,2020-10-16 14:45:00,15.0,1,LOW_CONSUMPTION,WARNING,1.0047494579611034,HVAC SOUTH,93.66570717122434,93.66570717122434,-8.307666778564453,-8.307666778564453,8.307666778564453,19.418174743652344,19.418174743652344,27.725841522216797
301,2020-10-16 16:30:00,2020-10-16 16:45:00,30.0,2,HIGH_CONSUMPTION,HIGH,1.8423592411663057,UNEXPLAINED LOAD,70.20021895644489,70.20021895644489,15.233356475830078,12.13215446472168,13.682755470275879,43.49737548828125,36.03057861328125,28.264019012451172
302,2020-10-16 17:15:00,2020-10-16 17:15:00,15.0,1,LOW_CONSUMPTION,WARNING,1.34645576111396,HVAC SOUTH,66.40448151064925,66.40448151064925,-11.13302993774414,-11.13302993774414,11.13302993774414,32.7462158203125,32.7462158203125,43.87924575805664
303,2020-10-16 17:45:00,2020-10-16 17:45:00,15.0,1,HIGH_CONSUMPTION,HIGH,1.7875710406016487,LIGHTING,64.21115097861009,64.21115097861009,14.780345916748047,14.780345916748047,14.780345916748047,48.44866180419922,48.44866180419922,33.66831588745117
304,2020-10-16 18:45:00,2020-10-16 19:00:00,30.0,2,HIGH_CONSUMPTION,HIGH,1.9749680566714671,HVAC SOUTH,74.70612989213558,75.80999031183751,16.329818725585938,14.648582458496094,15.489200592041016,64.94441223144531,64.28352355957031,49.63494110107422
305,2020-10-16 19:45:00,2020-10-16 19:45:00,15.0,1,LOW_CONSUMPTION,WARNING,1.422255624597897,UNEXPLAINED LOAD,,,-11.759773254394531,-11.759773254394531,11.759773254394531,59.07374572753906,59.07374572753906,70.8335189819336
306,2020-10-16 21:15:00,2020-10-16 21:30:00,30.0,2,HIGH_CONSUMPTION,HIGH,1.6861519240621903,HVAC SOUTH,93.61351445087166,99.69828273403868,13.9417724609375,13.527164459228516,13.734468460083008,78.06742858886719,73.48757934570312,64.12565612792969
307,2020-10-16 22:00:00,2020-10-16 22:00:00,15.0,1,LOW_CONSUMPTION,WARNING,1.0351765308634029,HVAC NORTH,41.17340895241761,41.17340895241761,-8.559249877929688,-8.559249877929688,8.559249877929688,69.34029388427734,69.34029388427734,77.89954376220703
308,2020-10-16 22:45:00,2020-10-16 22:45:00,15.0,1,LOW_CONSUMPTION,HIGH,2.4004017512256572,UNEXPLAINED LOAD,,,-19.84747314453125,-19.84747314453125,19.84747314453125,55.11669921875,55.11669921875,74.96417236328125
309,2020-10-16 23:15:00,2020-10-16 23:15:00,15.0,1,HIGH_CONSUMPTION,HIGH,2.267016930252472,HVAC SOUTH,51.68705908106907,51.68705908106907,18.74459457397461,18.74459457397461,18.74459457397461,74.16545104980469,74.16545104980469,55.42085647583008
310,2020-10-17 00:30:00,2020-10-17 00:30:00,15.0,1,HIGH_CONSUMPTION,WARNING,1.0051872874433596,HVAC SOUTH,91.39425816445936,91.39425816445936,8.311286926269531,8.311286926269531,8.311286926269531,84.99482727050781,84.99482727050781,76.68354034423828
311,2020-10-18 02:15:00,2020-10-18 02:15:00,15.0,1,HIGH_CONSUMPTION,WARNING,1.0119544980289599,HVAC SOUTH,95.15051052959005,95.15051052959005,8.367240905761719,8.367240905761719,8.367240905761719,59.36602020263672,59.36602020263672,50.998779296875
312,2020-10-18 13:00:00,2020-10-18 13:00:00,15.0,1,LOW_CONSUMPTION,HIGH,1.804503369187831,HVAC SOUTH,85.26235629153256,85.26235629153256,-14.92034912109375,-14.92034912109375,14.92034912109375,34.12648010253906,34.12648010253906,49.04682922363281
313,2020-10-18 15:45:00,2020-10-18 15:45:00,15.0,1,HIGH_CONSUMPTION,WARNING,1.0340443564171893,HVAC SOUTH,63.30361011298491,63.30361011298491,8.549888610839844,8.549888610839844,8.549888610839844,42.40626907348633,42.40626907348633,33.856380462646484
314,2020-10-18 16:45:00,2020-10-18 16:45:00,15.0,1,HIGH_CONSUMPTION,WARNING,1.2153320595217416,HVAC SOUTH,96.14675662267942,96.14675662267942,10.048847198486328,10.048847198486328,10.048847198486328,54.876827239990234,54.876827239990234,44.827980041503906
315,2020-10-19 01:30:00,2020-10-19 01:30:00,15.0,1,LOW_CONSUMPTION,WARNING,1.2573046358944975,HVAC SOUTH,90.5206769037891,90.5206769037891,-10.395893096923828,-10.395893096923828,10.395893096923828,35.38113784790039,35.38113784790039,45.77703094482422
316,2020-10-19 02:15:00,2020-10-19 02:15:00,15.0,1,HIGH_CONSUMPTION,HIGH,1.9135395191857203,HVAC SOUTH,98.92490664411649,98.92490664411649,15.821903228759766,15.821903228759766,15.821903228759766,51.779273986816406,51.779273986816406,35.95737075805664
317,2020-10-19 03:15:00,2020-10-19 03:30:00,30.0,2,LOW_CONSUMPTION,HIGH,2.000144866656932,HVAC SOUTH,78.09277071019096,80.00215047591294,-10.276836395263672,-16.53799057006836,13.407413482666016,34.46757888793945,34.00448989868164,51.00556945800781
318,2020-10-19 09:15:00,2020-10-19 09:15:00,15.0,1,HIGH_CONSUMPTION,WARNING,1.1291142534257619,HVAC SOUTH,99.51726603353167,99.51726603353167,9.33596420288086,9.33596420288086,9.33596420288086,41.45671463012695,41.45671463012695,32.120750427246094
319,2020-10-19 10:00:00,2020-10-19 10:00:00,15.0,1,LOW_CONSUMPTION,WARNING,1.3231396110883893,HVAC SOUTH,87.44092020688643,87.44092020688643,-10.940242767333984,-10.940242767333984,10.940242767333984,31.29425811767578,31.29425811767578,42.234500885009766
320,2020-10-19 16:15:00,2020-10-19 16:30:00,30.0,2,LOW_CONSUMPTION,CRITICAL,3.759759410623386,HVAC SOUTH,96.15431546900103,96.51014906884366,-16.87619972229004,-31.087181091308594,23.981690406799316,26.7825984954834,12.648143768310547,43.73532485961914
321,2020-10-19 17:15:00,2020-10-19 17:15:00,15.0,1,LOW_CONSUMPTION,WARNING,1.1999698502037246,HVAC SOUTH,98.52295468613579,98.52295468613579,-9.921826362609863,-9.921826362609863,9.921826362609863,14.9019193649292,14.9019193649292,24.823745727539062
322,2020-10-19 18:30:00,2020-10-19 18:30:00,15.0,1,LOW_CONSUMPTION,WARNING,1.1702280104294767,HVAC SOUTH,93.10902538253868,93.10902538253868,-9.675909042358398,-9.675909042358398,9.675909042358398,12.194150924682617,12.194150924682617,21.870059967041016
323,2020-10-19 18:45:00,2020-10-19 19:00:00,30.0,2,HIGH_CONSUMPTION,HIGH,1.8438215178196369,LIGHTING,95.42146830091359,95.42146830091359,15.245447158813477,11.664429664611816,13.454938411712646,29.829402923583984,25.540019989013672,14.583955764770508
324,2020-10-19 21:45:00,2020-10-19 21:45:00,15.0,1,LOW_CONSUMPTION,WARNING,1.099578525686496,HVAC SOUTH,91.23756043131092,91.23756043131092,-9.091751098632812,-9.091751098632812,9.091751098632812,27.999073028564453,27.999073028564453,37.090824127197266
325,2020-10-19 22:15:00,2020-10-19 23:15:00,75.0,4,HIGH_CONSUMPTION,CRITICAL,3.6852199793265132,UNEXPLAINED LOAD,59.81226890098308,59.81226890098308,30.47085952758789,9.424968719482422,17.248826026916504,67.48128509521484,38.21880340576172,53.52760696411133
326,2020-10-19 23:45:00,2020-10-20 00:00:00,30.0,2,LOW_CONSUMPTION,WARNING,1.3976126067209362,HVAC SOUTH,95.8834575061543,96.69469695959828,-8.659049987792969,-11.556015014648438,10.107532501220703,58.35717010498047,53.19530487060547,67.01622009277344
327,2020-10-20 01:15:00,2020-10-20 01:15:00,15.0,1,LOW_CONSUMPTION,HIGH,1.7319593146146235,HVAC SOUTH,77.61922833323757,77.61922833323757,-14.320526123046875,-14.320526123046875,14.320526123046875,36.51707077026367,36.51707077026367,50.83759689331055
328,2020-10-20 15:00:00,2020-10-20 15:30:00,45.0,3,LOW_CONSUMPTION,CRITICAL,2.798070874397148,HVAC SOUTH,96.59911947242453,99.87709049646978,-14.602241516113281,-23.13555908203125,18.670321146647137,33.29823303222656,19.978042602539062,51.57139587402344
329,2020-10-20 15:45:00,2020-10-20 16:00:00,30.0,2,HIGH_CONSUMPTION,HIGH,2.133597507370783,HVAC NORTH,72.52238018812926,90.3274312945867,17.641429901123047,17.261594772338867,17.451512336730957,40.019309997558594,38.800201416015625,22.377880096435547
330,2020-10-20 17:00:00,2020-10-20 17:15:00,30.0,2,HIGH_CONSUMPTION,HIGH,1.525707949280984,HVAC NORTH,49.07700806070212,51.18866683868315,12.615158081054688,12.113636016845703,12.364397048950195,53.197113037109375,50.76108932495117,40.58195495605469
331,2020-10-20 18:15:00,2020-10-20 18:30:00,30.0,2,LOW_CONSUMPTION,WARNING,1.1801211574292259,HVAC SOUTH,89.26334420196409,90.98649747092566,-9.534477233886719,-9.757709503173828,9.646093368530273,49.507347106933594,46.88893508911133,59.26505661010742
332,2020-10-21 07:30:00,2020-10-21 07:45:00,30.0,2,LOW_CONSUMPTION,HIGH,2.3161740162273725,HVAC SOUTH,98.91014407311476,99.62573683299507,-15.05489444732666,-19.151044845581055,17.102969646453857,11.35156536102295,9.103334426879883,28.254379272460938
333,2020-10-21 08:00:00,2020-10-21 08:15:00,30.0,2,HIGH_CONSUMPTION,HIGH,1.836455694216937,UNEXPLAINED LOAD,,,15.18454360961914,12.12960147857666,13.6570725440979,27.20545196533203,22.68487548828125,12.02090835571289
334,2020-10-21 09:15:00,2020-10-21 09:15:00,15.0,1,LOW_CONSUMPTION,WARNING,1.2747751394975941,HVAC SOUTH,94.27506562098574,94.27506562098574,-10.540346145629883,-10.540346145629883,10.540346145629883,24.23729133605957,24.23729133605957,34.77763748168945
335,2020-10-21 10:15:00,2020-10-21 10:30:00,30.0,2,LOW_CONSUMPTION,HIGH,2.4801097849352978,HVAC SOUTH,98.67563245360351,99.41255457700734,-11.932697296142578,-20.50653076171875,16.219614028930664,9.521123886108398,8.943788528442383,29.450319290161133
336,2020-10-21 12:15:00,2020-10-21 12:15:00,15.0,1,HIGH_CONSUMPTION,HIGH,1.9794861432043813,UNEXPLAINED LOAD,,,16.367176055908203,16.367176055908203,16.367176055908203,27.598140716552734,27.598140716552734,11.230963706970215
337,2020-10-21 12:45:00,2020-10-21 12:45:00,15.0,1,LOW_CONSUMPTION,WARNING,1.499311306681098,HVAC SOUTH,99.81016329470704,99.81016329470704,-12.396900177001953,-12.396900177001953,12.396900177001953,13.520685195922852,13.520685195922852,25.917585372924805
338,2020-10-21 14:00:00,2020-10-21 14:45:00,60.0,3,HIGH_CONSUMPTION,HIGH,1.815227884709209,HVAC NORTH,64.51092503008151,90.52213406344312,15.009023666381836,9.323538780212402,12.80977980295817,38.689788818359375,23.239206314086914,24.11808967590332
339,2020-10-21 16:15:00,2020-10-21 16:15:00,15.0,1,HIGH_CONSUMPTION,WARNING,1.2393503976105307,LIGHTING,78.53440424084461,78.53440424084461,10.247440338134766,10.247440338134766,10.247440338134766,43.13458251953125,43.13458251953125,32.887142181396484
340,2020-10-21 17:15:00,2020-10-21 17:15:00,15.0,1,LOW_CONSUMPTION,WARNING,1.2144490188167485,HVAC SOUTH,80.76985219683498,80.76985219683498,-10.041545867919922,-10.041545867919922,10.041545867919922,36.33645248413086,36.33645248413086,46.37799835205078
341,2020-10-21 18:45:00,2020-10-21 19:00:00,30.0,2,HIGH_CONSUMPTION,WARNING,1.1725830163221815,HVAC NORTH,53.88778750817234,55.30363289479195,9.695381164550781,8.563270568847656,9.129325866699219,53.59910202026367,48.70561599731445,43.90372085571289
342,2020-10-21 20:30:00,2020-10-21 20:30:00,15.0,1,LOW_CONSUMPTION,WARNING,1.2995374186191946,HVAC SOUTH,99.533962874731,99.533962874731,-10.74509048461914,-10.74509048461914,10.74509048461914,45.969520568847656,45.969520568847656,56.7146110534668
343,2020-10-22 00:00:00,2020-10-22 00:00:00,15.0,1,HIGH_CONSUMPTION,HIGH,1.8884688217196641,HVAC SOUTH,87.23183856100756,87.23183856100756,15.614608764648438,15.614608764648438,15.614608764648438,62.105812072753906,62.105812072753906,46.49120330810547
344,2020-10-22 00:30:00,2020-10-22 00:30:00,15.0,1,LOW_CONSUMPTION,HIGH,2.334465738458937,HVAC SOUTH,98.94838513259836,98.94838513259836,-19.302288055419922,-19.302288055419922,19.302288055419922,41.82588195800781,41.82588195800781,61.128170013427734
345,2020-10-22 05:45:00,2020-10-22 05:45:00,15.0,1,LOW_CONSUMPTION,CRITICAL,2.732569692280614,HVAC SOUTH,99.38101858823629,99.38101858823629,-22.593969345092773,-22.593969345092773,22.593969345092773,9.597490310668945,9.597490310668945,32.19145965576172
346,2020-10-22 06:15:00,2020-10-22 06:15:00,15.0,1,HIGH_CONSUMPTION,HIGH,1.8184350202686446,UNEXPLAINED LOAD,,,15.035541534423828,15.035541534423828,15.035541534423828,25.675384521484375,25.675384521484375,10.639842987060547
347,2020-10-22 07:00:00,2020-10-22 07:15:00,30.0,2,LOW_CONSUMPTION,HIGH,2.0720372519533354,HVAC SOUTH,98.76824694979479,98.98480414615139,-10.13122272491455,-17.13242530822754,13.631824016571045,9.726835250854492,9.403740882873535,26.85926055908203
348,2020-10-22 07:45:00,2020-10-22 08:00:00,30.0,2,HIGH_CONSUMPTION,HIGH,2.257605903177862,UNEXPLAINED LOAD,,,18.666780471801758,13.273978233337402,15.97037935256958,28.628005981445312,23.551250457763672,10.27727222442627
349,2020-10-22 09:30:00,2020-10-22 09:45:00,30.0,2,LOW_CONSUMPTION,HIGH,2.3746710800247564,HVAC SOUTH,98.1585932361175,98.93953543970932,-14.788516998291016,-19.634721755981445,17.21161937713623,14.807941436767578,10.797805786132812,30.432527542114258
350,2020-10-22 10:15:00,2020-10-22 10:30:00,30.0,2,HIGH_CONSUMPTION,CRITICAL,3.331182017342015,HVAC SOUTH,100.0,100.0,27.543533325195312,18.7673397064209,23.155436515808105,39.04969787597656,36.27295684814453,17.505617141723633
351,2020-10-22 10:45:00,2020-10-22 11:00:00,30.0,2,LOW_CONSUMPTION,CRITICAL,3.1305458497202205,HVAC SOUTH,99.15471523342036,99.77385385788996,-20.896625518798828,-25.884593963623047,23.390609741210938,14.67977523803711,9.332965850830078,35.57640075683594
352,2020-10-22 11:45:00,2020-10-22 11:45:00,15.0,1,HIGH_CONSUMPTION,HIGH,2.104674464091408,UNEXPLAINED LOAD,,,17.40228271484375,17.40228271484375,17.40228271484375,27.160480499267578,27.160480499267578,9.758198738098145
353,2020-10-22 12:15:00,2020-10-22 12:15:00,15.0,1,LOW_CONSUMPTION,HIGH,1.9717505405394806,HVAC SOUTH,99.1955611706269,99.1955611706269,-16.30321502685547,-16.30321502685547,16.30321502685547,9.670698165893555,9.670698165893555,25.973913192749023
354,2020-10-22 17:45:00,2020-10-22 17:45:00,15.0,1,LOW_CONSUMPTION,WARNING,1.2552319815751758,HVAC SOUTH,90.3737217660206,90.3737217660206,-10.378755569458008,-10.378755569458008,10.378755569458008,10.549079895019531,10.549079895019531,20.92783546447754
355,2020-10-22 18:45:00,2020-10-22 19:00:00,30.0,2,HIGH_CONSUMPTION,CRITICAL,2.5023971048813833,UNEXPLAINED LOAD,82.64869577649648,82.64869577649648,20.690811157226562,18.819385528564453,19.755098342895508,38.49098587036133,32.86283874511719,17.800174713134766
356,2020-10-22 19:15:00,2020-10-22 19:30:00,30.0,2,LOW_CONSUMPTION,CRITICAL,3.0382161931856846,HVAC SOUTH,92.3174054444137,92.75021208054514,-8.967794418334961,-25.12117576599121,17.044485092163086,22.472637176513672,12.68043327331543,37.80160903930664
357,2020-10-22 21:00:00,2020-10-22 21:15:00,30.0,2,HIGH_CONSUMPTION,HIGH,2.148118774972486,HVAC NORTH,84.6321248927222,99.41980991921187,17.761497497558594,12.105644226074219,14.933570861816406,45.45785903930664,36.53755187988281,27.696361541748047
358,2020-10-22 21:45:00,2020-10-22 21:45:00,15.0,1,LOW_CONSUMPTION,WARNING,1.1295267081751161,HVAC SOUTH,92.82783225004034,92.82783225004034,-9.339374542236328,-9.339374542236328,9.339374542236328,36.12330627441406,36.12330627441406,45.46268081665039
359,2020-10-23 00:00:00,2020-10-23 00:15:00,30.0,2,HIGH_CONSUMPTION,WARNING,1.3781704863713462,HVAC NORTH,52.252129775898936,54.35691543196038,11.395259857177734,9.670230865478516,10.532745361328125,42.330047607421875,41.57716751098633,32.65981674194336
360,2020-10-23 01:00:00,2020-10-23 01:15:00,30.0,2,LOW_CONSUMPTION,CRITICAL,3.6286184080769157,HVAC SOUTH,98.40213948199438,99.26028608747913,-19.970176696777344,-30.00285530090332,24.986515998840332,13.856224060058594,10.947778701782227,40.95063400268555
361,2020-10-23 18:15:00,2020-10-23 18:15:00,15.0,1,LOW_CONSUMPTION,WARNING,1.0752548834250168,HVAC SOUTH,96.09759793970362,96.09759793970362,-8.890633583068848,-8.890633583068848,8.890633583068848,11.925202369689941,11.925202369689941,20.81583595275879
362,2020-10-23 22:15:00,2020-10-23 22:15:00,15.0,1,LOW_CONSUMPTION,WARNING,1.2993401877407285,HVAC SOUTH,91.65830264119637,91.65830264119637,-10.743459701538086,-10.743459701538086,10.743459701538086,9.579185485839844,9.579185485839844,20.32264518737793
363,2020-10-25 21:00:00,2020-10-25 21:00:00,15.0,1,HIGH_CONSUMPTION,HIGH,1.5070101159832905,UNEXPLAINED LOAD,,,12.460556983947754,12.460556983947754,12.460556983947754,23.323692321777344,23.323692321777344,10.86313533782959
364,2020-10-25 21:45:00,2020-10-25 21:45:00,15.0,1,HIGH_CONSUMPTION,WARNING,1.2232884223628906,UNEXPLAINED LOAD,,,10.114633560180664,10.114633560180664,10.114633560180664,28.1689453125,28.1689453125,18.054311752319336
365,2020-10-26 00:30:00,2020-10-26 00:45:00,30.0,2,LOW_CONSUMPTION,HIGH,2.1207991841331335,HVAC SOUTH,94.25039773919535,95.4837633981338,-11.56399154663086,-17.535608291625977,14.549799919128418,11.583133697509766,10.406938552856445,27.942546844482422
366,2020-10-26 02:30:00,2020-10-26 02:45:00,30.0,2,HIGH_CONSUMPTION,HIGH,1.813574605520942,UNEXPLAINED LOAD,,,14.995353698730469,8.91091537475586,11.953134536743164,26.499347686767578,26.328449249267578,17.58843231201172
367,2020-10-26 05:30:00,2020-10-26 05:45:00,30.0,2,LOW_CONSUMPTION,HIGH,1.7740299297281374,HVAC SOUTH,99.73546005704992,99.87581773659232,-11.584068298339844,-14.66838264465332,13.126225471496582,10.064579010009766,9.956119537353516,24.732961654663086
368,2020-10-26 19:00:00,2020-10-26 19:15:00,30.0,2,LOW_CONSUMPTION,WARNING,1.1513876172687514,HVAC SOUTH,89.44074437080297,89.67746249781126,-8.935676574707031,-9.520129203796387,9.227902889251709,10.700690269470215,9.699695587158203,20.2208194732666
369,2020-10-27 15:00:00,2020-10-27 15:00:00,15.0,1,HIGH_CONSUMPTION,WARNING,1.1522735414661198,HVAC NORTH,47.39781865915358,47.39781865915358,9.527454376220703,9.527454376220703,9.527454376220703,32.170326232910156,32.170326232910156,22.642871856689453
370,2020-10-27 15:30:00,2020-10-27 15:45:00,30.0,2,LOW_CONSUMPTION,HIGH,2.046519497829422,HVAC SOUTH,99.39788671746089,99.81590126166023,-9.9917573928833,-16.92143440246582,13.45659589767456,14.859374046325684,14.797748565673828,31.71918296813965
371,2020-10-27 19:45:00,2020-10-27 20:30:00,60.0,4,HIGH_CONSUMPTION,HIGH,2.0816630415400526,LIGHTING,69.30292455849343,79.21668438703234,17.21201515197754,9.92593765258789,12.833513259887695,48.13960266113281,28.87457275390625,35.87517547607422
372,2020-10-28 01:00:00,2020-10-28 01:15:00,30.0,2,LOW_CONSUMPTION,WARNING,1.2717147160302107,UNEXPLAINED LOAD,70.04140352178045,70.04140352178045,-8.353450775146484,-10.51504135131836,9.434246063232422,41.79694747924805,37.07555389404297,52.311988830566406
373,2020-10-28 16:15:00,2020-10-28 16:15:00,15.0,1,LOW_CONSUMPTION,WARNING,1.2311363658907304,UNEXPLAINED LOAD,,,-10.179523468017578,-10.179523468017578,10.179523468017578,38.50415802001953,38.50415802001953,48.68368148803711
374,2020-10-28 18:00:00,2020-10-28 18:00:00,15.0,1,HIGH_CONSUMPTION,WARNING,1.073106681605464,MELS NORTH,63.806373842142506,63.806373842142506,8.872871398925781,8.872871398925781,8.872871398925781,46.0379753112793,46.0379753112793,37.165103912353516
375,2020-10-28 18:30:00,2020-10-28 18:45:00,30.0,2,LOW_CONSUMPTION,WARNING,1.076211164836341,HVAC SOUTH,67.48065857141276,78.30194179423135,-8.745170593261719,-8.898540496826172,8.821855545043945,37.83607864379883,33.37038803100586,46.58124923706055
376,2020-10-29 00:00:00,2020-10-29 00:00:00,15.0,1,HIGH_CONSUMPTION,WARNING,1.198830640036115,LIGHTING,45.0213058857977,45.0213058857977,9.912406921386719,9.912406921386719,9.912406921386719,64.06385803222656,64.06385803222656,54.151451110839844
377,2020-10-29 00:45:00,2020-10-29 01:15:00,45.0,3,LOW_CONSUMPTION,HIGH,2.435732145242203,HVAC SOUTH,82.70795159274081,96.31208002902581,-11.114921569824219,-20.139598846435547,14.943593343098959,50.64707946777344,36.661956787109375,61.762001037597656
378,2020-10-29 15:30:00,2020-10-29 15:30:00,15.0,1,HIGH_CONSUMPTION,WARNING,1.0350833363898353,LIGHTING,60.99542169483128,60.99542169483128,8.558479309082031,8.558479309082031,8.558479309082031,46.62417984008789,46.62417984008789,38.06570053100586
379,2020-10-29 17:00:00,2020-10-29 17:15:00,30.0,2,LOW_CONSUMPTION,WARNING,1.1870862909314626,MELS NORTH,36.42397478132028,41.213376025137464,-9.546459197998047,-9.815299987792969,9.680879592895508,35.20399475097656,34.978416442871094,44.79371643066406
380,2020-10-29 20:30:00,2020-10-29 20:45:00,30.0,2,HIGH_CONSUMPTION,WARNING,1.193685566921129,HVAC SOUTH,64.73530784620851,68.87902696265643,9.869865417480469,9.781959533691406,9.825912475585938,59.118446350097656,58.655609130859375,49.24858093261719
381,2020-10-29 23:15:00,2020-10-29 23:15:00,15.0,1,HIGH_CONSUMPTION,WARNING,1.3940873642826643,HVAC SOUTH,43.40868489192413,43.40868489192413,11.526866912841797,11.526866912841797,11.526866912841797,69.76102447509766,69.76102447509766,58.23415756225586
382,2020-10-30 00:45:00,2020-10-30 01:15:00,45.0,3,LOW_CONSUMPTION,WARNING,1.4933999166324685,MELS NORTH,70.1305145206048,71.64030312421256,-8.908489227294922,-12.3480224609375,10.523660024007162,46.740089416503906,36.918792724609375,57.05455780029297
383,2020-10-30 22:15:00,2020-10-30 22:30:00,30.0,2,HIGH_CONSUMPTION,HIGH,2.0987506173557176,LIGHTING,63.28761131213216,73.86766105441124,17.353302001953125,9.880970001220703,13.617136001586914,51.22329330444336,50.08971405029297,40.208744049072266
384,2020-10-30 23:30:00,2020-10-30 23:45:00,30.0,2,HIGH_CONSUMPTION,WARNING,1.1425896206731179,HVAC SOUTH,51.882755365678214,52.6003023389498,9.447383880615234,9.330162048339844,9.388772964477539,55.295169830322266,53.2719612121582,45.96500778198242
385,2020-10-31 00:00:00,2020-10-31 00:15:00,30.0,2,LOW_CONSUMPTION,WARNING,1.4615269453135291,HVAC SOUTH,99.49656900031692,99.94541493964707,-8.83602523803711,-12.084484100341797,10.460254669189453,43.560909271240234,42.212642669677734,54.29712677001953
386,2020-10-31 19:45:00,2020-10-31 20:00:00,30.0,2,HIGH_CONSUMPTION,WARNING,1.2182376971184223,UNEXPLAINED LOAD,,,10.072872161865234,8.373979568481445,9.22342586517334,46.010047912597656,40.309932708740234,35.93717575073242
387,2020-11-01 01:00:00,2020-11-01 01:30:00,45.0,3,LOW_CONSUMPTION,HIGH,1.9812799061411699,HVAC SOUTH,76.4579067478953,81.49991829689473,-8.398754119873047,-16.382007598876953,11.505837758382162,38.985206604003906,30.236068725585938,48.72195816040039
388,2020-11-02 17:30:00,2020-11-02 17:45:00,30.0,2,LOW_CONSUMPTION,CRITICAL,2.9631960260400123,HVAC SOUTH,80.25594525611864,86.52822198893824,-11.560169219970703,-24.500879287719727,18.030524253845215,21.705718994140625,13.760835647583008,38.261714935302734
389,2020-11-02 18:00:00,2020-11-02 18:00:00,15.0,1,HIGH_CONSUMPTION,HIGH,1.6700778381465742,UNEXPLAINED LOAD,,,13.808865547180176,13.808865547180176,13.808865547180176,29.173664093017578,29.173664093017578,15.364798545837402
390,2020-11-02 22:45:00,2020-11-02 22:45:00,15.0,1,LOW_CONSUMPTION,WARNING,1.3906433209896791,HVAC SOUTH,59.00644987597117,59.00644987597117,-11.498390197753906,-11.498390197753906,11.498390197753906,34.71311950683594,34.71311950683594,46.211509704589844
391,2020-11-03 02:00:00,2020-11-03 02:00:00,15.0,1,LOW_CONSUMPTION,HIGH,1.5180159450207968,HVAC SOUTH,96.47975915580408,96.47975915580408,-12.551557540893555,-12.551557540893555,12.551557540893555,17.017234802246094,17.017234802246094,29.56879234313965
392,2020-11-03 02:30:00,2020-11-03 02:30:00,15.0,1,HIGH_CONSUMPTION,HIGH,1.8031442062218384,UNEXPLAINED LOAD,,,14.909111022949219,14.909111022949219,14.909111022949219,32.07468032836914,32.07468032836914,17.165569305419922
393,2020-11-03 02:45:00,2020-11-03 03:00:00,30.0,2,LOW_CONSUMPTION,CRITICAL,2.6648069294243326,HVAC SOUTH,96.06948553728046,98.19017592663292,-10.96990966796875,-22.033679962158203,16.501794815063477,14.427671432495117,9.306182861328125,31.339862823486328
394,2020-11-03 15:15:00,2020-11-03 15:15:00,15.0,1,HIGH_CONSUMPTION,HIGH,1.7851869691058013,LIGHTING,55.54228709646658,55.54228709646658,14.76063346862793,14.76063346862793,14.76063346862793,28.714824676513672,28.714824676513672,13.954191207885742
395,2020-11-03 15:45:00,2020-11-03 15:45:00,15.0,1,LOW_CONSUMPTION,WARNING,1.1190349481582673,HVAC SOUTH,97.03418511826504,97.03418511826504,-9.25262451171875,-9.25262451171875,9.25262451171875,17.829654693603516,17.829654693603516,27.082279205322266
396,2020-11-03 16:30:00,2020-11-03 16:30:00,15.0,1,LOW_CONSUMPTION,WARNING,1.055740906445436,HVAC SOUTH,95.24504474285615,95.24504474285615,-8.729284286499023,-8.729284286499023,8.729284286499023,12.987972259521484,12.987972259521484,21.717256546020508
397,2020-11-03 20:30:00,2020-11-03 20:30:00,15.0,1,HIGH_CONSUMPTION,WARNING,1.071091235774867,LIGHTING,64.94875653639012,64.94875653639012,8.856206893920898,8.856206893920898,8.856206893920898,35.723243713378906,35.723243713378906,26.867036819458008
398,2020-11-03 21:30:00,2020-11-03 21:45:00,30.0,2,LOW_CONSUMPTION,HIGH,1.578538950561024,HVAC SOUTH,98.18108745937403,99.8719328961398,-9.42672348022461,-13.051985740661621,11.239354610443115,22.258285522460938,14.979578971862793,31.685009002685547
399,2020-11-03 23:15:00,2020-11-03 23:30:00,30.0,2,HIGH_CONSUMPTION,HIGH,2.0540320335241744,UNEXPLAINED LOAD,51.29455075986385,51.29455075986385,16.983551025390625,9.086524963378906,13.035037994384766,32.3939323425293,26.81375503540039,17.727230072021484
400,2020-11-04 00:00:00,2020-11-04 00:15:00,30.0,2,LOW_CONSUMPTION,WARNING,1.3054075170570107,HVAC SOUTH,98.28977750682674,98.3818406799191,-9.988872528076172,-10.79362678527832,10.391249656677246,16.572093963623047,15.146699905395508,26.56096649169922
401,2020-11-04 02:30:00,2020-11-04 03:15:00,60.0,4,HIGH_CONSUMPTION,CRITICAL,3.6989943070633338,HVAC SOUTH,77.37758631912789,96.62044494981129,30.58475112915039,9.340190887451172,18.67209243774414,45.22954559326172,33.56378173828125,35.88935470581055
402,2020-11-04 16:00:00,2020-11-04 16:30:00,45.0,3,LOW_CONSUMPTION,CRITICAL,3.6898471772109063,HVAC SOUTH,97.80767562685467,99.84072740225727,-9.863122940063477,-30.509119033813477,17.96282958984375,28.5766658782959,16.401025772094727,46.9101448059082
403,2020-11-04 20:00:00,2020-11-04 20:15:00,30.0,2,HIGH_CONSUMPTION,HIGH,1.688854563795654,UNEXPLAINED LOAD,61.15395516003919,61.15395516003919,13.964118957519531,11.07977294921875,12.52194595336914,35.760154724121094,32.225887298583984,21.796035766601562
404,2020-11-04 21:00:00,2020-11-04 21:00:00,15.0,1,HIGH_CONSUMPTION,WARNING,1.1062017923327245,LIGHTING,65.12171309802798,65.12171309802798,9.146514892578125,9.146514892578125,9.146514892578125,39.704200744628906,39.704200744628906,30.55768585205078
405,2020-11-05 03:45:00,2020-11-05 03:45:00,15.0,1,HIGH_CONSUMPTION,WARNING,1.0199166278548593,LIGHTING,45.39345721024362,45.39345721024362,8.433074951171875,8.433074951171875,8.433074951171875,38.5380859375,38.5380859375,30.105010986328125
406,2020-11-05 05:00:00,2020-11-05 05:15:00,30.0,2,LOW_CONSUMPTION,HIGH,2.130638121476228,HVAC SOUTH,99.59668415100529,99.7113349437782,-13.252123832702637,-17.616960525512695,15.434542179107666,15.707283973693848,10.588081359863281,28.959407806396484
407,2020-11-05 11:45:00,2020-11-05 12:00:00,30.0,2,HIGH_CONSUMPTION,HIGH,2.3364860285567244,UNEXPLAINED LOAD,,,19.318992614746094,12.795756340026855,16.057374477386475,29.541828155517578,23.294179916381836,10.49842357635498
408,2020-11-05 14:30:00,2020-11-05 14:45:00,30.0,2,LOW_CONSUMPTION,HIGH,2.1250778254592078,HVAC SOUTH,97.65052820382732,98.31660422844425,-10.955957412719727,-17.570985794067383,14.263471603393555,15.72669792175293,12.489986419677734,30.060972213745117
409,2020-11-05 15:00:00,2020-11-05 15:00:00,15.0,1,HIGH_CONSUMPTION,HIGH,1.8133710309592503,UNEXPLAINED LOAD,,,14.993670463562012,14.993670463562012,14.993670463562012,29.1585636138916,29.1585636138916,14.16489315032959
410,2020-11-05 16:15:00,2020-11-05 16:30:00,30.0,2,LOW_CONSUMPTION,HIGH,1.8336100332616612,HVAC SOUTH,94.30080395205674,94.85567336943242,-8.697356224060059,-15.161014556884766,11.929185390472412,11.716970443725586,11.58084774017334,26.87798500061035
411,2020-11-05 18:30:00,2020-11-05 19:00:00,45.0,3,HIGH_CONSUMPTION,CRITICAL,2.6685612364968936,LIGHTING,58.178900136576694,72.41338435262205,22.064722061157227,9.283681869506836,14.462981541951498,40.561073303222656,25.705659866333008,26.318025588989258
412,2020-11-05 19:45:00,2020-11-05 19:45:00,15.0,1,LOW_CONSUMPTION,WARNING,1.0004869641923304,HVAC SOUTH,100.0,100.0,-8.272422790527344,-8.272422790527344,8.272422790527344,33.40409851074219,33.40409851074219,41.67652130126953
413,2020-11-05 20:45:00,2020-11-05 20:45:00,15.0,1,HIGH_CONSUMPTION,HIGH,1.535730507418534,HVAC NORTH,68.51550490506656,68.51550490506656,12.698028564453125,12.698028564453125,12.698028564453125,48.87785339355469,48.87785339355469,36.17982482910156
414,2020-11-06 00:30:00,2020-11-06 00:30:00,15.0,1,LOW_CONSUMPTION,WARNING,1.37290176910331,HVAC SOUTH,66.1993043283475,66.1993043283475,-11.351696014404297,-11.351696014404297,11.351696014404297,42.299774169921875,42.299774169921875,53.65147018432617
415,2020-11-06 01:15:00,2020-11-06 02:00:00,60.0,4,LOW_CONSUMPTION,CRITICAL,2.8067924007749903,HVAC SOUTH,92.08570401357758,98.59957411549235,-8.881576538085938,-23.207672119140625,15.026914834976196,34.174468994140625,10.560993194580078,43.05604553222656
416,2020-11-06 04:00:00,2020-11-06 04:00:00,15.0,1,HIGH_CONSUMPTION,CRITICAL,2.6105760502659616,LIGHTING,51.602948540493344,51.602948540493344,21.585277557373047,21.585277557373047,21.585277557373047,35.625938415527344,35.625938415527344,14.04065990447998
417,2020-11-06 04:30:00,2020-11-06 04:30:00,15.0,1,LOW_CONSUMPTION,HIGH,2.476343943893236,HVAC SOUTH,98.87529477174385,98.87529477174385,-20.475393295288086,-20.475393295288086,20.475393295288086,11.19797134399414,11.19797134399414,31.673364639282227
418,2020-11-06 04:45:00,2020-11-06 04:45:00,15.0,1,HIGH_CONSUMPTION,WARNING,1.0404207961160972,UNEXPLAINED LOAD,,,8.602611541748047,8.602611541748047,8.602611541748047,22.457487106323242,22.457487106323242,13.854875564575195
419,2020-11-06 05:15:00,2020-11-06 05:15:00,15.0,1,LOW_CONSUMPTION,WARNING,1.3635945477542093,HVAC SOUTH,98.73193586416092,98.73193586416092,-11.274740219116211,-11.274740219116211,11.274740219116211,9.567232131958008,9.567232131958008,20.84197235107422
420,2020-11-06 16:30:00,2020-11-06 16:30:00,15.0,1,LOW_CONSUMPTION,WARNING,1.1270542864728914,HVAC SOUTH,93.21667133282777,93.21667133282777,-9.318931579589844,-9.318931579589844,9.318931579589844,18.045772552490234,18.045772552490234,27.364704132080078
421,2020-11-06 19:15:00,2020-11-06 19:15:00,15.0,1,HIGH_CONSUMPTION,WARNING,1.0506734569451912,LIGHTING,94.56328967974869,94.56328967974869,8.687384605407715,8.687384605407715,8.687384605407715,21.76264190673828,21.76264190673828,13.075257301330566
422,2020-11-06 20:30:00,2020-11-06 20:30:00,15.0,1,HIGH_CONSUMPTION,WARNING,1.35080268353948,LIGHTING,58.50252030302503,58.50252030302503,11.16897201538086,11.16897201538086,11.16897201538086,30.958011627197266,30.958011627197266,19.789039611816406
423,2020-11-06 21:00:00,2020-11-06 21:00:00,15.0,1,LOW_CONSUMPTION,WARNING,1.1860569994931973,HVAC SOUTH,99.79499991238117,99.79499991238117,-9.80678939819336,-9.80678939819336,9.80678939819336,19.430828094482422,19.430828094482422,29.23761749267578
424,2020-11-06 23:30:00,2020-11-06 23:30:00,15.0,1,HIGH_CONSUMPTION,WARNING,1.0665673822572024,UNEXPLAINED LOAD,,,8.818801879882812,8.818801879882812,8.818801879882812,31.597091674804688,31.597091674804688,22.778289794921875
425,2020-11-07 00:30:00,2020-11-07 00:30:00,15.0,1,HIGH_CONSUMPTION,WARNING,1.4242770680926344,LIGHTING,71.80181784592551,71.80181784592551,11.776487350463867,11.776487350463867,11.776487350463867,41.77881622314453,41.77881622314453,30.002328872680664
426,2020-11-07 03:30:00,2020-11-07 03:30:00,15.0,1,HIGH_CONSUMPTION,WARNING,1.1282242923390682,LIGHTING,57.67044993978382,57.67044993978382,9.328605651855469,9.328605651855469,9.328605651855469,41.400428771972656,41.400428771972656,32.07182312011719
427,2020-11-07 15:30:00,2020-11-07 15:45:00,30.0,2,LOW_CONSUMPTION,HIGH,1.7352898636477194,HVAC SOUTH,99.33971369619877,99.59465849387747,-13.485197067260742,-14.348064422607422,13.916630744934082,17.682247161865234,13.213674545288086,32.030311584472656
428,2020-11-07 16:15:00,2020-11-07 16:45:00,45.0,3,HIGH_CONSUMPTION,HIGH,1.7129923938084728,UNEXPLAINED LOAD,100.0,100.0,14.163700103759766,8.342318534851074,10.324490547180176,30.70244026184082,23.254898071289062,22.234987258911133
429,2020-11-07 19:15:00,2020-11-07 19:30:00,30.0,2,LOW_CONSUMPTION,WARNING,1.4790507358557201,HVAC SOUTH,96.91452040688685,97.78232517585509,-9.297380447387695,-12.229377746582031,10.763379096984863,22.12171173095703,18.235002517700195,31.419092178344727
430,2020-11-07 20:00:00,2020-11-07 20:00:00,15.0,1,HIGH_CONSUMPTION,WARNING,1.2689687085714234,UNEXPLAINED LOAD,,,10.49233627319336,10.49233627319336,10.49233627319336,29.253620147705078,29.253620147705078,18.76128387451172
431,2020-11-07 23:15:00,2020-11-07 23:15:00,15.0,1,LOW_CONSUMPTION,WARNING,1.022991584123814,HVAC SOUTH,97.37480925700913,97.37480925700913,-8.458499908447266,-8.458499908447266,8.458499908447266,18.74585723876953,18.74585723876953,27.204357147216797
432,2020-11-07 23:45:00,2020-11-07 23:45:00,15.0,1,HIGH_CONSUMPTION,WARNING,1.021881093540262,HVAC NORTH,100.0,100.0,8.449317932128906,8.449317932128906,8.449317932128906,27.96858024597168,27.96858024597168,19.519262313842773
433,2020-11-08 00:45:00,2020-11-08 00:45:00,15.0,1,LOW_CONSUMPTION,HIGH,1.9711775329346732,HVAC SOUTH,95.33065683059192,95.33065683059192,-16.298477172851562,-16.298477172851562,16.298477172851562,12.738426208496094,12.738426208496094,29.036903381347656
434,2020-11-08 01:15:00,2020-11-08 01:15:00,15.0,1,HIGH_CONSUMPTION,HIGH,1.8039548135983654,UNEXPLAINED LOAD,,,14.915813446044922,14.915813446044922,14.915813446044922,29.27835464477539,29.27835464477539,14.362541198730469
435,2020-11-08 12:00:00,2020-11-08 12:00:00,15.0,1,LOW_CONSUMPTION,WARNING,1.0971806134272475,HVAC SOUTH,83.03335895372425,83.03335895372425,-9.071924209594727,-9.071924209594727,9.071924209594727,22.736595153808594,22.736595153808594,31.80851936340332
436,2020-11-08 14:30:00,2020-11-08 14:30:00,15.0,1,LOW_CONSUMPTION,WARNING,1.4450529766753148,HVAC SOUTH,99.12823208806832,99.12823208806832,-11.948270797729492,-11.948270797729492,11.948270797729492,19.079212188720703,19.079212188720703,31.027482986450195
437,2020-11-08 15:00:00,2020-11-08 15:00:00,15.0,1,HIGH_CONSUMPTION,WARNING,1.206063361630774,UNEXPLAINED LOAD,,,9.972209930419922,9.972209930419922,9.972209930419922,30.22484588623047,30.22484588623047,20.252635955810547
438,2020-11-08 16:00:00,2020-11-08 16:00:00,15.0,1,LOW_CONSUMPTION,WARNING,1.251972251114816,HVAC SOUTH,96.09201332693199,96.09201332693199,-10.351802825927734,-10.351802825927734,10.351802825927734,18.862316131591797,18.862316131591797,29.21411895751953
439,2020-11-08 17:30:00,2020-11-08 17:30:00,15.0,1,HIGH_CONSUMPTION,WARNING,1.0979627318991072,UNEXPLAINED LOAD,,,9.078391075134277,9.078391075134277,9.078391075134277,24.32582664489746,24.32582664489746,15.247435569763184
440,2020-11-08 19:00:00,2020-11-08 19:00:00,15.0,1,HIGH_CONSUMPTION,WARNING,1.342519217323284,HVAC NORTH,98.25865085271526,98.25865085271526,11.100481033325195,11.100481033325195,11.100481033325195,34.69011306762695,34.69011306762695,23.589632034301758
441,2020-11-08 20:15:00,2020-11-08 21:00:00,60.0,4,LOW_CONSUMPTION,HIGH,1.7324771898452165,HVAC SOUTH,98.53525749521894,98.95462177651588,-8.54231071472168,-14.324808120727539,10.745928049087524,30.29924964904785,13.755387306213379,38.84156036376953
442,2020-11-08 22:45:00,2020-11-08 23:00:00,30.0,2,HIGH_CONSUMPTION,HIGH,2.4020721006887857,UNEXPLAINED LOAD,,,19.861284255981445,12.617305755615234,16.23929500579834,32.90876770019531,32.771629333496094,20.291461944580078
443,2020-11-09 11:45:00,2020-11-09 11:45:00,15.0,1,LOW_CONSUMPTION,HIGH,1.6490196933302053,HVAC SOUTH,99.30179825125659,99.30179825125659,-13.634748458862305,-13.634748458862305,13.634748458862305,12.600343704223633,12.600343704223633,26.235092163085938
444,2020-11-09 12:15:00,2020-11-09 12:15:00,15.0,1,HIGH_CONSUMPTION,HIGH,1.7531428336794677,UNEXPLAINED LOAD,,,14.49567985534668,14.49567985534668,14.49567985534668,29.266887664794922,29.266887664794922,14.771207809448242
445,2020-11-09 21:00:00,2020-11-09 21:00:00,15.0,1,LOW_CONSUMPTION,WARNING,1.0057529133076863,HVAC SOUTH,41.73355611929714,41.73355611929714,-8.315963745117188,-8.315963745117188,8.315963745117188,34.06745910644531,34.06745910644531,42.3834228515625
446,2020-11-10 21:45:00,2020-11-10 21:45:00,15.0,1,LOW_CONSUMPTION,WARNING,1.1807527575990981,HVAC SOUTH,98.74732153545985,98.74732153545985,-9.762931823730469,-9.762931823730469,9.762931823730469,33.616363525390625,33.616363525390625,43.379295349121094
447,2020-11-11 14:15:00,2020-11-11 14:15:00,15.0,1,HIGH_CONSUMPTION,WARNING,1.09769433642882,HVAC SOUTH,98.77790438549776,98.77790438549776,9.076171875,9.076171875,9.076171875,44.859619140625,44.859619140625,35.783447265625
448,2020-11-11 15:30:00,2020-11-11 15:30:00,15.0,1,HIGH_CONSUMPTION,WARNING,1.0448479949693439,HVAC SOUTH,99.99019806118274,99.99019806118274,8.639217376708984,8.639217376708984,8.639217376708984,44.22553253173828,44.22553253173828,35.5863151550293
449,2020-11-11 19:15:00,2020-11-11 19:15:00,15.0,1,LOW_CONSUMPTION,HIGH,1.5184567733351233,LIGHTING,58.464464209954734,58.464464209954734,-12.55520248413086,-12.55520248413086,12.55520248413086,32.15476608276367,32.15476608276367,44.70996856689453
450,2020-11-12 02:00:00,2020-11-12 02:00:00,15.0,1,LOW_CONSUMPTION,WARNING,1.130044814085099,UNEXPLAINED LOAD,,,-9.343658447265625,-9.343658447265625,9.343658447265625,36.259185791015625,36.259185791015625,45.60284423828125
451,2020-11-12 18:30:00,2020-11-12 18:30:00,15.0,1,LOW_CONSUMPTION,WARNING,1.0464632120582575,LIGHTING,66.7720290614746,66.7720290614746,-8.652572631835938,-8.652572631835938,8.652572631835938,33.82403564453125,33.82403564453125,42.47660827636719
452,2020-11-12 19:00:00,2020-11-12 19:15:00,30.0,2,HIGH_CONSUMPTION,WARNING,1.4276581359121443,HVAC NORTH,85.57568025005159,88.77742469381519,11.804443359375,10.427871704101562,11.116157531738281,45.45719909667969,44.60688018798828,34.17900848388672
453,2020-11-12 21:45:00,2020-11-12 21:45:00,15.0,1,HIGH_CONSUMPTION,WARNING,1.1263520984096733,HVAC NORTH,57.96769211520625,57.96769211520625,9.313125610351562,9.313125610351562,9.313125610351562,51.40651321411133,51.40651321411133,42.093387603759766
454,2020-11-12 22:45:00,2020-11-12 22:45:00,15.0,1,LOW_CONSUMPTION,WARNING,1.285508882194573,HVAC SOUTH,68.226434956044,68.226434956044,-10.629096984863281,-10.629096984863281,10.629096984863281,38.49288558959961,38.49288558959961,49.12198257446289
455,2020-11-13 17:00:00,2020-11-13 17:00:00,15.0,1,HIGH_CONSUMPTION,WARNING,1.0179982980474604,HVAC NORTH,76.89053947681295,76.89053947681295,8.417213439941406,8.417213439941406,8.417213439941406,41.726497650146484,41.726497650146484,33.30928421020508
456,2020-11-13 19:15:00,2020-11-13 19:30:00,30.0,2,LOW_CONSUMPTION,CRITICAL,2.767103781042814,HVAC SOUTH,83.57545432472509,83.85295819730237,-18.7421817779541,-22.8795108795166,20.81084632873535,10.155546188354492,10.060354232788086,33.035057067871094
457,2020-11-13 20:30:00,2020-11-13 20:30:00,15.0,1,HIGH_CONSUMPTION,WARNING,1.1953936324645256,UNEXPLAINED LOAD,,,9.883988380432129,9.883988380432129,9.883988380432129,21.12565803527832,21.12565803527832,11.241669654846191
458,2020-11-14 10:30:00,2020-11-14 10:30:00,15.0,1,HIGH_CONSUMPTION,WARNING,1.060403052257417,UNEXPLAINED LOAD,,,8.76783275604248,8.76783275604248,8.76783275604248,17.92898941040039,17.92898941040039,9.16115665435791
459,2020-11-14 11:15:00,2020-11-14 11:30:00,30.0,2,HIGH_CONSUMPTION,WARNING,1.3077362254992537,UNEXPLAINED LOAD,,,10.812881469726562,10.664745330810547,10.738813400268555,28.505538940429688,27.672164916992188,17.692657470703125
460,2020-11-14 16:45:00,2020-11-14 17:00:00,30.0,2,LOW_CONSUMPTION,WARNING,1.2645344739967812,HVAC SOUTH,96.98196085572113,98.12325274848193,-8.43628215789795,-10.455672264099121,9.445977210998535,14.268963813781738,12.102036476135254,22.705245971679688
461,2020-11-14 19:15:00,2020-11-14 19:15:00,15.0,1,HIGH_CONSUMPTION,WARNING,1.3885111513877326,UNEXPLAINED LOAD,,,11.48076057434082,11.48076057434082,11.48076057434082,22.075843811035156,22.075843811035156,10.595083236694336
462,2020-11-14 19:45:00,2020-11-14 19:45:00,15.0,1,LOW_CONSUMPTION,WARNING,1.0742585791395243,HVAC SOUTH,96.92208087511577,96.92208087511577,-8.88239574432373,-8.88239574432373,8.88239574432373,9.846444129943848,9.846444129943848,18.728839874267578
463,2020-11-14 21:30:00,2020-11-14 21:30:00,15.0,1,LOW_CONSUMPTION,WARNING,1.001920982620384,HVAC SOUTH,96.50245513721295,96.50245513721295,-8.284279823303223,-8.284279823303223,8.284279823303223,8.927884101867676,8.927884101867676,17.2121639251709
464,2020-11-15 16:15:00,2020-11-15 16:45:00,45.0,3,LOW_CONSUMPTION,HIGH,2.3324639027123513,HVAC SOUTH,88.30399911130071,99.27930239065567,-8.760183334350586,-19.285736083984375,13.188132286071777,20.896018981933594,9.02587890625,29.65620231628418
465,2020-11-15 21:30:00,2020-11-15 22:00:00,45.0,3,HIGH_CONSUMPTION,HIGH,1.907787413255899,UNEXPLAINED LOAD,,,15.77434253692627,8.833154678344727,11.556621869405111,27.73615264892578,20.06610679626465,18.902997970581055
466,2020-11-15 23:00:00,2020-11-15 23:00:00,15.0,1,LOW_CONSUMPTION,WARNING,1.3191783846029812,HVAC SOUTH,98.22820356209591,98.22820356209591,-10.907489776611328,-10.907489776611328,10.907489776611328,9.456808090209961,9.456808090209961,20.36429786682129
467,2020-11-15 23:30:00,2020-11-15 23:30:00,15.0,1,HIGH_CONSUMPTION,HIGH,1.9829375682378472,UNEXPLAINED LOAD,,,16.395713806152344,16.395713806152344,16.395713806152344,26.698516845703125,26.698516845703125,10.302803993225098
468,2020-11-16 00:00:00,2020-11-16 00:15:00,30.0,2,LOW_CONSUMPTION,HIGH,1.5749496945920216,HVAC SOUTH,91.73348669658105,92.64312813263741,-8.98487663269043,-13.022308349609375,11.003592491149902,17.76144790649414,10.332664489746094,26.74632453918457
469,2020-11-16 08:30:00,2020-11-16 09:15:00,60.0,4,HIGH_CONSUMPTION,CRITICAL,3.7859253738332526,UNEXPLAINED LOAD,37.22456223775833,47.54880176248575,31.303531646728516,8.544710159301758,20.181344509124756,45.512306213378906,40.245662689208984,35.49459457397461
470,2020-11-16 11:15:00,2020-11-16 11:30:00,30.0,2,LOW_CONSUMPTION,CRITICAL,3.948688137842931,HVAC SOUTH,99.45500650588046,99.58734859678471,-28.19606590270996,-32.64931869506836,30.42269229888916,9.961004257202148,9.129730224609375,41.779048919677734
471,2020-11-16 15:00:00,2020-11-16 15:00:00,15.0,1,HIGH_CONSUMPTION,WARNING,1.2847677093144416,UNEXPLAINED LOAD,,,10.622968673706055,10.622968673706055,10.622968673706055,25.33576011657715,25.33576011657715,14.712791442871094
472,2020-11-16 15:30:00,2020-11-16 15:30:00,15.0,1,LOW_CONSUMPTION,WARNING,1.3902133346066836,HVAC SOUTH,98.24710880615154,98.24710880615154,-11.494834899902344,-11.494834899902344,11.494834899902344,10.994808197021484,10.994808197021484,22.489643096923828
473,2020-11-16 17:45:00,2020-11-16 17:45:00,15.0,1,HIGH_CONSUMPTION,WARNING,1.0175500879926533,HVAC NORTH,67.77931720768643,67.77931720768643,8.413507461547852,8.413507461547852,8.413507461547852,24.69292449951172,24.69292449951172,16.279417037963867
474,2020-11-16 19:15:00,2020-11-16 19:15:00,15.0,1,LOW_CONSUMPTION,HIGH,1.8566311443473977,HVAC SOUTH,96.47209606918287,96.47209606918287,-15.351362228393555,-15.351362228393555,15.351362228393555,15.147808074951172,15.147808074951172,30.499170303344727
475,2020-11-16 20:00:00,2020-11-16 20:45:00,60.0,3,HIGH_CONSUMPTION,HIGH,1.6210064495650656,UNEXPLAINED LOAD,31.674307939299357,31.674307939299357,13.40312385559082,9.11031723022461,11.077796936035156,39.79826354980469,25.149023056030273,29.07831382751465
476,2020-11-16 21:15:00,2020-11-16 21:15:00,15.0,1,LOW_CONSUMPTION,WARNING,1.165137608329925,HVAC SOUTH,59.75977275634203,59.75977275634203,-9.633819580078125,-9.633819580078125,9.633819580078125,30.167102813720703,30.167102813720703,39.80092239379883
477,2020-11-17 01:00:00,2020-11-17 01:15:00,30.0,2,LOW_CONSUMPTION,HIGH,2.206583543655267,HVAC SOUTH,99.8360532193366,99.87582312818884,-14.535974502563477,-18.24490737915039,16.390440940856934,16.349327087402344,14.216201782226562,32.46110916137695
478,2020-11-17 14:45:00,2020-11-17 14:45:00,15.0,1,LOW_CONSUMPTION,WARNING,1.0521630691062396,HVAC SOUTH,98.87961897923228,98.87961897923228,-8.699701309204102,-8.699701309204102,8.699701309204102,9.924388885498047,9.924388885498047,18.62409019470215
479,2020-11-17 15:15:00,2020-11-17 15:15:00,15.0,1,HIGH_CONSUMPTION,WARNING,1.271574924319859,UNEXPLAINED LOAD,,,10.513885498046875,10.513885498046875,10.513885498046875,22.502586364746094,22.502586364746094,11.988700866699219
480,2020-11-17 16:15:00,2020-11-17 16:15:00,15.0,1,LOW_CONSUMPTION,WARNING,1.0693226168915906,HVAC SOUTH,93.57896064818672,93.57896064818672,-8.841583251953125,-8.841583251953125,8.841583251953125,10.271427154541016,10.271427154541016,19.11301040649414
481,2020-11-17 21:15:00,2020-11-17 21:15:00,15.0,1,LOW_CONSUMPTION,WARNING,1.0863960059247695,HVAC SOUTH,91.81112411669132,91.81112411669132,-8.982752799987793,-8.982752799987793,8.982752799987793,11.94804859161377,11.94804859161377,20.930801391601562
482,2020-11-17 21:45:00,2020-11-17 21:45:00,15.0,1,HIGH_CONSUMPTION,WARNING,1.3048340480934233,UNEXPLAINED LOAD,,,10.788885116577148,10.788885116577148,10.788885116577148,23.9754638671875,23.9754638671875,13.186578750610352
483,2020-11-18 22:00:00,2020-11-18 22:00:00,15.0,1,LOW_CONSUMPTION,WARNING,1.0971051812667112,HVAC SOUTH,92.20999158356595,92.20999158356595,-9.071300506591797,-9.071300506591797,9.071300506591797,10.434158325195312,10.434158325195312,19.50545883178711
484,2020-11-18 22:15:00,2020-11-18 22:45:00,45.0,3,HIGH_CONSUMPTION,CRITICAL,3.6275000743941033,UNEXPLAINED LOAD,45.9139994345865,54.667240143982156,29.993608474731445,10.769466400146484,21.73772939046224,41.32184600830078,35.92405700683594,30.295753479003906
485,2020-11-19 01:00:00,2020-11-19 01:15:00,30.0,2,LOW_CONSUMPTION,CRITICAL,3.2964073299760255,HVAC SOUTH,98.62450401926583,99.66200767837844,-26.869970321655273,-27.25600242614746,27.062986373901367,12.006624221801758,11.063623428344727,39.26262664794922
486,2020-11-19 16:30:00,2020-11-19 17:15:00,60.0,3,HIGH_CONSUMPTION,CRITICAL,3.212858253743177,HVAC SOUTH,100.0,100.0,26.565185546875,12.979915618896484,18.984392166137695,39.324275970458984,25.14185905456543,21.916200637817383
487,2020-11-20 23:15:00,2020-11-20 23:15:00,15.0,1,HIGH_CONSUMPTION,WARNING,1.1428025377501054,HVAC SOUTH,40.28286497596555,40.28286497596555,9.44914436340332,9.44914436340332,9.44914436340332,41.438716888427734,41.438716888427734,31.989572525024414
488,2020-11-23 17:30:00,2020-11-23 17:30:00,15.0,1,LOW_CONSUMPTION,WARNING,1.153667306340615,UNEXPLAINED LOAD,,,-9.538978576660156,-9.538978576660156,9.538978576660156,35.79399108886719,35.79399108886719,45.332969665527344
489,2020-11-23 18:00:00,2020-11-23 18:00:00,15.0,1,HIGH_CONSUMPTION,WARNING,1.1081247357279238,HVAC SOUTH,79.74666393966923,79.74666393966923,9.16241455078125,9.16241455078125,9.16241455078125,45.42588806152344,45.42588806152344,36.26347351074219
490,2020-11-24 14:15:00,2020-11-24 14:15:00,15.0,1,HIGH_CONSUMPTION,HIGH,2.184927362520274,HVAC SOUTH,97.54259860911529,97.54259860911529,18.065845489501953,18.065845489501953,18.065845489501953,53.14020919799805,53.14020919799805,35.074363708496094
491,2020-11-24 14:45:00,2020-11-24 14:45:00,15.0,1,LOW_CONSUMPTION,HIGH,2.112413526947159,HVAC SOUTH,95.2611195958487,95.2611195958487,-17.466272354125977,-17.466272354125977,17.466272354125977,31.503393173217773,31.503393173217773,48.96966552734375
492,2020-11-24 15:45:00,2020-11-24 15:45:00,15.0,1,HIGH_CONSUMPTION,WARNING,1.0817862243343228,HVAC SOUTH,100.0,100.0,8.944637298583984,8.944637298583984,8.944637298583984,41.279747009277344,41.279747009277344,32.33510971069336
493,2020-11-24 16:45:00,2020-11-24 16:45:00,15.0,1,LOW_CONSUMPTION,WARNING,1.0451903231841322,UNEXPLAINED LOAD,,,-8.642047882080078,-8.642047882080078,8.642047882080078,36.70854187011719,36.70854187011719,45.350589752197266
494,2020-11-24 19:15:00,2020-11-24 19:15:00,15.0,1,LOW_CONSUMPTION,WARNING,1.0675463855884435,LIGHTING,82.1186978643993,82.1186978643993,-8.826896667480469,-8.826896667480469,8.826896667480469,32.95172119140625,32.95172119140625,41.77861785888672
495,2020-11-25 19:30:00,2020-11-25 19:30:00,15.0,1,HIGH_CONSUMPTION,HIGH,1.6411943563825873,HVAC SOUTH,92.27089856679757,92.27089856679757,13.570045471191406,13.570045471191406,13.570045471191406,47.53150939941406,47.53150939941406,33.961463928222656
496,2020-11-25 20:00:00,2020-11-25 20:00:00,15.0,1,LOW_CONSUMPTION,HIGH,1.576803434170215,LIGHTING,60.87486165431495,60.87486165431495,-13.037635803222656,-13.037635803222656,13.037635803222656,32.315460205078125,32.315460205078125,45.35309600830078
497,2020-11-26 07:15:00,2020-11-26 07:15:00,15.0,1,LOW_CONSUMPTION,WARNING,1.4935893044116741,HVAC SOUTH,95.97879915762068,95.97879915762068,-12.349588394165039,-12.349588394165039,12.349588394165039,16.55274772644043,16.55274772644043,28.90233612060547
498,2020-11-26 07:45:00,2020-11-26 07:45:00,15.0,1,HIGH_CONSUMPTION,HIGH,1.7902487669609906,UNEXPLAINED LOAD,,,14.802486419677734,14.802486419677734,14.802486419677734,32.10234069824219,32.10234069824219,17.299854278564453
499,2020-11-26 13:30:00,2020-11-26 13:45:00,30.0,2,HIGH_CONSUMPTION,WARNING,1.1177941237193545,UNEXPLAINED LOAD,,,9.242364883422852,8.98028564453125,9.11132526397705,33.04888916015625,30.460250854492188,23.8065242767334
500,2020-11-26 21:15:00,2020-11-26 21:15:00,15.0,1,LOW_CONSUMPTION,WARNING,1.4609666250751727,HVAC SOUTH,90.8413065748496,90.8413065748496,-12.079851150512695,-12.079851150512695,12.079851150512695,10.070100784301758,10.070100784301758,22.149951934814453
501,2020-11-26 22:45:00,2020-11-26 22:45:00,15.0,1,HIGH_CONSUMPTION,HIGH,1.726628083231892,UNEXPLAINED LOAD,,,14.276445388793945,14.276445388793945,14.276445388793945,25.14697265625,25.14697265625,10.870527267456055
502,2020-11-28 21:30:00,2020-11-28 21:30:00,15.0,1,LOW_CONSUMPTION,CRITICAL,2.581271693954885,HVAC SOUTH,98.41491305617159,98.41491305617159,-21.34297752380371,-21.34297752380371,21.34297752380371,8.99959945678711,8.99959945678711,30.34257698059082
503,2020-11-28 22:15:00,2020-11-28 22:15:00,15.0,1,LOW_CONSUMPTION,WARNING,1.3895979973338075,HVAC SOUTH,97.28730713806286,97.28730713806286,-11.489747047424316,-11.489747047424316,11.489747047424316,14.05568790435791,14.05568790435791,25.545434951782227
504,2020-11-28 22:30:00,2020-11-28 22:45:00,30.0,2,HIGH_CONSUMPTION,HIGH,2.069149838028466,UNEXPLAINED LOAD,,,17.108551025390625,13.537131309509277,15.322841167449951,27.964927673339844,27.305994033813477,14.427796363830566
505,2020-11-28 23:30:00,2020-11-28 23:30:00,15.0,1,LOW_CONSUMPTION,HIGH,2.1644010490375942,HVAC SOUTH,99.50312428826274,99.50312428826274,-17.89612579345703,-17.89612579345703,17.89612579345703,9.993907928466797,9.993907928466797,27.890033721923828
506,2020-11-29 00:00:00,2020-11-29 00:00:00,15.0,1,HIGH_CONSUMPTION,WARNING,1.358158357249019,UNEXPLAINED LOAD,,,11.229791641235352,11.229791641235352,11.229791641235352,22.28045654296875,22.28045654296875,11.050664901733398
507,2020-11-29 01:15:00,2020-11-29 01:30:00,30.0,2,HIGH_CONSUMPTION,WARNING,1.349283429076814,UNEXPLAINED LOAD,85.84313095244653,85.84313095244653,11.156410217285156,10.904680252075195,11.030545234680176,33.83082962036133,30.615467071533203,22.926149368286133
508,2020-11-30 18:30:00,2020-11-30 18:30:00,15.0,1,HIGH_CONSUMPTION,HIGH,1.5948051924085258,HVAC SOUTH,99.16150587833268,99.16150587833268,13.186481475830078,13.186481475830078,13.186481475830078,47.68464660644531,47.68464660644531,34.498165130615234
509,2020-11-30 20:30:00,2020-11-30 20:30:00,15.0,1,HIGH_CONSUMPTION,WARNING,1.399298873061976,HVAC SOUTH,70.3871185155131,70.3871185155131,11.569957733154297,11.569957733154297,11.569957733154297,46.8365592956543,46.8365592956543,35.2666015625
510,2020-12-02 13:00:00,2020-12-02 13:00:00,15.0,1,HIGH_CONSUMPTION,WARNING,1.074460308266096,HVAC NORTH,67.66520068388974,67.66520068388974,8.884063720703125,8.884063720703125,8.884063720703125,45.047767639160156,45.047767639160156,36.16370391845703
511,2020-12-02 16:45:00,2020-12-02 17:00:00,30.0,2,LOW_CONSUMPTION,WARNING,1.258688250875832,HVAC SOUTH,99.15528130033745,99.92838383935376,-9.750530242919922,-10.407333374023438,10.07893180847168,30.815261840820312,26.421329498291016,40.565792083740234
512,2020-12-02 17:45:00,2020-12-02 18:00:00,30.0,2,LOW_CONSUMPTION,WARNING,1.3890209528396749,HVAC SOUTH,99.99900602561974,100.0,-10.507635116577148,-11.484975814819336,10.996305465698242,25.287546157836914,22.3211612701416,35.79518127441406
513,2020-12-02 18:30:00,2020-12-02 18:30:00,15.0,1,HIGH_CONSUMPTION,WARNING,1.3264846929230563,LIGHTING,69.14493593298423,69.14493593298423,10.967901229858398,10.967901229858398,10.967901229858398,37.007049560546875,37.007049560546875,26.039148330688477
514,2020-12-04 14:15:00,2020-12-04 14:15:00,15.0,1,HIGH_CONSUMPTION,WARNING,1.075680140880517,HVAC NORTH,66.38672658288736,66.38672658288736,8.894149780273438,8.894149780273438,8.894149780273438,45.861141204833984,45.861141204833984,36.96699142456055
515,2020-12-04 18:30:00,2020-12-04 18:45:00,30.0,2,LOW_CONSUMPTION,CRITICAL,2.9157272825206615,HVAC SOUTH,97.72059145050605,97.88790052982391,-18.23577880859375,-24.108388900756836,21.172083854675293,16.222591400146484,12.645231246948242,36.75362014770508
516,2020-12-04 22:30:00,2020-12-04 22:30:00,15.0,1,HIGH_CONSUMPTION,WARNING,1.2183393113897256,UNEXPLAINED LOAD,,,10.073712348937988,10.073712348937988,10.073712348937988,22.885662078857422,22.885662078857422,12.811949729919434
517,2020-12-04 23:00:00,2020-12-04 23:00:00,15.0,1,LOW_CONSUMPTION,WARNING,1.2547924219974944,HVAC SOUTH,96.01729018271011,96.01729018271011,-10.375121116638184,-10.375121116638184,10.375121116638184,12.058497428894043,12.058497428894043,22.433618545532227
518,2020-12-06 06:30:00,2020-12-06 06:30:00,15.0,1,HIGH_CONSUMPTION,WARNING,1.1300245142987773,UNEXPLAINED LOAD,,,9.343490600585938,9.343490600585938,9.343490600585938,26.51885223388672,26.51885223388672,17.17536163330078
519,2020-12-06 12:15:00,2020-12-06 12:15:00,15.0,1,LOW_CONSUMPTION,WARNING,1.2752863250258764,HVAC SOUTH,99.28966166444768,99.28966166444768,-10.544572830200195,-10.544572830200195,10.544572830200195,12.622159957885742,12.622159957885742,23.166732788085938
520,2020-12-06 17:45:00,2020-12-06 18:15:00,45.0,3,LOW_CONSUMPTION,HIGH,1.6282057226481716,HVAC SOUTH,99.34702477400437,99.84810528931985,-8.292141914367676,-13.462650299072266,10.932339668273926,16.686786651611328,9.510489463806152,27.729013442993164
521,2020-12-07 15:00:00,2020-12-07 15:00:00,15.0,1,LOW_CONSUMPTION,WARNING,1.0084975366901336,HVAC SOUTH,100.0,100.0,-8.33865737915039,-8.33865737915039,8.33865737915039,11.97138786315918,11.97138786315918,20.31004524230957
522,2020-12-08 21:00:00,2020-12-08 21:15:00,30.0,2,HIGH_CONSUMPTION,HIGH,1.6162701316690966,UNEXPLAINED LOAD,,,13.21064567565918,8.91779899597168,11.06422233581543,30.569856643676758,28.635128021240234,19.717329025268555
523,2020-12-09 00:45:00,2020-12-09 01:00:00,30.0,2,LOW_CONSUMPTION,HIGH,2.173242315590373,HVAC SOUTH,99.00500092241909,99.98426196432953,-11.471610069274902,-17.58680534362793,14.529207706451416,14.84795093536377,14.288589477539062,31.875394821166992
524,2020-12-09 20:00:00,2020-12-09 20:00:00,15.0,1,LOW_CONSUMPTION,WARNING,1.1582629242150604,HVAC SOUTH,99.12443011621203,99.12443011621203,-9.37315845489502,-9.37315845489502,9.37315845489502,11.093022346496582,11.093022346496582,20.4661808013916
525,2020-12-10 19:45:00,2020-12-10 19:45:00,15.0,1,HIGH_CONSUMPTION,WARNING,1.0816973610943341,LIGHTING,63.27768999022354,63.27768999022354,8.753557205200195,8.753557205200195,8.753557205200195,20.551876068115234,20.551876068115234,11.798318862915039
526,2020-12-11 08:45:00,2020-12-11 09:00:00,30.0,2,HIGH_CONSUMPTION,HIGH,1.546136037546292,UNEXPLAINED LOAD,,,12.511993408203125,11.332837104797363,11.922415256500244,26.463977813720703,24.836713790893555,13.951984405517578
527,2020-12-11 18:30:00,2020-12-11 18:45:00,30.0,2,LOW_CONSUMPTION,HIGH,2.2457945737005076,HVAC SOUTH,93.39291964119295,97.41483249964334,-18.134201049804688,-18.17392921447754,18.154065132141113,15.58212661743164,15.488286972045898,33.71632766723633
528,2020-12-12 00:00:00,2020-12-12 00:30:00,45.0,3,HIGH_CONSUMPTION,HIGH,2.430694152689433,HVAC SOUTH,69.17990357188786,79.09030144523852,19.670215606689453,9.277159690856934,13.377628008524576,33.08271789550781,24.017818450927734,21.01061248779297
529,2020-12-12 07:15:00,2020-12-12 07:30:00,30.0,2,LOW_CONSUMPTION,WARNING,1.23224880016263,HVAC SOUTH,99.80899296974914,100.0,-9.935372352600098,-9.971883773803711,9.953628063201904,19.219074249267578,15.349848747253418,29.19095802307129
530,2020-12-12 20:15:00,2020-12-12 20:15:00,15.0,1,HIGH_CONSUMPTION,HIGH,1.7697315133712999,HVAC SOUTH,98.91145195080934,98.91145195080934,14.321423530578613,14.321423530578613,14.321423530578613,24.249069213867188,24.249069213867188,9.927645683288574
531,2020-12-13 01:15:00,2020-12-13 01:45:00,45.0,3,HIGH_CONSUMPTION,WARNING,1.4506665173928543,UNEXPLAINED LOAD,,,11.739413261413574,9.40139389038086,10.225379943847656,28.69268226623535,21.275081634521484,19.291288375854492
532,2020-12-13 17:00:00,2020-12-13 17:15:00,30.0,2,LOW_CONSUMPTION,HIGH,1.8380077838436633,HVAC SOUTH,99.88495745597426,100.0,-9.237550735473633,-14.873944282531738,12.055747509002686,15.795591354370117,11.988795280456543,26.86273956298828
533,2020-12-14 01:45:00,2020-12-14 01:45:00,15.0,1,HIGH_CONSUMPTION,WARNING,1.4124936288561993,UNEXPLAINED LOAD,,,11.430501937866211,11.430501937866211,11.430501937866211,22.305442810058594,22.305442810058594,10.874940872192383
534,2020-12-14 04:00:00,2020-12-14 04:00:00,15.0,1,HIGH_CONSUMPTION,WARNING,1.392853712645947,UNEXPLAINED LOAD,,,11.271567344665527,11.271567344665527,11.271567344665527,25.550682067871094,25.550682067871094,14.279114723205566
535,2020-12-14 19:45:00,2020-12-14 20:00:00,30.0,2,LOW_CONSUMPTION,HIGH,1.596455949387926,HVAC SOUTH,93.66764323426901,98.31092770268384,-9.46273422241211,-12.78184986114502,11.122292041778564,18.482807159423828,10.870535850524902,27.945541381835938
536,2020-12-15 01:15:00,2020-12-15 02:30:00,90.0,5,HIGH_CONSUMPTION,CRITICAL,2.707582532102154,UNEXPLAINED LOAD,52.96155070720328,95.17764288184856,21.677963256835938,8.591228485107422,13.266202163696288,43.04779815673828,20.929492950439453,33.83945846557617
537,2020-12-15 20:15:00,2020-12-15 20:30:00,30.0,2,HIGH_CONSUMPTION,WARNING,1.3321858671312754,HVAC NORTH,57.74082308785019,58.24123248317501,10.666000366210938,8.97113037109375,9.818565368652344,54.005863189697266,53.85945129394531,44.88832092285156
538,2020-12-15 21:30:00,2020-12-15 21:30:00,15.0,1,LOW_CONSUMPTION,WARNING,1.131559064711019,UNEXPLAINED LOAD,,,-9.059703826904297,-9.059703826904297,9.059703826904297,46.124088287353516,46.124088287353516,55.18379211425781
539,2020-12-16 00:00:00,2020-12-16 00:00:00,15.0,1,LOW_CONSUMPTION,WARNING,1.3057487222924136,UNEXPLAINED LOAD,,,-10.454334259033203,-10.454334259033203,10.454334259033203,33.196502685546875,33.196502685546875,43.65083694458008
540,2020-12-16 00:30:00,2020-12-16 00:30:00,15.0,1,HIGH_CONSUMPTION,WARNING,1.001493095727626,HVAC SOUTH,45.76614022654638,45.76614022654638,8.01834487915039,8.01834487915039,8.01834487915039,41.47306823730469,41.47306823730469,33.4547233581543
541,2020-12-16 12:30:00,2020-12-16 12:30:00,15.0,1,HIGH_CONSUMPTION,WARNING,1.1570350837751515,HVAC SOUTH,36.81906546991012,36.81906546991012,9.060462951660156,9.060462951660156,9.060462951660156,50.27843475341797,50.27843475341797,41.21797180175781
542,2020-12-17 03:30:00,2020-12-17 03:30:00,15.0,1,HIGH_CONSUMPTION,WARNING,1.0204398812930684,HVAC SOUTH,39.89726853447014,39.89726853447014,7.71929931640625,7.71929931640625,7.71929931640625,45.283233642578125,45.283233642578125,37.563934326171875
543,2020-12-17 18:30:00,2020-12-17 18:30:00,15.0,1,LOW_CONSUMPTION,HIGH,1.5820782648768168,UNEXPLAINED LOAD,,,-11.930591583251953,-11.930591583251953,11.930591583251953,34.99904251098633,34.99904251098633,46.92963409423828
544,2020-12-18 04:45:00,2020-12-18 04:45:00,15.0,1,HIGH_CONSUMPTION,WARNING,1.1155662304796858,HVAC SOUTH,40.59599397560443,40.59599397560443,8.409721374511719,8.409721374511719,8.409721374511719,49.81718063354492,49.81718063354492,41.4074592590332
545,2020-12-18 19:30:00,2020-12-18 19:45:00,30.0,2,LOW_CONSUMPTION,CRITICAL,3.35256262625598,HVAC SOUTH,95.0623470019848,100.0,-9.215618133544922,-25.266597747802734,17.241107940673828,33.213504791259766,17.169902801513672,42.436500549316406
546,2020-12-18 20:00:00,2020-12-18 20:00:00,15.0,1,HIGH_CONSUMPTION,HIGH,2.112090761061302,UNEXPLAINED LOAD,,,15.917778015136719,15.917778015136719,15.917778015136719,34.617942810058594,34.617942810058594,18.700164794921875
547,2020-12-18 21:45:00,2020-12-18 22:00:00,30.0,2,HIGH_CONSUMPTION,WARNING,1.2841678860971761,LIGHTING,54.7542903077039,58.29698777413071,9.67813491821289,8.542871475219727,9.110503196716309,42.6043586730957,40.300933837890625,32.92622375488281
548,2020-12-19 00:15:00,2020-12-19 00:15:00,15.0,1,HIGH_CONSUMPTION,WARNING,1.041975573596322,HVAC SOUTH,40.96660735615188,40.96660735615188,7.852851867675781,7.852851867675781,7.852851867675781,44.80482482910156,44.80482482910156,36.95197296142578
549,2020-12-19 11:30:00,2020-12-19 11:30:00,15.0,1,LOW_CONSUMPTION,WARNING,1.0638815396864525,HVAC SOUTH,86.57787329351477,86.57787329351477,-8.017946243286133,-8.017946243286133,8.017946243286133,23.575504302978516,23.575504302978516,31.59345054626465
550,2020-12-19 13:15:00,2020-12-19 13:15:00,15.0,1,LOW_CONSUMPTION,WARNING,1.3256848762102984,HVAC SOUTH,88.3695404313109,88.3695404313109,-9.99102783203125,-9.99102783203125,9.99102783203125,20.406461715698242,20.406461715698242,30.397489547729492
551,2020-12-19 13:45:00,2020-12-19 13:45:00,15.0,1,HIGH_CONSUMPTION,HIGH,1.576252917395752,LIGHTING,44.55518974237476,44.55518974237476,11.879434585571289,11.879434585571289,11.879434585571289,33.03533935546875,33.03533935546875,21.15590476989746
552,2020-12-19 14:00:00,2020-12-19 14:00:00,15.0,1,LOW_CONSUMPTION,WARNING,1.082549835522403,HVAC SOUTH,81.79251074394526,81.79251074394526,-8.158639907836914,-8.158639907836914,8.158639907836914,23.493730545043945,23.493730545043945,31.65237045288086
553,2020-12-19 14:30:00,2020-12-19 14:30:00,15.0,1,HIGH_CONSUMPTION,WARNING,1.0496110392078755,LIGHTING,57.7481502255666,57.7481502255666,7.910396575927734,7.910396575927734,7.910396575927734,31.889904022216797,31.889904022216797,23.979507446289062
554,2020-12-19 15:45:00,2020-12-19 15:45:00,15.0,1,HIGH_CONSUMPTION,WARNING,1.145266441559204,LIGHTING,52.68267315695934,52.68267315695934,8.631303787231445,8.631303787231445,8.631303787231445,33.253562927246094,33.253562927246094,24.62225914001465
555,2020-12-19 17:45:00,2020-12-19 17:45:00,15.0,1,LOW_CONSUMPTION,WARNING,1.2798017259138643,HVAC SOUTH,94.27641336314207,94.27641336314207,-9.64522933959961,-9.64522933959961,9.64522933959961,20.99233055114746,20.99233055114746,30.63755989074707
556,2020-12-19 18:15:00,2020-12-19 18:15:00,15.0,1,HIGH_CONSUMPTION,WARNING,1.2787772524370473,HVAC SOUTH,64.18728101190572,64.18728101190572,9.637508392333984,9.637508392333984,9.637508392333984,31.22295570373535,31.22295570373535,21.585447311401367
557,2020-12-19 20:30:00,2020-12-19 20:45:00,30.0,2,LOW_CONSUMPTION,WARNING,1.1069992696071012,HVAC NORTH,86.72267833052842,94.86865037301733,-7.669191360473633,-8.342903137207031,8.006047248840332,23.793413162231445,21.339214324951172,31.462604522705078
558,2020-12-19 21:15:00,2020-12-19 21:15:00,15.0,1,HIGH_CONSUMPTION,WARNING,1.4001677423469452,HVAC SOUTH,63.496801523575144,63.496801523575144,10.5523681640625,10.5523681640625,10.5523681640625,32.146018981933594,32.146018981933594,21.593650817871094
559,2020-12-19 23:30:00,2020-12-19 23:30:00,15.0,1,LOW_CONSUMPTION,CRITICAL,2.553111914110249,UNEXPLAINED LOAD,,,-19.241535186767578,-19.241535186767578,19.241535186767578,12.221689224243164,12.221689224243164,31.463224411010742
560,2020-12-20 00:00:00,2020-12-20 00:00:00,15.0,1,HIGH_CONSUMPTION,HIGH,2.195910812092634,HVAC SOUTH,57.882933379902646,57.882933379902646,16.549488067626953,16.549488067626953,16.549488067626953,29.345287322998047,29.345287322998047,12.79580020904541
561,2020-12-20 01:30:00,2020-12-20 01:30:00,15.0,1,HIGH_CONSUMPTION,WARNING,1.0281175957875108,LIGHTING,55.72449137939066,55.72449137939066,7.748411178588867,7.748411178588867,7.748411178588867,39.17494583129883,39.17494583129883,31.42653465270996
562,2020-12-21 15:00:00,2020-12-21 15:00:00,15.0,1,LOW_CONSUMPTION,WARNING,1.026534571677459,HVAC SOUTH,49.97846371558211,49.97846371558211,-7.736480712890625,-7.736480712890625,7.736480712890625,34.1595458984375,34.1595458984375,41.896026611328125
563,2020-12-21 17:30:00,2020-12-21 17:30:00,15.0,1,HIGH_CONSUMPTION,WARNING,1.01068509639111,HVAC SOUTH,80.11086814361809,80.11086814361809,7.617031097412109,7.617031097412109,7.617031097412109,43.9658088684082,43.9658088684082,36.348777770996094
564,2020-12-21 21:15:00,2020-12-21 21:15:00,15.0,1,HIGH_CONSUMPTION,WARNING,1.2952989119018612,HVAC SOUTH,98.78705141097069,98.78705141097069,9.76202392578125,9.76202392578125,9.76202392578125,42.90074157714844,42.90074157714844,33.13871765136719
565,2020-12-21 21:45:00,2020-12-21 21:45:00,15.0,1,LOW_CONSUMPTION,WARNING,1.0282297108443859,HVAC NORTH,98.59588583454797,98.59588583454797,-7.749256134033203,-7.749256134033203,7.749256134033203,34.542850494384766,34.542850494384766,42.29210662841797
566,2020-12-21 22:45:00,2020-12-21 22:45:00,15.0,1,HIGH_CONSUMPTION,WARNING,1.0871678116912469,LIGHTING,36.720670472792335,36.720670472792335,8.193443298339844,8.193443298339844,8.193443298339844,43.2291259765625,43.2291259765625,35.035682678222656
567,2020-12-22 01:15:00,2020-12-22 01:15:00,15.0,1,HIGH_CONSUMPTION,WARNING,1.0650267329874892,LIGHTING,44.91760384951498,44.91760384951498,8.02657699584961,8.02657699584961,8.02657699584961,43.23162078857422,43.23162078857422,35.20504379272461
568,2020-12-22 05:15:00,2020-12-22 05:30:00,30.0,2,HIGH_CONSUMPTION,WARNING,1.3699639966411037,HVAC NORTH,58.92062192083581,61.77639038471964,10.324737548828125,10.049152374267578,10.186944961547852,46.76360321044922,45.159820556640625,36.438865661621094
569,2020-12-22 14:00:00,2020-12-22 14:00:00,15.0,1,LOW_CONSUMPTION,WARNING,1.2974911029236469,HVAC SOUTH,96.38920109091235,96.38920109091235,-9.778545379638672,-9.778545379638672,9.778545379638672,21.92819595336914,21.92819595336914,31.706741333007812
570,2020-12-22 14:30:00,2020-12-22 14:30:00,15.0,1,HIGH_CONSUMPTION,HIGH,1.624010894647784,UNEXPLAINED LOAD,,,12.239362716674805,12.239362716674805,12.239362716674805,35.393707275390625,35.393707275390625,23.15434455871582
571,2020-12-22 22:30:00,2020-12-22 22:30:00,15.0,1,HIGH_CONSUMPTION,WARNING,1.189589345070911,HVAC SOUTH,61.787633992307256,61.787633992307256,8.965343475341797,8.965343475341797,8.965343475341797,41.330787658691406,41.330787658691406,32.36544418334961
572,2020-12-23 12:45:00,2020-12-23 13:00:00,30.0,2,LOW_CONSUMPTION,HIGH,1.9874852516818524,HVAC SOUTH,99.64922308432745,100.0,-14.392080307006836,-14.97868824005127,14.685384273529053,17.444726943969727,13.32482624053955,31.836807250976562
573,2020-12-23 13:30:00,2020-12-23 13:30:00,15.0,1,HIGH_CONSUMPTION,HIGH,1.5288697536860039,UNEXPLAINED LOAD,,,11.522331237792969,11.522331237792969,11.522331237792969,26.779193878173828,26.779193878173828,15.25686264038086
574,2020-12-23 14:00:00,2020-12-23 14:15:00,30.0,2,LOW_CONSUMPTION,HIGH,2.1466034705557515,HVAC SOUTH,97.99987105639943,98.20632743898881,-12.475152015686035,-16.17788314819336,14.326517581939697,10.206356048583984,9.556363105773926,26.384239196777344
575,2020-12-23 16:45:00,2020-12-23 17:15:00,45.0,3,HIGH_CONSUMPTION,CRITICAL,2.7484545584767335,LIGHTING,94.47229624515535,98.84194717608901,20.713735580444336,7.583700180053711,12.724345525105795,33.973838806152344,24.11956787109375,22.058792114257812
576,2020-12-23 22:45:00,2020-12-23 23:15:00,45.0,3,LOW_CONSUMPTION,CRITICAL,2.7568459782076675,HVAC SOUTH,93.53630117125216,95.95014656482597,-7.960363388061523,-20.7769775390625,12.452950477600098,21.6142578125,8.982381820678711,29.75935935974121
577,2020-12-24 03:15:00,2020-12-24 03:45:00,45.0,3,HIGH_CONSUMPTION,CRITICAL,3.0727543202259104,UNEXPLAINED LOAD,,,23.157821655273438,9.571340560913086,17.70125897725423,33.73488235473633,30.023700714111328,24.163541793823242
578,2020-12-25 22:30:00,2020-12-25 23:00:00,45.0,3,LOW_CONSUMPTION,HIGH,1.8735391509321746,HVAC SOUTH,92.69455659011875,96.18294846658821,-10.249404907226562,-14.119933128356934,12.77319622039795,19.630056381225586,9.826144218444824,33.58030700683594
579,2020-12-25 23:30:00,2020-12-25 23:30:00,15.0,1,HIGH_CONSUMPTION,WARNING,1.344427831057035,UNEXPLAINED LOAD,,,10.132284164428711,10.132284164428711,10.132284164428711,21.251008987426758,21.251008987426758,11.118724822998047
580,2020-12-26 00:00:00,2020-12-26 00:00:00,15.0,1,LOW_CONSUMPTION,WARNING,1.4160815003069878,HVAC SOUTH,93.49822068332406,93.49822068332406,-10.67230224609375,-10.67230224609375,10.67230224609375,9.957992553710938,9.957992553710938,20.630294799804688
581,2020-12-26 01:00:00,2020-12-26 01:30:00,45.0,3,HIGH_CONSUMPTION,HIGH,2.339508688031123,HVAC SOUTH,98.88830400716245,99.37705739462932,17.6317138671875,12.680758476257324,14.786430676778158,34.91775894165039,23.316883087158203,20.870939254760742
582,2020-12-26 02:45:00,2020-12-26 03:00:00,30.0,2,LOW_CONSUMPTION,HIGH,1.6921038352460382,HVAC SOUTH,95.96126482654128,96.31503342506156,-9.449170112609863,-12.752545356750488,11.100857734680176,14.703953742980957,14.15383243560791,27.456499099731445
583,2020-12-26 03:15:00,2020-12-26 03:30:00,30.0,2,HIGH_CONSUMPTION,HIGH,1.7878708464914568,UNEXPLAINED LOAD,,,13.47429370880127,9.309130668640137,11.391712188720703,28.71891975402832,25.26904296875,15.959912300109863
584,2020-12-26 04:15:00,2020-12-26 04:15:00,15.0,1,HIGH_CONSUMPTION,HIGH,1.6927389430005026,HVAC SOUTH,98.71508944578014,98.71508944578014,12.757331848144531,12.757331848144531,12.757331848144531,31.876964569091797,31.876964569091797,19.119632720947266
585,2020-12-26 10:00:00,2020-12-26 10:00:00,15.0,1,LOW_CONSUMPTION,HIGH,1.5995756331210655,HVAC SOUTH,93.93797011657529,93.93797011657529,-12.055206298828125,-12.055206298828125,12.055206298828125,13.575996398925781,13.575996398925781,25.631202697753906
586,2020-12-26 11:15:00,2020-12-26 11:30:00,30.0,2,HIGH_CONSUMPTION,HIGH,1.8106774027167782,UNEXPLAINED LOAD,,,13.646175384521484,8.455528259277344,11.050851821899414,24.41250991821289,24.35431671142578,15.898788452148438
587,2020-12-26 17:15:00,2020-12-26 17:15:00,15.0,1,HIGH_CONSUMPTION,WARNING,1.0699868751989852,HVAC NORTH,85.75079404239388,85.75079404239388,8.063959121704102,8.063959121704102,8.063959121704102,36.05906677246094,36.05906677246094,27.995107650756836
588,2020-12-26 18:45:00,2020-12-26 19:00:00,30.0,2,LOW_CONSUMPTION,WARNING,1.127685889548194,UNEXPLAINED LOAD,,,-7.860837936401367,-8.498807907104492,8.17982292175293,29.44658088684082,29.307619094848633,37.806427001953125
589,2020-12-28 04:30:00,2020-12-28 04:30:00,15.0,1,LOW_CONSUMPTION,WARNING,1.3777677613786659,HVAC SOUTH,93.09505555316537,93.09505555316537,-10.383550643920898,-10.383550643920898,10.383550643920898,22.095190048217773,22.095190048217773,32.47874069213867
590,2020-12-28 05:15:00,2020-12-28 05:30:00,30.0,2,LOW_CONSUMPTION,HIGH,1.5910003497584844,HVAC SOUTH,97.53431290937459,98.11652951711808,-11.741515159606934,-11.990578651428223,11.866046905517578,15.099913597106934,9.387736320495605,26.841428756713867
591,2020-12-28 10:00:00,2020-12-28 10:15:00,30.0,2,HIGH_CONSUMPTION,HIGH,2.062384310168456,UNEXPLAINED LOAD,,,15.54316520690918,14.479853630065918,15.011509418487549,25.705345153808594,24.4447021484375,10.162179946899414
592,2020-12-28 11:00:00,2020-12-28 11:30:00,45.0,3,LOW_CONSUMPTION,WARNING,1.367620842568695,HVAC SOUTH,98.84249409256789,99.73415881863382,-7.847476005554199,-10.30707836151123,9.072946548461914,16.625900268554688,9.546307563781738,25.690185546875
593,2020-12-28 12:00:00,2020-12-28 12:15:00,30.0,2,HIGH_CONSUMPTION,HIGH,2.2038479507240405,UNEXPLAINED LOAD,,,16.60930633544922,16.288076400756836,16.448691368103027,27.701684951782227,27.701210021972656,11.41360855102539
594,2020-12-28 13:00:00,2020-12-28 13:00:00,15.0,1,LOW_CONSUMPTION,HIGH,1.7601284438683187,HVAC SOUTH,100.0,100.0,-13.265213012695312,-13.265213012695312,13.265213012695312,14.584598541259766,14.584598541259766,27.849811553955078
595,2020-12-28 13:30:00,2020-12-28 13:30:00,15.0,1,HIGH_CONSUMPTION,WARNING,1.2615291228350785,UNEXPLAINED LOAD,,,9.50751781463623,9.50751781463623,9.50751781463623,25.348552703857422,25.348552703857422,15.841034889221191
596,2020-12-28 14:15:00,2020-12-28 14:15:00,15.0,1,HIGH_CONSUMPTION,WARNING,1.016737790974004,UNEXPLAINED LOAD,,,7.662647247314453,7.662647247314453,7.662647247314453,31.74662208557129,31.74662208557129,24.083974838256836
597,2020-12-28 14:45:00,2020-12-28 14:45:00,15.0,1,LOW_CONSUMPTION,HIGH,1.6294589777840092,HVAC SOUTH,96.74202737587359,96.74202737587359,-12.28042221069336,-12.28042221069336,12.28042221069336,17.15618133544922,17.15618133544922,29.436603546142578
598,2020-12-28 16:15:00,2020-12-28 16:30:00,30.0,2,HIGH_CONSUMPTION,HIGH,1.500983980454018,HVAC NORTH,95.9566158256521,98.98230994888743,11.312170028686523,10.883659362792969,11.097914695739746,36.516990661621094,29.057628631591797,25.633331298828125
599,2020-12-31 13:45:00,2020-12-31 13:45:00,15.0,1,LOW_CONSUMPTION,WARNING,1.3781985059086912,HVAC SOUTH,94.84351201026027,94.84351201026027,-10.386796951293945,-10.386796951293945,10.386796951293945,21.429494857788086,21.429494857788086,31.81629180908203
600,2020-12-31 14:15:00,2020-12-31 14:15:00,15.0,1,HIGH_CONSUMPTION,WARNING,1.039795530481376,UNEXPLAINED LOAD,,,7.836421966552734,7.836421966552734,7.836421966552734,30.156726837158203,30.156726837158203,22.32030487060547
601,2020-12-31 15:15:00,2020-12-31 15:15:00,15.0,1,LOW_CONSUMPTION,HIGH,1.8177030687131166,HVAC SOUTH,97.27882218648108,97.27882218648108,-13.699124336242676,-13.699124336242676,13.699124336242676,15.95668888092041,15.95668888092041,29.655813217163086
602,2020-12-31 15:45:00,2020-12-31 15:45:00,15.0,1,HIGH_CONSUMPTION,HIGH,1.6152803458509077,UNEXPLAINED LOAD,,,12.173564910888672,12.173564910888672,12.173564910888672,29.325923919677734,29.325923919677734,17.152359008789062
