forecast_time,alarm_time,forecast_kw,observed_kw,residual_kw,adaptive_threshold_kw,anomaly_score,severity,severity_level,root_cause,root_cause_confidence,title,recommendation,action,indoor_temp,outdoor_temp,humidity
2020-08-16 10:15:00,2020-08-16 10:45:00,65.16702270507812,43.96923828125,-21.197784423828125,8.268396377563477,2.563711686748461,CRITICAL,3,UNEXPLAINED LOAD,,Unexplained energy deviation,"The observed reduction cannot be explained by the monitored HVAC, MELS or lighting subsystems. Verify meter and sensor consistency and check for unexpected shutdowns.",Inspect metering and unmonitored loads.,25.050561904907227,25.594499588012695,42.18000030517578
2020-08-16 10:30:00,2020-08-16 11:00:00,64.57172393798828,53.36362075805664,-11.20810317993164,8.268396377563477,1.355535301905112,WARNING,1,UNEXPLAINED LOAD,,Unexplained energy deviation,"The observed reduction cannot be explained by the monitored HVAC, MELS or lighting subsystems. Verify meter and sensor consistency and check for unexpected shutdowns.",Inspect metering and unmonitored loads.,25.0895938873291,22.844499588012695,49.52000045776367
2020-08-16 10:45:00,2020-08-16 11:15:00,44.33285140991211,55.661502838134766,11.328651428222656,8.268396377563477,1.3701147007130992,WARNING,1,HVAC SOUTH,96.79173004707069,Unexpected HVAC consumption — South zone,"Inspect the South HVAC operating state, schedule and temperature setpoint.",Review HVAC South operation.,25.066062927246094,22.780500411987305,56.86000061035156
2020-08-16 12:15:00,2020-08-16 12:45:00,62.639400482177734,52.570655822753906,-10.068744659423828,8.268396377563477,1.217738506918421,WARNING,1,UNEXPLAINED LOAD,,Unexplained energy deviation,"The observed reduction cannot be explained by the monitored HVAC, MELS or lighting subsystems. Verify meter and sensor consistency and check for unexpected shutdowns.",Inspect metering and unmonitored loads.,24.917749404907227,28.805500030517578,33.72999954223633
2020-08-16 14:00:00,2020-08-16 14:30:00,58.91173553466797,48.79056930541992,-10.121166229248047,8.268396377563477,1.224078499273706,WARNING,1,UNEXPLAINED LOAD,,Unexplained energy deviation,"The observed reduction cannot be explained by the monitored HVAC, MELS or lighting subsystems. Verify meter and sensor consistency and check for unexpected shutdowns.",Inspect metering and unmonitored loads.,24.898157119750977,29.16699981689453,37.66999816894531
2020-08-16 14:30:00,2020-08-16 15:00:00,49.859169006347656,60.782772064208984,10.923603057861328,8.268396377563477,1.3211271640898625,WARNING,1,HVAC SOUTH,95.80910445454543,Unexpected HVAC consumption — South zone,"Inspect the South HVAC operating state, schedule and temperature setpoint. A large indoor–outdoor temperature difference is also present.",Review HVAC South operation.,24.978281021118164,33.611000061035156,24.309999465942383
2020-08-16 15:30:00,2020-08-16 16:00:00,56.84522247314453,66.50540161132812,9.660179138183594,8.268396377563477,1.168325597499989,WARNING,1,HVAC SOUTH,98.01510990736101,Unexpected HVAC consumption — South zone,"Inspect the South HVAC operating state, schedule and temperature setpoint.",Review HVAC South operation.,24.90399932861328,27.236000061035156,47.959999084472656
2020-08-16 18:15:00,2020-08-16 18:45:00,73.19355773925781,64.83401489257812,-8.359542846679688,8.268396377563477,1.0110234760108427,WARNING,1,UNEXPLAINED LOAD,,Unexplained energy deviation,"The observed reduction cannot be explained by the monitored HVAC, MELS or lighting subsystems. Verify meter and sensor consistency and check for unexpected shutdowns.",Inspect metering and unmonitored loads.,24.94499969482422,29.777999877929688,39.720001220703125
2020-08-16 18:45:00,2020-08-16 19:15:00,65.76117706298828,74.67668151855469,8.915504455566406,8.268396377563477,1.078262827331171,WARNING,1,HVAC SOUTH,96.74513985159717,Unexpected HVAC consumption — South zone,"Inspect the South HVAC operating state, schedule and temperature setpoint.",Review HVAC South operation.,24.9763126373291,29.25,44.880001068115234
2020-08-16 20:00:00,2020-08-16 20:30:00,77.04441833496094,66.72273254394531,-10.321685791015625,8.268396377563477,1.2483298235464142,WARNING,1,UNEXPLAINED LOAD,,Unexplained energy deviation,"The observed reduction cannot be explained by the monitored HVAC, MELS or lighting subsystems. Verify meter and sensor consistency and check for unexpected shutdowns.",Inspect metering and unmonitored loads.,25.02121925354004,27.291500091552734,50.470001220703125
2020-08-16 22:30:00,2020-08-16 23:00:00,77.54547882080078,67.98875427246094,-9.556724548339844,8.268396377563477,1.155813547385353,WARNING,1,UNEXPLAINED LOAD,,Unexplained energy deviation,"The observed reduction cannot be explained by the monitored HVAC, MELS or lighting subsystems. Verify meter and sensor consistency and check for unexpected shutdowns.",Inspect metering and unmonitored loads.,25.136499404907227,27.952999114990234,41.220001220703125
2020-08-16 23:45:00,2020-08-17 00:15:00,70.61141204833984,80.12531280517578,9.513900756835938,8.268396377563477,1.150634333720644,WARNING,1,HVAC SOUTH,99.74740087168331,Unexpected HVAC consumption — South zone,"Inspect the South HVAC operating state, schedule and temperature setpoint.",Review HVAC South operation.,25.179500579833984,32.27750015258789,32.220001220703125
2020-08-17 02:15:00,2020-08-17 02:45:00,66.2025375366211,56.76374435424805,-9.438793182373047,8.268396377563477,1.1415506407004719,WARNING,1,UNEXPLAINED LOAD,,Unexplained energy deviation,"The observed reduction cannot be explained by the monitored HVAC, MELS or lighting subsystems. Verify meter and sensor consistency and check for unexpected shutdowns.",Inspect metering and unmonitored loads.,25.29656219482422,23.627500534057617,55.29999923706055
2020-08-17 02:30:00,2020-08-17 03:00:00,60.27133560180664,46.60033416748047,-13.671001434326172,8.268396377563477,1.6534042164962983,HIGH,2,UNEXPLAINED LOAD,,Unexplained energy deviation,"The observed reduction cannot be explained by the monitored HVAC, MELS or lighting subsystems. Verify meter and sensor consistency and check for unexpected shutdowns.",Inspect metering and unmonitored loads.,25.259531021118164,25.299999237060547,53.59000015258789
2020-08-17 02:45:00,2020-08-17 03:15:00,55.54764938354492,45.27920150756836,-10.268447875976562,8.268396377563477,1.241891100412201,WARNING,1,UNEXPLAINED LOAD,,Unexplained energy deviation,"The observed reduction cannot be explained by the monitored HVAC, MELS or lighting subsystems. Verify meter and sensor consistency and check for unexpected shutdowns.",Inspect metering and unmonitored loads.,25.347436904907227,25.816499710083008,52.86000061035156
2020-08-17 04:00:00,2020-08-17 04:30:00,49.218074798583984,62.103973388671875,12.88589859008789,8.268396377563477,1.5584519659766354,HIGH,2,HVAC SOUTH,96.67406467681818,Unexpected HVAC consumption — South zone,"Inspect the South HVAC operating state, schedule and temperature setpoint.",Review HVAC South operation.,25.2419376373291,26.147499084472656,44.939998626708984
2020-08-17 04:15:00,2020-08-17 04:45:00,50.303985595703125,67.67899322509766,17.37500762939453,8.268396377563477,2.101375748814135,HIGH,2,HVAC SOUTH,97.39148207921151,Unexpected HVAC consumption — South zone,"Inspect the South HVAC operating state, schedule and temperature setpoint.",Review HVAC South operation.,25.18343734741211,27.555500030517578,36.04999923706055
2020-08-17 05:00:00,2020-08-17 05:30:00,66.06221771240234,54.47130584716797,-11.590911865234375,8.268396377563477,1.4018331168407259,WARNING,1,UNEXPLAINED LOAD,,Unexplained energy deviation,"The observed reduction cannot be explained by the monitored HVAC, MELS or lighting subsystems. Verify meter and sensor consistency and check for unexpected shutdowns.",Inspect metering and unmonitored loads.,25.15403175354004,25.924999237060547,40.04999923706055
2020-08-17 05:45:00,2020-08-17 06:15:00,56.052982330322266,42.29154968261719,-13.761432647705078,8.268396377563477,1.664341187735884,HIGH,2,UNEXPLAINED LOAD,,Unexplained energy deviation,"The observed reduction cannot be explained by the monitored HVAC, MELS or lighting subsystems. Verify meter and sensor consistency and check for unexpected shutdowns.",Inspect metering and unmonitored loads.,25.113187789916992,24.03350067138672,50.29999923706055
2020-08-17 06:00:00,2020-08-17 06:30:00,54.71183395385742,44.60980987548828,-10.10202407836914,8.268396377563477,1.2217634009154743,WARNING,1,UNEXPLAINED LOAD,,Unexplained energy deviation,"The observed reduction cannot be explained by the monitored HVAC, MELS or lighting subsystems. Verify meter and sensor consistency and check for unexpected shutdowns.",Inspect metering and unmonitored loads.,25.066125869750977,21.56100082397461,59.2400016784668
2020-08-17 06:45:00,2020-08-17 07:15:00,46.301902770996094,57.29121017456055,10.989307403564453,8.268396377563477,1.3290736077172405,WARNING,1,HVAC SOUTH,93.8451526509487,Unexpected HVAC consumption — South zone,"Inspect the South HVAC operating state, schedule and temperature setpoint.",Review HVAC South operation.,25.050561904907227,23.507999420166016,53.7400016784668
2020-08-17 07:00:00,2020-08-17 07:30:00,47.96257400512695,58.12139892578125,10.158824920654297,8.268396377563477,1.228633033150243,WARNING,1,HVAC SOUTH,93.91685891775357,Unexpected HVAC consumption — South zone,"Inspect the South HVAC operating state, schedule and temperature setpoint.",Review HVAC South operation.,25.034969329833984,25.40250015258789,42.66999816894531
2020-08-17 07:15:00,2020-08-17 07:45:00,56.18339538574219,44.29365921020508,-11.88973617553711,8.268396377563477,1.4379736568750185,WARNING,1,UNEXPLAINED LOAD,,Unexplained energy deviation,"The observed reduction cannot be explained by the monitored HVAC, MELS or lighting subsystems. Verify meter and sensor consistency and check for unexpected shutdowns.",Inspect metering and unmonitored loads.,25.0388126373291,25.236000061035156,43.11000061035156
2020-08-17 07:30:00,2020-08-17 08:00:00,57.376197814941406,45.759117126464844,-11.617080688476562,8.268396377563477,1.404998038071788,WARNING,1,UNEXPLAINED LOAD,,Unexplained energy deviation,"The observed reduction cannot be explained by the monitored HVAC, MELS or lighting subsystems. Verify meter and sensor consistency and check for unexpected shutdowns.",Inspect metering and unmonitored loads.,25.021249771118164,24.86400032043457,45.13999938964844
2020-08-17 07:45:00,2020-08-17 08:15:00,44.14231491088867,55.731693267822266,11.589378356933594,8.268396377563477,1.4016476506111504,WARNING,1,HVAC SOUTH,94.56290899766154,Unexpected HVAC consumption — South zone,"Inspect the South HVAC operating state, schedule and temperature setpoint.",Review HVAC South operation.,24.9997501373291,24.319000244140625,47.060001373291016
2020-08-17 08:00:00,2020-08-17 08:30:00,45.508583068847656,54.78212356567383,9.273540496826172,8.268396377563477,1.1215645783492167,WARNING,1,HVAC SOUTH,95.12417933362377,Unexpected HVAC consumption — South zone,"Inspect the South HVAC operating state, schedule and temperature setpoint.",Review HVAC South operation.,25.003719329833984,23.50550079345703,50.7599983215332
2020-08-17 14:00:00,2020-08-17 14:30:00,61.830604553222656,50.5440673828125,-11.286537170410156,8.268396377563477,1.3650212997814775,WARNING,1,UNEXPLAINED LOAD,,Unexplained energy deviation,"The observed reduction cannot be explained by the monitored HVAC, MELS or lighting subsystems. Verify meter and sensor consistency and check for unexpected shutdowns.",Inspect metering and unmonitored loads.,24.9177188873291,27.405500411987305,37.22999954223633
2020-08-17 14:15:00,2020-08-17 14:45:00,65.20463562011719,56.24483871459961,-8.959796905517578,8.268396377563477,1.0836196641261946,WARNING,1,UNEXPLAINED LOAD,,Unexplained energy deviation,"The observed reduction cannot be explained by the monitored HVAC, MELS or lighting subsystems. Verify meter and sensor consistency and check for unexpected shutdowns.",Inspect metering and unmonitored loads.,24.878686904907227,24.10300064086914,47.060001373291016
2020-08-17 17:30:00,2020-08-17 18:00:00,61.25358581542969,49.00225067138672,-12.251335144042969,8.268396377563477,1.4817063169936202,WARNING,1,UNEXPLAINED LOAD,,Unexplained energy deviation,"The observed reduction cannot be explained by the monitored HVAC, MELS or lighting subsystems. Verify meter and sensor consistency and check for unexpected shutdowns.",Inspect metering and unmonitored loads.,25.0817813873291,24.683500289916992,50.209999084472656
2020-08-17 17:45:00,2020-08-17 18:15:00,61.38304901123047,52.305397033691406,-9.077651977539062,8.268396377563477,1.0978733436354748,WARNING,1,UNEXPLAINED LOAD,,Unexplained energy deviation,"The observed reduction cannot be explained by the monitored HVAC, MELS or lighting subsystems. Verify meter and sensor consistency and check for unexpected shutdowns.",Inspect metering and unmonitored loads.,25.14437484741211,20.405500411987305,60.310001373291016
2020-08-17 18:00:00,2020-08-17 18:30:00,49.98356628417969,65.9024887084961,15.918922424316406,8.268396377563477,1.9252732570384319,HIGH,2,HVAC SOUTH,97.32291092090111,Unexpected HVAC consumption — South zone,"Inspect the South HVAC operating state, schedule and temperature setpoint.",Review HVAC South operation.,25.134437561035156,23.31399917602539,58.189998626708984
2020-08-17 18:15:00,2020-08-17 18:45:00,52.93231964111328,64.22859954833984,11.296279907226562,8.268396377563477,1.366199610105695,WARNING,1,HVAC SOUTH,98.30356712759203,Unexpected HVAC consumption — South zone,"Inspect the South HVAC operating state, schedule and temperature setpoint.",Review HVAC South operation.,25.183250427246094,27.888999938964844,39.54999923706055
2020-08-17 19:15:00,2020-08-17 19:45:00,62.69828796386719,72.25753021240234,9.559242248535156,8.268396377563477,1.1561180441801782,WARNING,1,HVAC SOUTH,100.0,Unexpected HVAC consumption — South zone,"Inspect the South HVAC operating state, schedule and temperature setpoint.",Review HVAC South operation.,25.2341251373291,30.08300018310547,32.560001373291016
2020-08-18 02:30:00,2020-08-18 03:00:00,42.971439361572266,55.76708984375,12.795650482177734,8.268396377563477,1.5475371399584916,HIGH,2,HVAC SOUTH,92.50074072770904,Unexpected HVAC consumption — South zone,"Inspect the South HVAC operating state, schedule and temperature setpoint.",Review HVAC South operation.,25.21262550354004,27.263999938964844,52.25
2020-08-18 02:45:00,2020-08-18 03:15:00,46.24696350097656,65.55257415771484,19.30561065673828,8.268396377563477,2.3348675819563502,HIGH,2,HVAC SOUTH,93.75616505214171,Unexpected HVAC consumption — South zone,"Inspect the South HVAC operating state, schedule and temperature setpoint.",Review HVAC South operation.,25.230188369750977,28.75,41.060001373291016
2020-08-18 03:00:00,2020-08-18 03:30:00,54.5814094543457,66.69429016113281,12.11288070678711,8.268396377563477,1.4649613000721335,WARNING,1,HVAC SOUTH,97.87710461418105,Unexpected HVAC consumption — South zone,"Inspect the South HVAC operating state, schedule and temperature setpoint.",Review HVAC South operation.,25.189218521118164,29.25,37.68000030517578
2020-08-18 04:00:00,2020-08-18 04:30:00,65.53052520751953,55.500770568847656,-10.029754638671875,8.268396377563477,1.2130229588276504,WARNING,1,UNEXPLAINED LOAD,,Unexplained energy deviation,"The observed reduction cannot be explained by the monitored HVAC, MELS or lighting subsystems. Verify meter and sensor consistency and check for unexpected shutdowns.",Inspect metering and unmonitored loads.,25.1247501373291,29.333499908447266,35.470001220703125
2020-08-18 05:00:00,2020-08-18 05:30:00,48.72478103637695,62.611045837402344,13.88626480102539,8.268396377563477,1.6794386924538542,HIGH,2,HVAC SOUTH,94.77587498839381,Unexpected HVAC consumption — South zone,"Inspect the South HVAC operating state, schedule and temperature setpoint.",Review HVAC South operation.,25.075969696044922,28.83300018310547,40.27000045776367
2020-08-18 05:15:00,2020-08-18 05:45:00,47.376976013183594,68.09371948242188,20.71674346923828,8.268396377563477,2.5055334218680834,CRITICAL,3,HVAC SOUTH,94.53176786042589,Unexpected HVAC consumption — South zone,"Inspect the South HVAC operating state, schedule and temperature setpoint.",Review HVAC South operation.,25.0622501373291,28.888999938964844,40.61000061035156
2020-08-18 10:00:00,2020-08-18 10:30:00,57.38349533081055,41.2581787109375,-16.125316619873047,8.268396377563477,1.950235073832399,HIGH,2,UNEXPLAINED LOAD,,Unexplained energy deviation,"The observed reduction cannot be explained by the monitored HVAC, MELS or lighting subsystems. Verify meter and sensor consistency and check for unexpected shutdowns.",Inspect metering and unmonitored loads.,24.863000869750977,22.805999755859375,58.38999938964844
2020-08-18 10:15:00,2020-08-18 10:45:00,53.75004196166992,41.05437469482422,-12.695667266845703,8.268396377563477,1.5354449263336902,HIGH,2,UNEXPLAINED LOAD,,Unexplained energy deviation,"The observed reduction cannot be explained by the monitored HVAC, MELS or lighting subsystems. Verify meter and sensor consistency and check for unexpected shutdowns.",Inspect metering and unmonitored loads.,24.8747501373291,22.405500411987305,60.41999816894531
2020-08-18 12:00:00,2020-08-18 12:30:00,52.392616271972656,62.181396484375,9.788780212402344,8.268396377563477,1.1838789246926371,WARNING,1,HVAC SOUTH,95.04540217957027,Unexpected HVAC consumption — South zone,"Inspect the South HVAC operating state, schedule and temperature setpoint.",Review HVAC South operation.,24.857219696044922,23.38599967956543,59.84000015258789
2020-08-18 15:00:00,2020-08-18 15:30:00,69.08136749267578,59.38248825073242,-9.69887924194336,8.268396377563477,1.1730060823234767,WARNING,1,UNEXPLAINED LOAD,,Unexplained energy deviation,"The observed reduction cannot be explained by the monitored HVAC, MELS or lighting subsystems. Verify meter and sensor consistency and check for unexpected shutdowns.",Inspect metering and unmonitored loads.,24.988000869750977,23.988500595092773,55.81999969482422
2020-08-18 15:45:00,2020-08-18 16:15:00,61.86623001098633,75.04107666015625,13.174846649169922,8.268396377563477,1.5933980481294092,HIGH,2,HVAC SOUTH,85.239797468906,Unexpected HVAC consumption — South zone,"Inspect the South HVAC operating state, schedule and temperature setpoint.",Review HVAC South operation.,25.034936904907227,25.256500244140625,52.426666259765625
2020-08-18 18:15:00,2020-08-18 18:45:00,74.53675079345703,83.9869155883789,9.450164794921875,8.268396377563477,1.1429259512237657,WARNING,1,HVAC SOUTH,84.47605179086781,Unexpected HVAC consumption — South zone,"Inspect the South HVAC operating state, schedule and temperature setpoint.",Review HVAC South operation.,25.2341251373291,29.305500030517578,40.36000061035156
2020-08-18 18:45:00,2020-08-18 19:15:00,84.36450958251953,69.23112487792969,-15.133384704589844,8.268396377563477,1.8302684116178445,HIGH,2,UNEXPLAINED LOAD,,Unexplained energy deviation,"The observed reduction cannot be explained by the monitored HVAC, MELS or lighting subsystems. Verify meter and sensor consistency and check for unexpected shutdowns.",Inspect metering and unmonitored loads.,25.261499404907227,29.722000122070312,37.560001373291016
2020-08-18 23:00:00,2020-08-18 23:30:00,70.42900848388672,84.06281280517578,13.633804321289062,8.268396377563477,1.648905507032146,HIGH,2,HVAC SOUTH,89.2997746877118,Unexpected HVAC consumption — South zone,"Inspect the South HVAC operating state, schedule and temperature setpoint.",Review HVAC South operation.,25.501750946044922,31.111000061035156,30.469999313354492
2020-08-19 02:15:00,2020-08-19 02:45:00,68.81582641601562,56.59566116333008,-12.220165252685547,8.268396377563477,1.4779365544019278,WARNING,1,UNEXPLAINED LOAD,,Unexplained energy deviation,"The observed reduction cannot be explained by the monitored HVAC, MELS or lighting subsystems. Verify meter and sensor consistency and check for unexpected shutdowns.",Inspect metering and unmonitored loads.,25.331811904907227,29.111499786376953,24.799999237060547
2020-08-19 14:00:00,2020-08-19 14:30:00,60.03940200805664,73.49270629882812,13.453304290771484,8.268396377563477,1.627075393637078,HIGH,2,HVAC SOUTH,90.38500148424613,Unexpected HVAC consumption — South zone,"Inspect the South HVAC operating state, schedule and temperature setpoint.",Review HVAC South operation.,24.624719619750977,26.802499771118164,13.119999885559082
2020-08-19 14:30:00,2020-08-19 15:00:00,73.37608337402344,59.01179122924805,-14.36429214477539,8.268396377563477,1.737252483898002,HIGH,2,UNEXPLAINED LOAD,,Unexplained energy deviation,"The observed reduction cannot be explained by the monitored HVAC, MELS or lighting subsystems. Verify meter and sensor consistency and check for unexpected shutdowns.",Inspect metering and unmonitored loads.,24.68528175354004,25.663999557495117,19.110000610351562
2020-08-20 02:30:00,2020-08-20 03:00:00,67.68084716796875,57.23025131225586,-10.45059585571289,8.268396377563477,1.2639205208002453,WARNING,1,UNEXPLAINED LOAD,,Unexplained energy deviation,"The observed reduction cannot be explained by the monitored HVAC, MELS or lighting subsystems. Verify meter and sensor consistency and check for unexpected shutdowns.",Inspect metering and unmonitored loads.,25.3317813873291,26.394500732421875,25.420000076293945
2020-08-20 02:45:00,2020-08-20 03:15:00,59.39580535888672,44.759769439697266,-14.636035919189453,8.268396377563477,1.7701178379528035,HIGH,2,UNEXPLAINED LOAD,,Unexplained energy deviation,"The observed reduction cannot be explained by the monitored HVAC, MELS or lighting subsystems. Verify meter and sensor consistency and check for unexpected shutdowns.",Inspect metering and unmonitored loads.,25.363000869750977,25.524999618530273,27.989999771118164
2020-08-20 03:15:00,2020-08-20 03:45:00,44.425559997558594,59.97557067871094,15.550010681152344,8.268396377563477,1.8806561721384971,HIGH,2,HVAC SOUTH,98.76943567353852,Unexpected HVAC consumption — South zone,"Inspect the South HVAC operating state, schedule and temperature setpoint.",Review HVAC South operation.,25.30843734741211,25.183500289916992,23.3799991607666
2020-08-20 03:30:00,2020-08-20 04:00:00,52.306861877441406,62.89068603515625,10.583824157714844,8.268396377563477,1.2800334761930796,WARNING,1,HVAC SOUTH,97.3000452433922,Unexpected HVAC consumption — South zone,"Inspect the South HVAC operating state, schedule and temperature setpoint.",Review HVAC South operation.,25.18909454345703,24.899999618530273,23.489999771118164
2020-08-20 04:30:00,2020-08-20 05:00:00,53.32231140136719,41.466949462890625,-11.855361938476562,8.268396377563477,1.4338163529080943,WARNING,1,UNEXPLAINED LOAD,,Unexplained energy deviation,"The observed reduction cannot be explained by the monitored HVAC, MELS or lighting subsystems. Verify meter and sensor consistency and check for unexpected shutdowns.",Inspect metering and unmonitored loads.,25.132593154907227,23.780500411987305,28.84000015258789
2020-08-20 04:45:00,2020-08-20 05:15:00,50.32696533203125,39.11137008666992,-11.215595245361328,8.268396377563477,1.356441410549107,WARNING,1,UNEXPLAINED LOAD,,Unexplained energy deviation,"The observed reduction cannot be explained by the monitored HVAC, MELS or lighting subsystems. Verify meter and sensor consistency and check for unexpected shutdowns.",Inspect metering and unmonitored loads.,25.15593719482422,22.952499389648438,35.58000183105469
2020-08-20 18:45:00,2020-08-20 19:15:00,50.43858337402344,59.31547927856445,8.876895904541016,8.268396377563477,1.0735934151184043,WARNING,1,HVAC SOUTH,99.95864888564242,Unexpected HVAC consumption — South zone,"Inspect the South HVAC operating state, schedule and temperature setpoint.",Review HVAC South operation.,24.886438369750977,21.941499710083008,47.630001068115234
2020-08-20 20:00:00,2020-08-20 20:30:00,56.2131233215332,66.17880249023438,9.965679168701172,8.268396377563477,1.2052735153993488,WARNING,1,HVAC SOUTH,99.72799172102302,Unexpected HVAC consumption — South zone,"Inspect the South HVAC operating state, schedule and temperature setpoint.",Review HVAC South operation.,25.007593154907227,22.149999618530273,49.47999954223633
2020-08-20 21:15:00,2020-08-20 21:45:00,53.34877014160156,66.53263854980469,13.183868408203125,8.268396377563477,1.5944891616441996,HIGH,2,HVAC SOUTH,78.60162163779864,Unexpected HVAC consumption — South zone,"Inspect the South HVAC operating state, schedule and temperature setpoint.",Review HVAC South operation.,25.05437469482422,21.444499969482422,49.900001525878906
2020-08-20 21:45:00,2020-08-20 22:15:00,66.07694244384766,51.54298782348633,-14.533954620361328,8.268396377563477,1.7577718769989812,HIGH,2,UNEXPLAINED LOAD,,Unexplained energy deviation,"The observed reduction cannot be explained by the monitored HVAC, MELS or lighting subsystems. Verify meter and sensor consistency and check for unexpected shutdowns.",Inspect metering and unmonitored loads.,25.128625869750977,21.13599967956543,52.33000183105469
2020-08-20 22:15:00,2020-08-20 22:45:00,51.832645416259766,63.413978576660156,11.58133316040039,8.268396377563477,1.40067464494405,WARNING,1,HVAC SOUTH,85.28591168895733,Unexpected HVAC consumption — South zone,"Inspect the South HVAC operating state, schedule and temperature setpoint.",Review HVAC South operation.,25.17156219482422,21.916500091552734,50.5
2020-08-21 01:00:00,2020-08-21 01:30:00,63.763031005859375,47.535865783691406,-16.22716522216797,8.268396377563477,1.962552891900639,HIGH,2,UNEXPLAINED LOAD,,Unexplained energy deviation,"The observed reduction cannot be explained by the monitored HVAC, MELS or lighting subsystems. Verify meter and sensor consistency and check for unexpected shutdowns.",Inspect metering and unmonitored loads.,25.17156219482422,20.996999740600586,58.0
2020-08-21 01:15:00,2020-08-21 01:45:00,59.16621780395508,42.87659454345703,-16.289623260498047,8.268396377563477,1.9701067192062045,HIGH,2,UNEXPLAINED LOAD,,Unexplained energy deviation,"The observed reduction cannot be explained by the monitored HVAC, MELS or lighting subsystems. Verify meter and sensor consistency and check for unexpected shutdowns.",Inspect metering and unmonitored loads.,25.163875579833984,20.200000762939453,62.189998626708984
2020-08-21 14:00:00,2020-08-21 14:30:00,47.50613784790039,56.707000732421875,9.200862884521484,8.268396377563477,1.1127747708719289,WARNING,1,HVAC SOUTH,96.98186470755772,Unexpected HVAC consumption — South zone,"Inspect the South HVAC operating state, schedule and temperature setpoint. A large indoor–outdoor temperature difference is also present.",Review HVAC South operation.,24.405969619750977,14.45300006866455,90.0
2020-08-21 14:30:00,2020-08-21 15:00:00,55.642635345458984,44.755828857421875,-10.88680648803711,8.268396377563477,1.316676897297614,WARNING,1,UNEXPLAINED LOAD,,Unexplained energy deviation,"The observed reduction cannot be explained by the monitored HVAC, MELS or lighting subsystems. Verify meter and sensor consistency and check for unexpected shutdowns.",Inspect metering and unmonitored loads.,24.431499481201172,15.01099967956543,89.80000305175781
2020-08-21 15:30:00,2020-08-21 16:00:00,45.544090270996094,57.97565460205078,12.431564331054688,8.268396377563477,1.5035036739153051,HIGH,2,HVAC NORTH,38.592755991781765,Unexpected HVAC consumption — North zone,"Inspect the North HVAC operating state, schedule and temperature setpoint. A large indoor–outdoor temperature difference is also present.",Review HVAC North operation.,24.57196807861328,16.214000701904297,88.0
2020-08-21 15:45:00,2020-08-21 16:15:00,50.05902862548828,67.53910827636719,17.480079650878906,8.268396377563477,2.1140834150515073,HIGH,2,HVAC SOUTH,40.46018840736507,Unexpected HVAC consumption — South zone,"Inspect the South HVAC operating state, schedule and temperature setpoint.",Review HVAC South operation.,24.60124969482422,16.76650047302246,87.5999984741211
2020-08-21 16:00:00,2020-08-21 16:30:00,58.683902740478516,81.90914154052734,23.225238800048828,8.268396377563477,2.8089169579570665,CRITICAL,3,HVAC SOUTH,64.17230951857847,Unexpected HVAC consumption — South zone,"Inspect the South HVAC operating state, schedule and temperature setpoint.",Review HVAC South operation.,24.70090675354004,17.886499404907227,85.5999984741211
2020-08-21 16:30:00,2020-08-21 17:00:00,81.45268249511719,63.99343490600586,-17.459247589111328,8.268396377563477,2.1115639347537187,HIGH,2,UNEXPLAINED LOAD,,Unexplained energy deviation,"The observed reduction cannot be explained by the monitored HVAC, MELS or lighting subsystems. Verify meter and sensor consistency and check for unexpected shutdowns.",Inspect metering and unmonitored loads.,24.708656311035156,19.094499588012695,75.0999984741211
2020-08-21 16:45:00,2020-08-21 17:15:00,68.82838439941406,47.224464416503906,-21.603919982910156,8.268396377563477,2.6128307106240083,CRITICAL,3,UNEXPLAINED LOAD,,Unexplained energy deviation,"The observed reduction cannot be explained by the monitored HVAC, MELS or lighting subsystems. Verify meter and sensor consistency and check for unexpected shutdowns.",Inspect metering and unmonitored loads.,24.66374969482422,19.92474937438965,69.66999816894531
2020-08-21 17:15:00,2020-08-21 17:45:00,48.861671447753906,62.86241912841797,14.000747680664062,8.268396377563477,1.693284530801581,HIGH,2,HVAC SOUTH,33.70465268533139,Unexpected HVAC consumption — South zone,"Inspect the South HVAC operating state, schedule and temperature setpoint.",Review HVAC South operation.,24.706687927246094,21.116500854492188,62.65999984741211
2020-08-21 20:15:00,2020-08-21 20:45:00,69.52706909179688,60.147972106933594,-9.379096984863281,8.268396377563477,1.1343308371516538,WARNING,1,UNEXPLAINED LOAD,,Unexplained energy deviation,"The observed reduction cannot be explained by the monitored HVAC, MELS or lighting subsystems. Verify meter and sensor consistency and check for unexpected shutdowns.",Inspect metering and unmonitored loads.,24.813037872314453,26.51650047302246,44.79999923706055
2020-08-21 20:30:00,2020-08-21 21:00:00,73.40145874023438,60.67062759399414,-12.730831146240234,8.268396377563477,1.5396977315680824,HIGH,2,UNEXPLAINED LOAD,,Unexplained energy deviation,"The observed reduction cannot be explained by the monitored HVAC, MELS or lighting subsystems. Verify meter and sensor consistency and check for unexpected shutdowns.",Inspect metering and unmonitored loads.,24.812313079833984,26.577999114990234,43.4900016784668
2020-08-22 03:15:00,2020-08-22 03:45:00,65.05896759033203,53.76820755004883,-11.290760040283203,8.268396377563477,1.3655320239509796,WARNING,1,UNEXPLAINED LOAD,,Unexplained energy deviation,"The observed reduction cannot be explained by the monitored HVAC, MELS or lighting subsystems. Verify meter and sensor consistency and check for unexpected shutdowns.",Inspect metering and unmonitored loads.,24.9997501373291,21.26099967956543,67.0999984741211
2020-08-22 03:30:00,2020-08-22 04:00:00,61.298152923583984,47.50453186035156,-13.793621063232422,8.268396377563477,1.6682341331218464,HIGH,2,UNEXPLAINED LOAD,,Unexplained energy deviation,"The observed reduction cannot be explained by the monitored HVAC, MELS or lighting subsystems. Verify meter and sensor consistency and check for unexpected shutdowns.",Inspect metering and unmonitored loads.,24.97434425354004,20.52199935913086,68.97000122070312
2020-08-22 03:45:00,2020-08-22 04:15:00,52.30625534057617,60.993873596191406,8.687618255615234,8.268396377563477,1.0507017151704685,WARNING,1,HVAC SOUTH,95.59561130743568,Unexpected HVAC consumption — South zone,"Inspect the South HVAC operating state, schedule and temperature setpoint.",Review HVAC South operation.,25.003686904907227,20.138999938964844,70.93000030517578
2020-08-22 04:00:00,2020-08-22 04:30:00,46.288307189941406,61.15800857543945,14.869701385498047,8.268396377563477,1.7983779086652636,HIGH,2,HVAC SOUTH,94.98543076401351,Unexpected HVAC consumption — South zone,"Inspect the South HVAC operating state, schedule and temperature setpoint.",Review HVAC South operation.,25.01531219482422,19.911500930786133,71.77999877929688
2020-08-22 07:00:00,2020-08-22 07:30:00,53.0244026184082,44.70881652832031,-8.31558609008789,8.268396377563477,1.0057072387884627,WARNING,1,UNEXPLAINED LOAD,,Unexplained energy deviation,"The observed reduction cannot be explained by the monitored HVAC, MELS or lighting subsystems. Verify meter and sensor consistency and check for unexpected shutdowns.",Inspect metering and unmonitored loads.,24.7770938873291,17.741500854492188,81.4000015258789
2020-08-23 02:00:00,2020-08-23 02:30:00,55.05918884277344,42.28907775878906,-12.770111083984375,8.268396377563477,1.5444483429261358,HIGH,2,UNEXPLAINED LOAD,,Unexplained energy deviation,"The observed reduction cannot be explained by the monitored HVAC, MELS or lighting subsystems. Verify meter and sensor consistency and check for unexpected shutdowns.",Inspect metering and unmonitored loads.,24.84543800354004,22.01099967956543,54.65999984741211
2020-08-23 05:45:00,2020-08-23 06:15:00,47.70364761352539,56.246707916259766,8.543060302734375,8.268396377563477,1.0332185242009209,WARNING,1,HVAC SOUTH,98.77857365477591,Unexpected HVAC consumption — South zone,"Inspect the South HVAC operating state, schedule and temperature setpoint.",Review HVAC South operation.,24.683374404907227,21.405500411987305,52.689998626708984
2020-08-24 02:45:00,2020-08-24 03:15:00,59.73954772949219,51.34211730957031,-8.397430419921875,8.268396377563477,1.0156056914141822,WARNING,1,UNEXPLAINED LOAD,,Unexplained energy deviation,"The observed reduction cannot be explained by the monitored HVAC, MELS or lighting subsystems. Verify meter and sensor consistency and check for unexpected shutdowns.",Inspect metering and unmonitored loads.,24.683374404907227,22.033000946044922,59.599998474121094
2020-08-24 03:15:00,2020-08-24 03:45:00,50.135677337646484,58.94843673706055,8.812759399414062,8.268396377563477,1.0658365899496218,WARNING,1,HVAC SOUTH,95.46506250129937,Unexpected HVAC consumption — South zone,"Inspect the South HVAC operating state, schedule and temperature setpoint.",Review HVAC South operation.,24.675437927246094,17.586000442504883,74.58000183105469
2020-08-24 03:30:00,2020-08-24 04:00:00,49.72166442871094,60.47248077392578,10.750816345214844,8.268396377563477,1.3002299181480321,WARNING,1,HVAC SOUTH,98.1045590576711,Unexpected HVAC consumption — South zone,"Inspect the South HVAC operating state, schedule and temperature setpoint.",Review HVAC South operation.,24.679407119750977,19.024999618530273,73.18000030517578
2020-08-24 16:45:00,2020-08-24 17:15:00,53.02285385131836,64.80313110351562,11.780277252197266,8.268396377563477,1.4247354280406024,WARNING,1,HVAC SOUTH,78.3711807433854,Unexpected HVAC consumption — South zone,"Inspect the South HVAC operating state, schedule and temperature setpoint.",Review HVAC South operation.,24.53499984741211,22.138999938964844,68.43000030517578
2020-08-24 18:00:00,2020-08-24 18:30:00,70.57473754882812,61.041107177734375,-9.53363037109375,8.268396377563477,1.1530204813310017,WARNING,1,UNEXPLAINED LOAD,,Unexplained energy deviation,"The observed reduction cannot be explained by the monitored HVAC, MELS or lighting subsystems. Verify meter and sensor consistency and check for unexpected shutdowns.",Inspect metering and unmonitored loads.,24.593530654907227,21.950000762939453,60.79999923706055
2020-08-25 15:45:00,2020-08-25 16:15:00,53.543270111083984,64.85556030273438,11.31229019165039,8.268396377563477,1.3681359329055154,WARNING,1,HVAC SOUTH,62.79274273811929,Unexpected HVAC consumption — South zone,"Inspect the South HVAC operating state, schedule and temperature setpoint. A large indoor–outdoor temperature difference is also present.",Review HVAC South operation.,24.35531234741211,13.76099967956543,93.80000305175781
2020-08-25 18:00:00,2020-08-25 18:30:00,55.59103775024414,64.01262664794922,8.421588897705078,8.268396377563477,1.0185274765681642,WARNING,1,HVAC SOUTH,58.45485644475791,Unexpected HVAC consumption — South zone,"Inspect the South HVAC operating state, schedule and temperature setpoint. A large indoor–outdoor temperature difference is also present.",Review HVAC South operation.,24.501718521118164,15.675000190734863,87.8499984741211
2020-08-25 19:30:00,2020-08-25 20:00:00,66.56993865966797,55.44611358642578,-11.123825073242188,8.268396377563477,1.345342502377728,WARNING,1,UNEXPLAINED LOAD,,Unexplained energy deviation,"The observed reduction cannot be explained by the monitored HVAC, MELS or lighting subsystems. Verify meter and sensor consistency and check for unexpected shutdowns.",Inspect metering and unmonitored loads.,24.654062271118164,17.660999298095703,70.45999908447266
2020-08-25 21:15:00,2020-08-25 21:45:00,54.330047607421875,65.1253662109375,10.795318603515625,8.268396377563477,1.3056121296759577,WARNING,1,HVAC SOUTH,66.29855616745924,Unexpected HVAC consumption — South zone,"Inspect the South HVAC operating state, schedule and temperature setpoint.",Review HVAC South operation.,24.7653751373291,19.163999557495117,63.869998931884766
2020-08-26 15:45:00,2020-08-26 16:15:00,58.73847579956055,49.88945007324219,-8.84902572631836,8.268396377563477,1.0702227278714451,WARNING,1,UNEXPLAINED LOAD,,Unexplained energy deviation,"The observed reduction cannot be explained by the monitored HVAC, MELS or lighting subsystems. Verify meter and sensor consistency and check for unexpected shutdowns.",Inspect metering and unmonitored loads.,24.241069793701172,12.652999877929688,90.0999984741211
2020-08-26 20:45:00,2020-08-26 21:15:00,49.62660598754883,60.480979919433594,10.854373931884766,8.268396377563477,1.3127544249497292,WARNING,1,LIGHTING,67.35844082418126,Unexpected lighting consumption,Check lighting schedules and whether lights are active outside the expected operating period.,Review lighting operation.,24.50763511657715,16.655500411987305,64.62000274658203
2020-08-26 23:15:00,2020-08-26 23:45:00,52.440818786621094,62.76947784423828,10.328659057617188,8.268396377563477,1.249173187396324,WARNING,1,LIGHTING,50.75937870042956,Unexpected lighting consumption,Check lighting schedules and whether lights are active outside the expected operating period.,Review lighting operation.,24.665735244750977,16.246999740600586,63.68000030517578
2020-08-27 13:15:00,2020-08-27 13:45:00,50.45785140991211,41.716529846191406,-8.741321563720703,8.268396377563477,1.0571967240758464,WARNING,1,UNEXPLAINED LOAD,,Unexplained energy deviation,"The observed reduction cannot be explained by the monitored HVAC, MELS or lighting subsystems. Verify meter and sensor consistency and check for unexpected shutdowns.",Inspect metering and unmonitored loads.,24.180770874023438,11.719499588012695,91.5999984741211
2020-08-27 15:00:00,2020-08-27 15:30:00,42.44511795043945,54.00719451904297,11.562076568603516,8.268396377563477,1.398345705822417,WARNING,1,HVAC SOUTH,62.48491936371966,Unexpected HVAC consumption — South zone,"Inspect the South HVAC operating state, schedule and temperature setpoint. A large indoor–outdoor temperature difference is also present.",Review HVAC South operation.,24.24183464050293,11.730500221252441,91.69999694824219
2020-08-28 01:15:00,2020-08-28 01:45:00,54.83026885986328,65.13627624511719,10.306007385253906,8.268396377563477,1.2464336389604571,WARNING,1,LIGHTING,48.545667183621134,Unexpected lighting consumption,Check lighting schedules and whether lights are active outside the expected operating period.,Review lighting operation.,24.82367706298828,15.913999557495117,69.69999694824219
2020-08-28 15:45:00,2020-08-28 16:15:00,47.68623352050781,60.7119026184082,13.02566909790039,8.268396377563477,1.5753561516772352,HIGH,2,HVAC SOUTH,64.98255489612484,Unexpected HVAC consumption — South zone,"Inspect the South HVAC operating state, schedule and temperature setpoint. A large indoor–outdoor temperature difference is also present.",Review HVAC South operation.,24.0612850189209,12.560999870300293,92.0999984741211
2020-08-28 16:30:00,2020-08-28 17:00:00,57.991424560546875,49.52362060546875,-8.467803955078125,8.268396377563477,1.0241168381883272,WARNING,1,UNEXPLAINED LOAD,,Unexplained energy deviation,"The observed reduction cannot be explained by the monitored HVAC, MELS or lighting subsystems. Verify meter and sensor consistency and check for unexpected shutdowns.",Inspect metering and unmonitored loads.,24.12210464477539,12.516500473022461,90.5999984741211
2020-08-28 16:45:00,2020-08-28 17:15:00,61.76539611816406,50.8690185546875,-10.896377563476562,8.268396377563477,1.31783444647673,WARNING,1,UNEXPLAINED LOAD,,Unexplained energy deviation,"The observed reduction cannot be explained by the monitored HVAC, MELS or lighting subsystems. Verify meter and sensor consistency and check for unexpected shutdowns.",Inspect metering and unmonitored loads.,24.19096565246582,12.597000122070312,90.4000015258789
2020-08-28 21:00:00,2020-08-28 21:30:00,56.21802520751953,64.72688293457031,8.508857727050781,8.268396377563477,1.0290819813790983,WARNING,1,LIGHTING,51.2863955175421,Unexpected lighting consumption,Check lighting schedules and whether lights are active outside the expected operating period.,Review lighting operation.,24.530393600463867,17.311500549316406,62.810001373291016
2020-08-28 21:30:00,2020-08-28 22:00:00,63.67552947998047,54.31916809082031,-9.356361389160156,8.268396377563477,1.1315811388226262,WARNING,1,HVAC SOUTH,67.1774178309394,HVAC consumption below expected — South zone,Check whether the South HVAC system is operating according to schedule and setpoint.,Review HVAC South operation.,24.574481964111328,17.066499710083008,63.880001068115234
2020-08-29 00:30:00,2020-08-29 01:00:00,51.884254455566406,61.02843475341797,9.144180297851562,8.268396377563477,1.1059194407593411,WARNING,1,HVAC SOUTH,81.25970453439092,Unexpected HVAC consumption — South zone,"Inspect the South HVAC operating state, schedule and temperature setpoint.",Review HVAC South operation.,24.62982940673828,17.32200050354004,64.97000122070312
2020-08-30 20:45:00,2020-08-30 21:15:00,47.7406120300293,56.102333068847656,8.36172103881836,8.268396377563477,1.0112869118742447,WARNING,1,LIGHTING,69.16607201033402,Unexpected lighting consumption,Check lighting schedules and whether lights are active outside the expected operating period.,Review lighting operation.,24.14944839477539,17.649999618530273,61.869998931884766
2020-08-31 11:45:00,2020-08-31 12:15:00,47.36884689331055,57.40534591674805,10.0364990234375,8.268396377563477,1.213838641150758,WARNING,1,HVAC SOUTH,46.08632036871198,Unexpected HVAC consumption — South zone,"Inspect the South HVAC operating state, schedule and temperature setpoint. A large indoor–outdoor temperature difference is also present.",Review HVAC South operation.,23.926843643188477,12.280500411987305,93.0999984741211
2020-08-31 13:15:00,2020-08-31 13:45:00,61.670555114746094,51.22542190551758,-10.445133209228516,8.268396377563477,1.2632598550272305,WARNING,1,UNEXPLAINED LOAD,,Unexplained energy deviation,"The observed reduction cannot be explained by the monitored HVAC, MELS or lighting subsystems. Verify meter and sensor consistency and check for unexpected shutdowns.",Inspect metering and unmonitored loads.,24.0380916595459,11.955499649047852,93.30000305175781
2020-08-31 13:30:00,2020-08-31 14:00:00,61.873146057128906,49.57144546508789,-12.301700592041016,8.268396377563477,1.4877976369664645,WARNING,1,UNEXPLAINED LOAD,,Unexplained energy deviation,"The observed reduction cannot be explained by the monitored HVAC, MELS or lighting subsystems. Verify meter and sensor consistency and check for unexpected shutdowns.",Inspect metering and unmonitored loads.,24.017658233642578,11.891500473022461,93.4000015258789
2020-08-31 23:45:00,2020-09-01 00:15:00,50.13358688354492,36.937828063964844,-13.195758819580078,8.268396377563477,1.5959272169615788,HIGH,2,HVAC SOUTH,91.41567681420054,HVAC consumption below expected — South zone,Check whether the South HVAC system is operating according to schedule and setpoint.,Review HVAC South operation.,24.52791976928711,14.797499656677246,77.4000015258789
2020-09-01 00:00:00,2020-09-01 00:30:00,47.791866302490234,37.18400573730469,-10.607860565185547,8.268396377563477,1.2829404978661003,WARNING,1,HVAC SOUTH,90.15215361078339,HVAC consumption below expected — South zone,Check whether the South HVAC system is operating according to schedule and setpoint.,Review HVAC South operation.,24.58917236328125,14.630499839782715,78.25
2020-09-01 11:15:00,2020-09-01 11:45:00,34.32737350463867,43.06332015991211,8.735946655273438,8.268396377563477,1.0565466695547727,WARNING,1,UNEXPLAINED LOAD,,Unexplained energy deviation,"The observed increase cannot be explained by the monitored HVAC, MELS or lighting subsystems. Verify meter consistency and inspect unmonitored electrical loads.",Inspect metering and unmonitored loads.,24.043922424316406,12.057999610900879,93.30000305175781
2020-09-01 14:15:00,2020-09-01 14:45:00,37.369293212890625,51.192466735839844,13.823173522949219,8.268396377563477,1.6718082795908025,HIGH,2,HVAC NORTH,93.50081118236956,Unexpected HVAC consumption — North zone,"Inspect the North HVAC operating state, schedule and temperature setpoint. A large indoor–outdoor temperature difference is also present.",Review HVAC North operation.,24.173179626464844,12.308500289916992,93.69999694824219
2020-09-01 14:30:00,2020-09-01 15:00:00,36.3597412109375,51.66535186767578,15.305610656738281,8.268396377563477,1.8510978378190095,HIGH,2,HVAC NORTH,91.2199107959109,Unexpected HVAC consumption — North zone,"Inspect the North HVAC operating state, schedule and temperature setpoint. A large indoor–outdoor temperature difference is also present.",Review HVAC North operation.,24.177324295043945,12.336000442504883,93.69999694824219
2020-09-01 15:45:00,2020-09-01 16:15:00,51.27944564819336,61.40235900878906,10.122913360595703,8.268396377563477,1.2242898015949635,WARNING,1,LIGHTING,64.03891648496622,Unexpected lighting consumption,Check lighting schedules and whether lights are active outside the expected operating period.,Review lighting operation.,24.24238395690918,12.505499839782715,93.80000305175781
2020-09-01 16:30:00,2020-09-01 17:00:00,44.698116302490234,36.33716583251953,-8.360950469970703,8.268396377563477,1.0111937174006769,WARNING,1,HVAC SOUTH,87.22956232064799,HVAC consumption below expected — South zone,Check whether the South HVAC system is operating according to schedule and setpoint.,Review HVAC South operation.,24.230518341064453,12.858499526977539,93.4000015258789
2020-09-01 16:45:00,2020-09-01 17:15:00,56.51024627685547,35.23938751220703,-21.270858764648438,8.268396377563477,2.5725494755388727,CRITICAL,3,HVAC SOUTH,74.05141914708817,HVAC consumption below expected — South zone,Check whether the South HVAC system is operating according to schedule and setpoint.,Review HVAC South operation.,24.26262664794922,12.928000450134277,93.0999984741211
2020-09-01 17:15:00,2020-09-01 17:45:00,36.9730224609375,57.51826477050781,20.545242309570312,8.268396377563477,2.4847916538351256,HIGH,2,LIGHTING,69.53153120625458,Unexpected lighting consumption,Check lighting schedules and whether lights are active outside the expected operating period.,Review lighting operation.,24.2786922454834,12.774999618530273,92.0999984741211
2020-09-01 18:00:00,2020-09-01 18:30:00,42.92380905151367,53.820899963378906,10.897090911865234,8.268396377563477,1.317920720568597,WARNING,1,LIGHTING,78.78696020465965,Unexpected lighting consumption,Check lighting schedules and whether lights are active outside the expected operating period.,Review lighting operation.,24.28931999206543,13.425000190734863,88.0999984741211
2020-09-01 18:45:00,2020-09-01 19:15:00,48.04826354980469,56.95704650878906,8.908782958984375,8.268396377563477,1.0774499131607436,WARNING,1,LIGHTING,67.82674840025834,Unexpected lighting consumption,Check lighting schedules and whether lights are active outside the expected operating period.,Review lighting operation.,24.387046813964844,13.980500221252441,84.5999984741211
2020-09-01 19:45:00,2020-09-01 20:15:00,57.725547790527344,47.34434509277344,-10.381202697753906,8.268396377563477,1.2555279432325703,WARNING,1,HVAC SOUTH,98.903336768051,HVAC consumption below expected — South zone,Check whether the South HVAC system is operating according to schedule and setpoint.,Review HVAC South operation.,24.36389923095703,14.316499710083008,82.5
2020-09-01 21:30:00,2020-09-01 22:00:00,51.930198669433594,41.338287353515625,-10.591911315917969,8.268396377563477,1.2810115568067606,WARNING,1,HVAC SOUTH,91.45705006664798,HVAC consumption below expected — South zone,Check whether the South HVAC system is operating according to schedule and setpoint.,Review HVAC South operation.,24.515676498413086,15.608499526977539,75.31999969482422
2020-09-01 22:30:00,2020-09-01 23:00:00,33.12158966064453,55.86504364013672,22.743453979492188,8.268396377563477,2.750648728114581,CRITICAL,3,LIGHTING,73.13110980986572,Unexpected lighting consumption,Check lighting schedules and whether lights are active outside the expected operating period.,Review lighting operation.,24.554428100585938,14.833000183105469,81.0
2020-09-01 23:30:00,2020-09-02 00:00:00,58.55908966064453,47.291439056396484,-11.267650604248047,8.268396377563477,1.3627371124615082,WARNING,1,HVAC SOUTH,100.0,HVAC consumption below expected — South zone,Check whether the South HVAC system is operating according to schedule and setpoint.,Review HVAC South operation.,24.556060791015625,14.692000389099121,82.0
2020-09-02 00:45:00,2020-09-02 01:15:00,46.67029571533203,33.748077392578125,-12.922218322753906,8.268396377563477,1.5628445629213792,HIGH,2,HVAC SOUTH,93.3620551917247,HVAC consumption below expected — South zone,Check whether the South HVAC system is operating according to schedule and setpoint.,Review HVAC South operation.,24.437488555908203,14.371999740600586,85.0
2020-09-02 14:45:00,2020-09-02 15:15:00,34.585845947265625,45.71457290649414,11.128726959228516,8.268396377563477,1.345935348410077,WARNING,1,LIGHTING,73.51897148164574,Unexpected lighting consumption,Check lighting schedules and whether lights are active outside the expected operating period.,Review lighting operation.,24.146095275878906,13.20300006866455,88.5999984741211
2020-09-02 16:30:00,2020-09-02 17:00:00,36.442787170410156,57.21516418457031,20.772377014160156,8.268396377563477,2.5122618783161603,CRITICAL,3,HVAC SOUTH,45.838124570170976,Unexpected HVAC consumption — South zone,"Inspect the South HVAC operating state, schedule and temperature setpoint. A large indoor–outdoor temperature difference is also present.",Review HVAC South operation.,24.234880447387695,13.97249984741211,83.69999694824219
2020-09-02 16:45:00,2020-09-02 17:15:00,39.368709564208984,51.01192855834961,11.643218994140625,8.268396377563477,1.4081592684326096,WARNING,1,HVAC SOUTH,45.401337961304755,Unexpected HVAC consumption — South zone,"Inspect the South HVAC operating state, schedule and temperature setpoint. A large indoor–outdoor temperature difference is also present.",Review HVAC South operation.,24.23931884765625,14.15250015258789,82.75
2020-09-02 17:00:00,2020-09-02 17:30:00,55.458518981933594,37.692527770996094,-17.7659912109375,8.268396377563477,2.148662255615371,HIGH,2,HVAC SOUTH,98.85376581011876,HVAC consumption below expected — South zone,Check whether the South HVAC system is operating according to schedule and setpoint.,Review HVAC South operation.,24.261323928833008,14.344499588012695,81.80000305175781
2020-09-02 17:15:00,2020-09-02 17:45:00,51.5330810546875,38.034149169921875,-13.498931884765625,8.268396377563477,1.632593706005115,HIGH,2,HVAC SOUTH,91.0085090121863,HVAC consumption below expected — South zone,Check whether the South HVAC system is operating according to schedule and setpoint.,Review HVAC South operation.,24.249265670776367,14.746999740600586,80.0999984741211
2020-09-02 18:15:00,2020-09-02 18:45:00,36.26877975463867,45.713294982910156,9.444515228271484,8.268396377563477,1.142242678870529,WARNING,1,MELS NORTH,49.76601367772403,Unexpected equipment load — North zone,Review plug-load and equipment activity in the North zone. Check for devices operating outside the expected schedule.,Review MELS North loads.,24.19850730895996,15.147500038146973,77.05999755859375
2020-09-02 18:30:00,2020-09-02 19:00:00,32.735023498535156,41.21833801269531,8.483314514160156,8.268396377563477,1.0259927229879624,WARNING,1,UNEXPLAINED LOAD,,Unexplained energy deviation,"The observed increase cannot be explained by the monitored HVAC, MELS or lighting subsystems. Verify meter consistency and inspect unmonitored electrical loads.",Inspect metering and unmonitored loads.,24.222000122070312,15.717000007629395,74.43000030517578
2020-09-02 19:15:00,2020-09-02 19:45:00,39.25325012207031,55.01118469238281,15.7579345703125,8.268396377563477,1.9058029938032595,HIGH,2,LIGHTING,58.697964235301335,Unexpected lighting consumption,Check lighting schedules and whether lights are active outside the expected operating period.,Review lighting operation.,24.297513961791992,17.075000762939453,66.13999938964844
2020-09-02 19:45:00,2020-09-02 20:15:00,55.240440368652344,40.44923400878906,-14.791206359863281,8.268396377563477,1.7888845290484174,HIGH,2,HVAC SOUTH,93.33916370240975,HVAC consumption below expected — South zone,Check whether the South HVAC system is operating according to schedule and setpoint.,Review HVAC South operation.,24.405221939086914,17.357999801635742,64.30999755859375
2020-09-02 20:45:00,2020-09-02 21:15:00,33.5611572265625,50.363304138183594,16.802146911621094,8.268396377563477,2.0320925780982377,HIGH,2,LIGHTING,71.12692157137025,Unexpected lighting consumption,Check lighting schedules and whether lights are active outside the expected operating period.,Review lighting operation.,24.42336082458496,17.663999557495117,64.68000030517578
2020-09-02 21:15:00,2020-09-02 21:45:00,50.032386779785156,30.063297271728516,-19.96908950805664,8.268396377563477,2.4151103304920554,HIGH,2,HVAC SOUTH,88.34409757032665,HVAC consumption below expected — South zone,Check whether the South HVAC system is operating according to schedule and setpoint.,Review HVAC South operation.,24.492835998535156,18.466999053955078,61.72999954223633
2020-09-02 21:45:00,2020-09-02 22:15:00,30.879487991333008,50.795921325683594,19.916433334350586,8.268396377563477,2.408741964571798,HIGH,2,UNEXPLAINED LOAD,,Unexplained energy deviation,"The observed increase cannot be explained by the monitored HVAC, MELS or lighting subsystems. Verify meter consistency and inspect unmonitored electrical loads.",Inspect metering and unmonitored loads.,24.552820205688477,18.763999938964844,59.45000076293945
2020-09-02 22:00:00,2020-09-02 22:30:00,47.635169982910156,37.21836853027344,-10.416801452636719,8.268396377563477,1.2598333433678868,WARNING,1,HVAC SOUTH,85.02134501612723,HVAC consumption below expected — South zone,Check whether the South HVAC system is operating according to schedule and setpoint.,Review HVAC South operation.,24.503021240234375,18.94700050354004,58.869998931884766
2020-09-02 22:15:00,2020-09-02 22:45:00,50.65651321411133,35.75563430786133,-14.90087890625,8.268396377563477,1.8021485939745159,HIGH,2,HVAC SOUTH,86.86426598183135,HVAC consumption below expected — South zone,Check whether the South HVAC system is operating according to schedule and setpoint.,Review HVAC South operation.,24.5041446685791,18.43899917602539,59.810001373291016
2020-09-03 04:00:00,2020-09-03 04:30:00,32.216346740722656,44.34935760498047,12.133010864257812,8.268396377563477,1.467395890354395,WARNING,1,LIGHTING,69.80210273661406,Unexpected lighting consumption,Check lighting schedules and whether lights are active outside the expected operating period.,Review lighting operation.,24.322864532470703,13.800000190734863,86.5
2020-09-03 04:15:00,2020-09-03 04:45:00,30.915164947509766,45.515663146972656,14.60049819946289,8.268396377563477,1.7658198195579675,HIGH,2,LIGHTING,72.84424241546226,Unexpected lighting consumption,Check lighting schedules and whether lights are active outside the expected operating period.,Review lighting operation.,24.277652740478516,13.58899974822998,87.4000015258789
2020-09-03 04:45:00,2020-09-03 05:15:00,43.6751708984375,30.099695205688477,-13.575475692749023,8.268396377563477,1.6418511006059717,HIGH,2,HVAC SOUTH,98.71255152173082,HVAC consumption below expected — South zone,Check whether the South HVAC system is operating according to schedule and setpoint.,Review HVAC South operation.,24.22061538696289,13.586000442504883,87.9000015258789
2020-09-03 08:30:00,2020-09-03 09:00:00,36.17792892456055,25.8558406829834,-10.322088241577148,8.268396377563477,1.2483784968977083,WARNING,1,HVAC SOUTH,99.06749252130037,HVAC consumption below expected — South zone,Check whether the South HVAC system is operating according to schedule and setpoint.,Review HVAC South operation.,23.938396453857422,13.050000190734863,91.0999984741211
2020-09-03 09:00:00,2020-09-03 09:30:00,26.135326385498047,38.39849090576172,12.263164520263672,8.268396377563477,1.4831369905705185,WARNING,1,UNEXPLAINED LOAD,,Unexplained energy deviation,"The observed increase cannot be explained by the monitored HVAC, MELS or lighting subsystems. Verify meter consistency and inspect unmonitored electrical loads.",Inspect metering and unmonitored loads.,23.85972023010254,12.905500411987305,91.5999984741211
2020-09-03 16:30:00,2020-09-03 17:00:00,37.41428756713867,55.01329803466797,17.599010467529297,8.268396377563477,2.128467197736758,HIGH,2,LIGHTING,54.2037076079124,Unexpected lighting consumption,Check lighting schedules and whether lights are active outside the expected operating period.,Review lighting operation.,24.067258834838867,13.560999870300293,89.0999984741211
2020-09-03 17:15:00,2020-09-03 17:45:00,39.59001159667969,60.972137451171875,21.382125854492188,8.268396377563477,2.586006388435027,CRITICAL,3,LIGHTING,48.56048696802549,Unexpected lighting consumption,Check lighting schedules and whether lights are active outside the expected operating period.,Review lighting operation.,24.076614379882812,14.483499526977539,83.30000305175781
2020-09-03 17:45:00,2020-09-03 18:15:00,60.491146087646484,41.10517501831055,-19.385971069335938,8.268396377563477,2.3445865660166354,HIGH,2,HVAC SOUTH,96.22223612014344,HVAC consumption below expected — South zone,Check whether the South HVAC system is operating according to schedule and setpoint.,Review HVAC South operation.,24.18036460876465,15.697500228881836,76.30000305175781
2020-09-03 19:00:00,2020-09-03 19:30:00,52.2012825012207,36.92259216308594,-15.278690338134766,8.268396377563477,1.8478420289082798,HIGH,2,HVAC SOUTH,88.39955018428579,HVAC consumption below expected — South zone,Check whether the South HVAC system is operating according to schedule and setpoint.,Review HVAC South operation.,24.27158546447754,17.98349952697754,65.2699966430664
2020-09-03 19:30:00,2020-09-03 20:00:00,38.06449890136719,53.066307067871094,15.001808166503906,8.268396377563477,1.8143552245767667,HIGH,2,LIGHTING,79.38600594199345,Unexpected lighting consumption,Check lighting schedules and whether lights are active outside the expected operating period.,Review lighting operation.,24.353857040405273,18.219499588012695,64.18000030517578
2020-09-03 19:45:00,2020-09-03 20:15:00,55.69630432128906,33.499961853027344,-22.19634246826172,8.268396377563477,2.6844797291639417,CRITICAL,3,HVAC SOUTH,79.55994091877946,HVAC consumption below expected — South zone,Check whether the South HVAC system is operating according to schedule and setpoint.,Review HVAC South operation.,24.366025924682617,18.472000122070312,62.2599983215332
2020-09-03 20:00:00,2020-09-03 20:30:00,53.57343292236328,33.53094482421875,-20.04248809814453,8.268396377563477,2.4239873347787704,HIGH,2,HVAC SOUTH,81.59462053062273,HVAC consumption below expected — South zone,Check whether the South HVAC system is operating according to schedule and setpoint.,Review HVAC South operation.,24.305599212646484,17.680500030517578,65.55999755859375
2020-09-03 21:00:00,2020-09-03 21:30:00,34.66004943847656,62.222747802734375,27.562698364257812,8.268396377563477,3.333499883852927,CRITICAL,3,LIGHTING,41.47898242965427,Unexpected lighting consumption,Check lighting schedules and whether lights are active outside the expected operating period.,Review lighting operation.,24.35560417175293,19.219499588012695,60.93000030517578
2020-09-03 21:30:00,2020-09-03 22:00:00,59.56809616088867,30.80300521850586,-28.765090942382812,8.268396377563477,3.4789201713209694,CRITICAL,3,HVAC SOUTH,86.2534233699507,HVAC consumption below expected — South zone,Check whether the South HVAC system is operating according to schedule and setpoint.,Review HVAC South operation.,24.355758666992188,19.121999740600586,60.40999984741211
2020-09-04 00:45:00,2020-09-04 01:15:00,33.80690002441406,44.69932174682617,10.89242172241211,8.268396377563477,1.3173560174218302,WARNING,1,LIGHTING,73.7197681210396,Unexpected lighting consumption,Check lighting schedules and whether lights are active outside the expected operating period.,Review lighting operation.,24.658174514770508,18.894500732421875,59.93000030517578
2020-09-04 01:00:00,2020-09-04 01:30:00,33.68366241455078,43.38837814331055,9.704715728759766,8.268396377563477,1.173711961256935,WARNING,1,LIGHTING,86.01322407314004,Unexpected lighting consumption,Check lighting schedules and whether lights are active outside the expected operating period.,Review lighting operation.,24.582719802856445,18.41950035095215,62.810001373291016
2020-09-04 01:15:00,2020-09-04 01:45:00,43.68056869506836,32.88215637207031,-10.798412322998047,8.268396377563477,1.3059862916465688,WARNING,1,HVAC SOUTH,94.46492150980892,HVAC consumption below expected — South zone,Check whether the South HVAC system is operating according to schedule and setpoint.,Review HVAC South operation.,24.54595184326172,17.808500289916992,67.19000244140625
2020-09-04 05:45:00,2020-09-04 06:15:00,32.19908905029297,41.36781311035156,9.168724060058594,8.268396377563477,1.108887823150107,WARNING,1,UNEXPLAINED LOAD,,Unexplained energy deviation,"The observed increase cannot be explained by the monitored HVAC, MELS or lighting subsystems. Verify meter consistency and inspect unmonitored electrical loads.",Inspect metering and unmonitored loads.,24.18650245666504,13.878000259399414,86.30000305175781
2020-09-04 13:15:00,2020-09-04 13:45:00,34.0938720703125,46.72563171386719,12.631759643554688,8.268396377563477,1.52771578269171,HIGH,2,HVAC NORTH,81.28919713698988,Unexpected HVAC consumption — North zone,"Inspect the North HVAC operating state, schedule and temperature setpoint. A large indoor–outdoor temperature difference is also present.",Review HVAC North operation.,23.915048599243164,12.236000061035156,91.19999694824219
2020-09-04 13:30:00,2020-09-04 14:00:00,34.44915008544922,51.09565353393555,16.646503448486328,8.268396377563477,2.013268678513899,HIGH,2,HVAC NORTH,90.09057187500694,Unexpected HVAC consumption — North zone,"Inspect the North HVAC operating state, schedule and temperature setpoint. A large indoor–outdoor temperature difference is also present.",Review HVAC North operation.,23.98744010925293,12.274999618530273,91.0999984741211
2020-09-04 14:45:00,2020-09-04 15:15:00,49.98827362060547,39.89967346191406,-10.088600158691406,8.268396377563477,1.2201398793685199,WARNING,1,HVAC SOUTH,87.02159079702409,HVAC consumption below expected — South zone,Check whether the South HVAC system is operating according to schedule and setpoint.,Review HVAC South operation.,24.042160034179688,13.155500411987305,90.19999694824219
2020-09-04 15:00:00,2020-09-04 15:30:00,48.488731384277344,35.82152557373047,-12.667205810546875,8.268396377563477,1.532002728475825,HIGH,2,HVAC SOUTH,92.97550567438108,HVAC consumption below expected — South zone,Check whether the South HVAC system is operating according to schedule and setpoint.,Review HVAC South operation.,24.06033706665039,13.425000190734863,89.5
2020-09-04 15:30:00,2020-09-04 16:00:00,36.95949935913086,48.63346862792969,11.673969268798828,8.268396377563477,1.4118782815584976,WARNING,1,LIGHTING,76.8387326689612,Unexpected lighting consumption,Check lighting schedules and whether lights are active outside the expected operating period.,Review lighting operation.,24.07735824584961,13.461000442504883,87.19999694824219
2020-09-04 15:45:00,2020-09-04 16:15:00,35.71830749511719,47.53307342529297,11.814765930175781,8.268396377563477,1.4289065727709278,WARNING,1,LIGHTING,75.27739461961545,Unexpected lighting consumption,Check lighting schedules and whether lights are active outside the expected operating period.,Review lighting operation.,24.103286743164062,13.344499588012695,86.9000015258789
2020-09-04 16:45:00,2020-09-04 17:15:00,54.75511932373047,37.581966400146484,-17.173152923583984,8.268396377563477,2.076962948968413,HIGH,2,HVAC SOUTH,77.32638591568447,HVAC consumption below expected — South zone,Check whether the South HVAC system is operating according to schedule and setpoint.,Review HVAC South operation.,24.184223175048828,15.244500160217285,80.0
2020-09-04 17:30:00,2020-09-04 18:00:00,53.9235725402832,40.57231140136719,-13.351261138916016,8.268396377563477,1.6147340462710562,HIGH,2,HVAC SOUTH,90.24000660984963,HVAC consumption below expected — South zone,Check whether the South HVAC system is operating according to schedule and setpoint.,Review HVAC South operation.,24.251237869262695,17.100000381469727,70.45999908447266
2020-09-04 17:45:00,2020-09-04 18:15:00,45.811744689941406,37.136436462402344,-8.675308227539062,8.268396377563477,1.0492129103872854,WARNING,1,HVAC SOUTH,93.89922250272886,HVAC consumption below expected — South zone,Check whether the South HVAC system is operating according to schedule and setpoint.,Review HVAC South operation.,24.24445915222168,17.530500411987305,68.43000030517578
2020-09-04 18:45:00,2020-09-04 19:15:00,41.62187194824219,32.1623420715332,-9.459529876708984,8.268396377563477,1.1440585870287594,WARNING,1,HVAC SOUTH,90.5967470285855,HVAC consumption below expected — South zone,Check whether the South HVAC system is operating according to schedule and setpoint.,Review HVAC South operation.,24.257118225097656,19.533000946044922,58.119998931884766
2020-09-04 20:00:00,2020-09-04 20:30:00,53.32179641723633,35.79203414916992,-17.529762268066406,8.268396377563477,2.1200921518027247,HIGH,2,HVAC SOUTH,80.86291496796294,HVAC consumption below expected — South zone,Check whether the South HVAC system is operating according to schedule and setpoint.,Review HVAC South operation.,24.44411849975586,22.377500534057617,50.189998626708984
2020-09-04 20:45:00,2020-09-04 21:15:00,35.2766227722168,46.63076400756836,11.354141235351562,8.268396377563477,1.3731975000813146,WARNING,1,LIGHTING,91.50581601073476,Unexpected lighting consumption,Check lighting schedules and whether lights are active outside the expected operating period.,Review lighting operation.,24.392017364501953,23.583499908447266,46.70000076293945
2020-09-04 21:15:00,2020-09-04 21:45:00,46.893592834472656,35.98297119140625,-10.910621643066406,8.268396377563477,1.3195571601613925,WARNING,1,HVAC SOUTH,91.31300363813706,HVAC consumption below expected — South zone,Check whether the South HVAC system is operating according to schedule and setpoint.,Review HVAC South operation.,24.42546272277832,23.477500915527344,46.9900016784668
2020-09-04 21:30:00,2020-09-04 22:00:00,35.23716354370117,45.51239776611328,10.27523422241211,8.268396377563477,1.242711857681889,WARNING,1,LIGHTING,62.70230443991417,Unexpected lighting consumption,Check lighting schedules and whether lights are active outside the expected operating period.,Review lighting operation.,24.4234676361084,23.527999877929688,46.61000061035156
2020-09-04 22:00:00,2020-09-04 22:30:00,45.847984313964844,32.759944915771484,-13.08803939819336,8.268396377563477,1.5828993677308598,HIGH,2,HVAC SOUTH,89.23873185559647,HVAC consumption below expected — South zone,Check whether the South HVAC system is operating according to schedule and setpoint.,Review HVAC South operation.,24.47801399230957,24.038999557495117,44.790000915527344
2020-09-04 22:15:00,2020-09-04 22:45:00,40.73761749267578,29.7730712890625,-10.964546203613281,8.268396377563477,1.3260789278760126,WARNING,1,HVAC SOUTH,87.48472504370966,HVAC consumption below expected — South zone,Check whether the South HVAC system is operating according to schedule and setpoint.,Review HVAC South operation.,24.509183883666992,24.461000442504883,43.650001525878906
2020-09-05 14:15:00,2020-09-05 14:45:00,36.25777816772461,26.381872177124023,-9.875905990600586,8.268396377563477,1.1944161285493196,WARNING,1,HVAC SOUTH,94.02560123195414,HVAC consumption below expected — South zone,Check whether the South HVAC system is operating according to schedule and setpoint.,Review HVAC South operation.,24.007204055786133,22.127500534057617,34.13999938964844
2020-09-05 14:45:00,2020-09-05 15:15:00,27.25352668762207,35.69906234741211,8.445535659790039,8.268396377563477,1.021423656309854,WARNING,1,UNEXPLAINED LOAD,,Unexplained energy deviation,"The observed increase cannot be explained by the monitored HVAC, MELS or lighting subsystems. Verify meter consistency and inspect unmonitored electrical loads.",Inspect metering and unmonitored loads.,24.08260726928711,21.98349952697754,37.83000183105469
2020-09-06 02:30:00,2020-09-06 03:00:00,29.787324905395508,41.78063201904297,11.993307113647461,8.268396377563477,1.4504997784324458,WARNING,1,UNEXPLAINED LOAD,,Unexplained energy deviation,"The observed increase cannot be explained by the monitored HVAC, MELS or lighting subsystems. Verify meter consistency and inspect unmonitored electrical loads.",Inspect metering and unmonitored loads.,24.721731185913086,32.916500091552734,19.420000076293945
2020-09-06 17:15:00,2020-09-06 17:45:00,35.808650970458984,51.91606140136719,16.107410430908203,8.268396377563477,1.9480694557188996,HIGH,2,LIGHTING,72.43581089889969,Unexpected lighting consumption,Check lighting schedules and whether lights are active outside the expected operating period.,Review lighting operation.,24.52565574645996,31.694499969482422,26.940000534057617
2020-09-06 18:45:00,2020-09-06 19:15:00,49.423954010009766,36.292236328125,-13.131717681884766,8.268396377563477,1.5881819257622973,HIGH,2,HVAC SOUTH,92.26447635470927,HVAC consumption below expected — South zone,Check whether the South HVAC system is operating according to schedule and setpoint.,Review HVAC South operation.,24.672626495361328,35.05550003051758,23.290000915527344
2020-09-06 19:15:00,2020-09-06 19:45:00,37.88871765136719,47.39228439331055,9.50356674194336,8.268396377563477,1.1493845127855205,WARNING,1,LIGHTING,69.53012241012199,Unexpected lighting consumption,Check lighting schedules and whether lights are active outside the expected operating period.,Review lighting operation.,24.698657989501953,36.08300018310547,21.729999542236328
2020-09-06 20:00:00,2020-09-06 20:30:00,57.60368347167969,32.38514709472656,-25.218536376953125,8.268396377563477,3.0499912226492096,CRITICAL,3,HVAC SOUTH,92.2994219162678,HVAC consumption below expected — South zone,Check whether the South HVAC system is operating according to schedule and setpoint.,Review HVAC South operation.,24.744815826416016,37.44449996948242,20.239999771118164
2020-09-06 20:15:00,2020-09-06 20:45:00,43.411861419677734,28.88524055480957,-14.526620864868164,8.268396377563477,1.7568849147443577,HIGH,2,HVAC SOUTH,97.2053891638359,HVAC consumption below expected — South zone,Check whether the South HVAC system is operating according to schedule and setpoint.,Review HVAC South operation.,24.72874641418457,37.361000061035156,19.450000762939453
2020-09-06 21:00:00,2020-09-06 21:30:00,35.09126281738281,26.677780151367188,-8.413482666015625,8.268396377563477,1.0175470891605831,WARNING,1,HVAC SOUTH,95.3324513221424,HVAC consumption below expected — South zone,Check whether the South HVAC system is operating according to schedule and setpoint.,Review HVAC South operation.,24.831119537353516,38.138999938964844,16.850000381469727
2020-09-06 22:30:00,2020-09-06 23:00:00,39.333065032958984,51.02080535888672,11.687740325927734,8.268396377563477,1.4135437867544356,WARNING,1,HVAC NORTH,93.29542491224434,Unexpected HVAC consumption — North zone,"Inspect the North HVAC operating state, schedule and temperature setpoint. A large indoor–outdoor temperature difference is also present.",Review HVAC North operation.,24.926918029785156,40.333499908447266,15.34000015258789
2020-09-06 22:45:00,2020-09-06 23:15:00,31.384016036987305,42.99864196777344,11.614625930786133,8.268396377563477,1.4047011536968332,WARNING,1,HVAC NORTH,100.0,Unexpected HVAC consumption — North zone,"Inspect the North HVAC operating state, schedule and temperature setpoint. A large indoor–outdoor temperature difference is also present.",Review HVAC North operation.,25.014873504638672,40.388999938964844,14.829999923706055
2020-09-06 23:15:00,2020-09-06 23:45:00,44.56140899658203,55.6881217956543,11.126712799072266,8.268396377563477,1.3456917509742168,WARNING,1,HVAC NORTH,61.62501628683567,Unexpected HVAC consumption — North zone,"Inspect the North HVAC operating state, schedule and temperature setpoint. A large indoor–outdoor temperature difference is also present.",Review HVAC North operation.,25.13774299621582,40.583499908447266,13.979999542236328
2020-09-06 23:45:00,2020-09-07 00:15:00,56.758243560791016,45.87504196166992,-10.883201599121094,8.268396377563477,1.316240913250478,WARNING,1,HVAC SOUTH,98.10054395333108,HVAC consumption below expected — South zone,Check whether the South HVAC system is operating according to schedule and setpoint.,Review HVAC South operation.,25.205989837646484,40.47249984741211,14.449999809265137
2020-09-07 00:00:00,2020-09-07 00:30:00,50.502044677734375,33.07444763183594,-17.427597045898438,8.268396377563477,2.1077360409557415,HIGH,2,HVAC SOUTH,90.17451616362771,HVAC consumption below expected — South zone,Check whether the South HVAC system is operating according to schedule and setpoint.,Review HVAC South operation.,25.16905975341797,40.72249984741211,13.869999885559082
2020-09-07 00:15:00,2020-09-07 00:45:00,47.04783248901367,34.89208221435547,-12.155750274658203,8.268396377563477,1.4701460500422028,WARNING,1,HVAC SOUTH,90.29364256247754,HVAC consumption below expected — South zone,Check whether the South HVAC system is operating according to schedule and setpoint.,Review HVAC South operation.,25.18269157409668,41.25,12.539999961853027
2020-09-07 01:30:00,2020-09-07 02:00:00,34.32709884643555,46.88810348510742,12.561004638671875,8.268396377563477,1.5191585000395615,HIGH,2,HVAC NORTH,89.89123756688275,Unexpected HVAC consumption — North zone,"Inspect the North HVAC operating state, schedule and temperature setpoint. A large indoor–outdoor temperature difference is also present.",Review HVAC North operation.,25.197925567626953,38.666500091552734,13.649999618530273
2020-09-07 02:00:00,2020-09-07 02:30:00,47.168487548828125,32.34259033203125,-14.825897216796875,8.268396377563477,1.793080125794085,HIGH,2,HVAC SOUTH,92.42796609094974,HVAC consumption below expected — South zone,Check whether the South HVAC system is operating according to schedule and setpoint.,Review HVAC South operation.,25.176177978515625,37.083499908447266,13.630000114440918
2020-09-07 07:30:00,2020-09-07 08:00:00,32.75756072998047,44.63080596923828,11.873245239257812,8.268396377563477,1.4359792028689133,WARNING,1,HVAC SOUTH,56.392684886656376,Unexpected HVAC consumption — South zone,"Inspect the South HVAC operating state, schedule and temperature setpoint. A large indoor–outdoor temperature difference is also present.",Review HVAC South operation.,24.90044403076172,33.47249984741211,14.90999984741211
2020-09-07 08:00:00,2020-09-07 08:30:00,44.42584228515625,32.95446014404297,-11.471382141113281,8.268396377563477,1.3873769008270087,WARNING,1,HVAC SOUTH,87.17178530316272,HVAC consumption below expected — South zone,Check whether the South HVAC system is operating according to schedule and setpoint.,Review HVAC South operation.,24.854717254638672,33.33300018310547,14.760000228881836
2020-09-07 08:30:00,2020-09-07 09:00:00,33.607425689697266,46.258392333984375,12.65096664428711,8.268396377563477,1.5300387241492026,HIGH,2,LIGHTING,43.10560706765852,Unexpected lighting consumption,Check lighting schedules and whether lights are active outside the expected operating period.,Review lighting operation.,24.87165641784668,33.33300018310547,14.609999656677246
2020-09-07 09:00:00,2020-09-07 09:30:00,46.10017395019531,31.092506408691406,-15.007667541503906,8.268396377563477,1.8150638716629055,HIGH,2,HVAC SOUTH,94.9382383477439,HVAC consumption below expected — South zone,Check whether the South HVAC system is operating according to schedule and setpoint.,Review HVAC South operation.,24.836095809936523,32.916500091552734,15.130000114440918
2020-09-07 13:00:00,2020-09-07 13:30:00,41.11703109741211,32.1514892578125,-8.96554183959961,8.268396377563477,1.084314470448932,WARNING,1,HVAC SOUTH,97.54075093654656,HVAC consumption below expected — South zone,Check whether the South HVAC system is operating according to schedule and setpoint.,Review HVAC South operation.,24.666614532470703,31.83300018310547,16.559999465942383
2020-09-07 21:30:00,2020-09-07 22:00:00,34.05419921875,19.097253799438477,-14.956945419311523,8.268396377563477,1.8089294146441275,HIGH,2,HVAC SOUTH,84.08807578778585,HVAC consumption below expected — South zone,Check whether the South HVAC system is operating according to schedule and setpoint.,Review HVAC South operation.,25.072715759277344,35.69449996948242,16.350000381469727
2020-09-07 22:00:00,2020-09-07 22:30:00,20.948532104492188,36.70244216918945,15.753910064697266,8.268396377563477,1.9053162602903193,HIGH,2,UNEXPLAINED LOAD,,Unexplained energy deviation,"The observed increase cannot be explained by the monitored HVAC, MELS or lighting subsystems. Verify meter consistency and inspect unmonitored electrical loads.",Inspect metering and unmonitored loads.,25.08051872253418,33.611000061035156,18.270000457763672
2020-09-08 00:15:00,2020-09-08 00:45:00,31.566396713256836,40.38477325439453,8.818376541137695,8.268396377563477,1.066515940753228,WARNING,1,UNEXPLAINED LOAD,,Unexplained energy deviation,"The observed increase cannot be explained by the monitored HVAC, MELS or lighting subsystems. Verify meter consistency and inspect unmonitored electrical loads.",Inspect metering and unmonitored loads.,25.293861389160156,34.75,13.5
2020-09-08 07:00:00,2020-09-08 07:30:00,36.00458526611328,26.394458770751953,-9.610126495361328,8.268396377563477,1.1622721089471078,WARNING,1,HVAC SOUTH,95.17189834566307,HVAC consumption below expected — South zone,Check whether the South HVAC system is operating according to schedule and setpoint.,Review HVAC South operation.,25.045419692993164,19.930999755859375,59.529998779296875
2020-09-08 11:30:00,2020-09-08 12:00:00,34.83932876586914,45.671478271484375,10.832149505615234,8.268396377563477,1.3100665486972267,WARNING,1,HVAC NORTH,79.2503612671277,Unexpected HVAC consumption — North zone,"Inspect the North HVAC operating state, schedule and temperature setpoint.",Review HVAC North operation.,24.78578758239746,19.613500595092773,53.08000183105469
2020-09-08 11:45:00,2020-09-08 12:15:00,38.2987060546875,48.401458740234375,10.102752685546875,8.268396377563477,1.2218515204424616,WARNING,1,HVAC NORTH,87.23168533988621,Unexpected HVAC consumption — North zone,"Inspect the North HVAC operating state, schedule and temperature setpoint.",Review HVAC North operation.,24.794031143188477,19.763999938964844,53.470001220703125
2020-09-08 12:15:00,2020-09-08 12:45:00,48.37791442871094,34.25172424316406,-14.126190185546875,8.268396377563477,1.7084558529243572,HIGH,2,HVAC SOUTH,99.97910575215523,HVAC consumption below expected — South zone,Check whether the South HVAC system is operating according to schedule and setpoint.,Review HVAC South operation.,24.76199722290039,22.2810001373291,41.65999984741211
2020-09-08 13:00:00,2020-09-08 13:30:00,40.44950485229492,31.816787719726562,-8.63271713256836,8.268396377563477,1.0440618396081587,WARNING,1,HVAC SOUTH,95.70959499236594,HVAC consumption below expected — South zone,Check whether the South HVAC system is operating according to schedule and setpoint.,Review HVAC South operation.,24.818857192993164,20.924999237060547,43.279998779296875
2020-09-08 13:30:00,2020-09-08 14:00:00,32.70026397705078,41.670326232910156,8.970062255859375,8.268396377563477,1.0848611806032773,WARNING,1,LIGHTING,47.01673474171974,Unexpected lighting consumption,Check lighting schedules and whether lights are active outside the expected operating period.,Review lighting operation.,24.82377052307129,21.13050079345703,45.84000015258789
2020-09-08 13:45:00,2020-09-08 14:15:00,35.13688659667969,47.091644287109375,11.954757690429688,8.268396377563477,1.4458375172807698,WARNING,1,LIGHTING,74.30080798119599,Unexpected lighting consumption,Check lighting schedules and whether lights are active outside the expected operating period.,Review lighting operation.,24.791706085205078,21.672000885009766,41.06999969482422
2020-09-08 14:15:00,2020-09-08 14:45:00,47.570213317871094,34.984703063964844,-12.58551025390625,8.268396377563477,1.5221222688425269,HIGH,2,HVAC SOUTH,86.62308699221914,HVAC consumption below expected — South zone,Check whether the South HVAC system is operating according to schedule and setpoint.,Review HVAC South operation.,24.833261489868164,21.368999481201172,43.09000015258789
2020-09-08 14:45:00,2020-09-08 15:15:00,35.96120071411133,44.886444091796875,8.925243377685547,8.268396377563477,1.0794406762966084,WARNING,1,LIGHTING,67.01628253861317,Unexpected lighting consumption,Check lighting schedules and whether lights are active outside the expected operating period.,Review lighting operation.,24.87270736694336,21.393999099731445,44.470001220703125
2020-09-08 15:00:00,2020-09-08 15:30:00,36.297340393066406,47.18992233276367,10.892581939697266,8.268396377563477,1.317375394490592,WARNING,1,LIGHTING,83.01481689057577,Unexpected lighting consumption,Check lighting schedules and whether lights are active outside the expected operating period.,Review lighting operation.,24.87476348876953,21.605499267578125,44.15999984741211
2020-09-08 15:15:00,2020-09-08 15:45:00,45.40749740600586,36.58824920654297,-8.81924819946289,8.268396377563477,1.0666213612344668,WARNING,1,HVAC SOUTH,92.1744654508039,HVAC consumption below expected — South zone,Check whether the South HVAC system is operating according to schedule and setpoint.,Review HVAC South operation.,24.833263397216797,21.75,44.310001373291016
2020-09-08 15:30:00,2020-09-08 16:00:00,47.93036651611328,35.22919464111328,-12.701171875,8.268396377563477,1.5361106670532854,HIGH,2,HVAC SOUTH,88.54754322929061,HVAC consumption below expected — South zone,Check whether the South HVAC system is operating according to schedule and setpoint.,Review HVAC South operation.,24.850154876708984,21.964000701904297,44.029998779296875
2020-09-08 16:00:00,2020-09-08 16:30:00,36.30237579345703,49.51606750488281,13.213691711425781,8.268396377563477,1.5980960645865383,HIGH,2,LIGHTING,62.14597897183714,Unexpected lighting consumption,Check lighting schedules and whether lights are active outside the expected operating period.,Review lighting operation.,24.845430374145508,22.93600082397461,40.349998474121094
2020-09-08 16:15:00,2020-09-08 16:45:00,35.26408004760742,48.28730773925781,13.02322769165039,8.268396377563477,1.5750608820580108,HIGH,2,UNEXPLAINED LOAD,,Unexplained energy deviation,"The observed increase cannot be explained by the monitored HVAC, MELS or lighting subsystems. Verify meter consistency and inspect unmonitored electrical loads.",Inspect metering and unmonitored loads.,24.821502685546875,23.655500411987305,35.5
2020-09-08 17:00:00,2020-09-08 17:30:00,55.28800582885742,35.340965270996094,-19.947040557861328,8.268396377563477,2.4124436767434343,HIGH,2,HVAC SOUTH,87.74267763459419,HVAC consumption below expected — South zone,Check whether the South HVAC system is operating according to schedule and setpoint.,Review HVAC South operation.,24.841583251953125,24.024999618530273,36.08000183105469
2020-09-08 17:30:00,2020-09-08 18:00:00,36.74846649169922,56.029541015625,19.28107452392578,8.268396377563477,2.3319001222831446,HIGH,2,LIGHTING,73.54972851961918,Unexpected lighting consumption,Check lighting schedules and whether lights are active outside the expected operating period.,Review lighting operation.,24.8773193359375,25.02750015258789,37.38999938964844
2020-09-08 17:45:00,2020-09-08 18:15:00,49.45106506347656,40.0723991394043,-9.378665924072266,8.268396377563477,1.1342787036095097,WARNING,1,HVAC SOUTH,77.69439003719012,HVAC consumption below expected — South zone,Check whether the South HVAC system is operating according to schedule and setpoint.,Review HVAC South operation.,24.873971939086914,26.194499969482422,28.84000015258789
2020-09-08 18:00:00,2020-09-08 18:30:00,56.4966926574707,40.70270919799805,-15.793983459472656,8.268396377563477,1.9101628342746206,HIGH,2,HVAC SOUTH,92.06599150896317,HVAC consumption below expected — South zone,Check whether the South HVAC system is operating according to schedule and setpoint.,Review HVAC South operation.,24.89260482788086,26.769500732421875,24.110000610351562
2020-09-08 18:45:00,2020-09-08 19:15:00,37.6982307434082,60.52225875854492,22.82402801513672,8.268396377563477,2.7603935482665483,CRITICAL,3,LIGHTING,65.99739044745785,Unexpected lighting consumption,Check lighting schedules and whether lights are active outside the expected operating period.,Review lighting operation.,24.86805534362793,26.82200050354004,28.09000015258789
2020-09-08 19:15:00,2020-09-08 19:45:00,60.83359146118164,33.656524658203125,-27.177066802978516,8.268396377563477,3.286860663420085,CRITICAL,3,HVAC SOUTH,78.1447320882923,HVAC consumption below expected — South zone,Check whether the South HVAC system is operating according to schedule and setpoint.,Review HVAC South operation.,24.93500518798828,28.055500030517578,19.75
2020-09-08 19:30:00,2020-09-08 20:00:00,49.55479049682617,38.4002571105957,-11.154533386230469,8.268396377563477,1.3490564405570353,WARNING,1,HVAC SOUTH,88.23595001391533,HVAC consumption below expected — South zone,Check whether the South HVAC system is operating according to schedule and setpoint.,Review HVAC South operation.,24.95807456970215,28.083499908447266,24.420000076293945
2020-09-08 23:00:00,2020-09-08 23:30:00,36.584712982177734,45.85497283935547,9.270259857177734,8.268396377563477,1.121167809798384,WARNING,1,LIGHTING,70.78984947383015,Unexpected lighting consumption,Check lighting schedules and whether lights are active outside the expected operating period.,Review lighting operation.,25.12523078918457,22.149999618530273,50.380001068115234
2020-09-08 23:30:00,2020-09-09 00:00:00,45.50526809692383,31.05115509033203,-14.454113006591797,8.268396377563477,1.7481156377327816,HIGH,2,HVAC SOUTH,95.71026499716557,HVAC consumption below expected — South zone,Check whether the South HVAC system is operating according to schedule and setpoint.,Review HVAC South operation.,25.11748695373535,21.753000259399414,51.81999969482422
2020-09-09 02:00:00,2020-09-09 02:30:00,33.02521896362305,42.17666244506836,9.151443481445312,8.268396377563477,1.106797867876534,WARNING,1,UNEXPLAINED LOAD,,Unexplained energy deviation,"The observed increase cannot be explained by the monitored HVAC, MELS or lighting subsystems. Verify meter consistency and inspect unmonitored electrical loads.",Inspect metering and unmonitored loads.,24.929946899414062,20.78350067138672,59.400001525878906
2020-09-09 02:15:00,2020-09-09 02:45:00,31.655475616455078,41.01966857910156,9.364192962646484,8.268396377563477,1.1325283083980446,WARNING,1,UNEXPLAINED LOAD,,Unexplained energy deviation,"The observed increase cannot be explained by the monitored HVAC, MELS or lighting subsystems. Verify meter consistency and inspect unmonitored electrical loads.",Inspect metering and unmonitored loads.,24.965492248535156,21.633499145507812,50.150001525878906
2020-09-09 13:45:00,2020-09-09 14:15:00,40.03566360473633,30.13958168029785,-9.896081924438477,8.268396377563477,1.1968562551369417,WARNING,1,HVAC SOUTH,86.7824393407299,HVAC consumption below expected — South zone,Check whether the South HVAC system is operating according to schedule and setpoint.,Review HVAC South operation.,24.516420364379883,14.232999801635742,89.4000015258789
2020-09-09 14:45:00,2020-09-09 15:15:00,36.50328063964844,57.926780700683594,21.423500061035156,8.268396377563477,2.5910102857633217,CRITICAL,3,LIGHTING,57.025995397557736,Unexpected lighting consumption,Check lighting schedules and whether lights are active outside the expected operating period.,Review lighting operation.,24.549484252929688,13.875,88.80000305175781
2020-09-09 15:00:00,2020-09-09 15:30:00,34.76167297363281,47.88911819458008,13.127445220947266,8.268396377563477,1.5876652039286545,HIGH,2,LIGHTING,65.456961158118,Unexpected lighting consumption,Check lighting schedules and whether lights are active outside the expected operating period.,Review lighting operation.,24.632253646850586,13.791500091552734,89.0
2020-09-09 15:15:00,2020-09-09 15:45:00,55.864044189453125,39.089229583740234,-16.77481460571289,8.268396377563477,2.0287869424392637,HIGH,2,HVAC SOUTH,73.91482464854919,HVAC consumption below expected — South zone,Check whether the South HVAC system is operating according to schedule and setpoint.,Review HVAC South operation.,24.618562698364258,13.738499641418457,89.4000015258789
2020-09-09 15:30:00,2020-09-09 16:00:00,48.90742111206055,34.00830841064453,-14.899112701416016,8.268396377563477,1.8019349848593582,HIGH,2,HVAC SOUTH,81.50841325681206,HVAC consumption below expected — South zone,Check whether the South HVAC system is operating according to schedule and setpoint.,Review HVAC South operation.,24.53806495666504,13.767000198364258,89.5999984741211
2020-09-09 16:00:00,2020-09-09 16:30:00,35.220703125,54.73318862915039,19.51248550415039,8.268396377563477,2.3598875299566022,HIGH,2,LIGHTING,67.61037731553805,Unexpected lighting consumption,Check lighting schedules and whether lights are active outside the expected operating period.,Review lighting operation.,24.559324264526367,13.869500160217285,90.30000305175781
2020-09-09 16:30:00,2020-09-09 17:00:00,53.39717483520508,40.14747619628906,-13.249698638916016,8.268396377563477,1.602450830111319,HIGH,2,HVAC SOUTH,80.38719317999275,HVAC consumption below expected — South zone,Check whether the South HVAC system is operating according to schedule and setpoint.,Review HVAC South operation.,24.573293685913086,13.935999870300293,90.9000015258789
2020-09-09 16:45:00,2020-09-09 17:15:00,37.770042419433594,58.107173919677734,20.33713150024414,8.268396377563477,2.459622225590141,HIGH,2,HVAC NORTH,44.83511092992938,Unexpected HVAC consumption — North zone,"Inspect the North HVAC operating state, schedule and temperature setpoint. A large indoor–outdoor temperature difference is also present.",Review HVAC North operation.,24.627098083496094,13.946999549865723,91.0999984741211
2020-09-09 18:45:00,2020-09-09 19:15:00,57.397342681884766,44.63648986816406,-12.760852813720703,8.268396377563477,1.543328625166983,HIGH,2,HVAC SOUTH,96.13727359776783,HVAC consumption below expected — South zone,Check whether the South HVAC system is operating according to schedule and setpoint.,Review HVAC South operation.,24.57806968688965,13.641500473022461,92.5
2020-09-09 19:00:00,2020-09-09 19:30:00,49.0978889465332,39.89534378051758,-9.202545166015625,8.268396377563477,1.1129782300939257,WARNING,1,HVAC SOUTH,81.27409364683766,HVAC consumption below expected — South zone,Check whether the South HVAC system is operating according to schedule and setpoint.,Review HVAC South operation.,24.60563087463379,13.633500099182129,92.5999984741211
2020-09-09 19:15:00,2020-09-09 19:45:00,44.81781005859375,34.60045623779297,-10.217353820800781,8.268396377563477,1.2357116609123693,WARNING,1,HVAC SOUTH,83.08181236608819,HVAC consumption below expected — South zone,Check whether the South HVAC system is operating according to schedule and setpoint.,Review HVAC South operation.,24.5906982421875,13.58899974822998,92.69999694824219
2020-09-09 19:45:00,2020-09-09 20:15:00,35.115966796875,48.15636444091797,13.040397644042969,8.268396377563477,1.5771374579269628,HIGH,2,HVAC NORTH,77.09890452348263,Unexpected HVAC consumption — North zone,"Inspect the North HVAC operating state, schedule and temperature setpoint. A large indoor–outdoor temperature difference is also present.",Review HVAC North operation.,24.59885025024414,13.67199993133545,92.80000305175781
2020-09-09 21:15:00,2020-09-09 21:45:00,46.76417541503906,55.2720947265625,8.507919311523438,8.268396377563477,1.0289684871192089,WARNING,1,LIGHTING,81.78348994037763,Unexpected lighting consumption,Check lighting schedules and whether lights are active outside the expected operating period.,Review lighting operation.,24.6763973236084,13.96399974822998,92.30000305175781
2020-09-09 22:00:00,2020-09-09 22:30:00,49.869422912597656,33.36524200439453,-16.504180908203125,8.268396377563477,1.9960558437894533,HIGH,2,HVAC SOUTH,93.58478777610047,HVAC consumption below expected — South zone,Check whether the South HVAC system is operating according to schedule and setpoint.,Review HVAC South operation.,24.680095672607422,14.274999618530273,91.80000305175781
2020-09-09 22:15:00,2020-09-09 22:45:00,45.96892547607422,37.63852310180664,-8.330402374267578,8.268396377563477,1.007499156290131,WARNING,1,HVAC SOUTH,95.34611887073952,HVAC consumption below expected — South zone,Check whether the South HVAC system is operating according to schedule and setpoint.,Review HVAC South operation.,24.70789337158203,14.633500099182129,91.4000015258789
2020-09-09 22:45:00,2020-09-09 23:15:00,37.324005126953125,50.70304489135742,13.379039764404297,8.268396377563477,1.6180936609072942,HIGH,2,LIGHTING,60.74397222121816,Unexpected lighting consumption,Check lighting schedules and whether lights are active outside the expected operating period.,Review lighting operation.,24.596948623657227,14.397000312805176,90.4000015258789
2020-09-09 23:00:00,2020-09-09 23:30:00,40.44581604003906,49.9826545715332,9.53683853149414,8.268396377563477,1.1534084840650138,WARNING,1,UNEXPLAINED LOAD,,Unexplained energy deviation,"The observed increase cannot be explained by the monitored HVAC, MELS or lighting subsystems. Verify meter consistency and inspect unmonitored electrical loads.",Inspect metering and unmonitored loads.,24.615201950073242,14.491999626159668,90.19999694824219
2020-09-09 23:15:00,2020-09-09 23:45:00,49.211429595947266,35.364524841308594,-13.846904754638672,8.268396377563477,1.6746783925614201,HIGH,2,HVAC SOUTH,88.023925627958,HVAC consumption below expected — South zone,Check whether the South HVAC system is operating according to schedule and setpoint.,Review HVAC South operation.,24.589223861694336,14.63599967956543,90.0
2020-09-09 23:30:00,2020-09-10 00:00:00,49.16905975341797,36.80778121948242,-12.361278533935547,8.268396377563477,1.4950031383931013,WARNING,1,HVAC SOUTH,91.59182051306311,HVAC consumption below expected — South zone,Check whether the South HVAC system is operating according to schedule and setpoint.,Review HVAC South operation.,24.590375900268555,14.560999870300293,89.69999694824219
2020-09-10 04:30:00,2020-09-10 05:00:00,28.833473205566406,39.372920989990234,10.539447784423828,8.268396377563477,1.2746664895048951,WARNING,1,UNEXPLAINED LOAD,,Unexplained energy deviation,"The observed increase cannot be explained by the monitored HVAC, MELS or lighting subsystems. Verify meter consistency and inspect unmonitored electrical loads.",Inspect metering and unmonitored loads.,24.31170654296875,13.433500289916992,92.9000015258789
2020-09-10 15:00:00,2020-09-10 15:30:00,35.35797119140625,47.41913604736328,12.061164855957031,8.268396377563477,1.4587066590911555,WARNING,1,LIGHTING,73.74765237369526,Unexpected lighting consumption,Check lighting schedules and whether lights are active outside the expected operating period.,Review lighting operation.,24.344371795654297,13.488499641418457,93.4000015258789
2020-09-10 15:30:00,2020-09-10 16:00:00,47.521629333496094,36.925865173339844,-10.59576416015625,8.268396377563477,1.2814775291745992,WARNING,1,HVAC SOUTH,91.24297992572443,HVAC consumption below expected — South zone,Check whether the South HVAC system is operating according to schedule and setpoint.,Review HVAC South operation.,24.410879135131836,13.482999801635742,93.30000305175781
2020-09-10 16:00:00,2020-09-10 16:30:00,38.0282096862793,47.06279754638672,9.034587860107422,8.268396377563477,1.0926650643676237,WARNING,1,LIGHTING,67.68750032913756,Unexpected lighting consumption,Check lighting schedules and whether lights are active outside the expected operating period.,Review lighting operation.,24.403045654296875,13.564000129699707,93.30000305175781
2020-09-10 16:30:00,2020-09-10 17:00:00,47.5851936340332,32.95966339111328,-14.625530242919922,8.268396377563477,1.7688472558725783,HIGH,2,HVAC SOUTH,78.32601944649092,HVAC consumption below expected — South zone,Check whether the South HVAC system is operating according to schedule and setpoint.,Review HVAC South operation.,24.378477096557617,13.71150016784668,93.19999694824219
2020-09-10 17:30:00,2020-09-10 18:00:00,40.7968864440918,53.27198791503906,12.475101470947266,8.268396377563477,1.5087691616718812,HIGH,2,LIGHTING,56.693912003840296,Unexpected lighting consumption,Check lighting schedules and whether lights are active outside the expected operating period.,Review lighting operation.,24.356822967529297,14.04699993133545,92.1500015258789
2020-09-10 17:45:00,2020-09-10 18:15:00,42.267845153808594,56.24064636230469,13.972801208496094,8.268396377563477,1.689904616379021,HIGH,2,LIGHTING,59.42074916408934,Unexpected lighting consumption,Check lighting schedules and whether lights are active outside the expected operating period.,Review lighting operation.,24.452621459960938,14.305500030517578,91.5999984741211
2020-09-10 18:15:00,2020-09-10 18:45:00,56.08275604248047,44.875526428222656,-11.207229614257812,8.268396377563477,1.3554296507444832,WARNING,1,HVAC SOUTH,100.0,HVAC consumption below expected — South zone,Check whether the South HVAC system is operating according to schedule and setpoint.,Review HVAC South operation.,24.41278839111328,14.944000244140625,89.0
2020-09-10 18:45:00,2020-09-10 19:15:00,45.61801528930664,55.57179260253906,9.953777313232422,8.268396377563477,1.2038340760056294,WARNING,1,LIGHTING,79.72024780361104,Unexpected lighting consumption,Check lighting schedules and whether lights are active outside the expected operating period.,Review lighting operation.,24.456327438354492,15.269499778747559,86.5
2020-09-10 20:00:00,2020-09-10 20:30:00,52.96352005004883,41.374107360839844,-11.589412689208984,8.268396377563477,1.4016518028401708,WARNING,1,HVAC SOUTH,97.70799826272871,HVAC consumption below expected — South zone,Check whether the South HVAC system is operating according to schedule and setpoint.,Review HVAC South operation.,24.52311897277832,16.910999298095703,76.29000091552734
2020-09-10 20:30:00,2020-09-10 21:00:00,41.610130310058594,53.130977630615234,11.52084732055664,8.268396377563477,1.3933593401277642,WARNING,1,LIGHTING,70.7126987256231,Unexpected lighting consumption,Check lighting schedules and whether lights are active outside the expected operating period.,Review lighting operation.,24.54901695251465,17.160999298095703,73.80000305175781
2020-09-10 21:15:00,2020-09-10 21:45:00,49.79393768310547,37.28516387939453,-12.508773803710938,8.268396377563477,1.5128415756232785,HIGH,2,HVAC SOUTH,89.6969882577753,HVAC consumption below expected — South zone,Check whether the South HVAC system is operating according to schedule and setpoint.,Review HVAC South operation.,24.554649353027344,16.833499908447266,73.5
2020-09-10 21:45:00,2020-09-10 22:15:00,37.365638732910156,54.444244384765625,17.07860565185547,8.268396377563477,2.0655281716051666,HIGH,2,LIGHTING,74.39950626061716,Unexpected lighting consumption,Check lighting schedules and whether lights are active outside the expected operating period.,Review lighting operation.,24.50098419189453,16.611499786376953,74.16000366210938
2020-09-10 22:15:00,2020-09-10 22:45:00,53.27661895751953,30.38014793395996,-22.89647102355957,8.268396377563477,2.769154982178864,CRITICAL,3,HVAC SOUTH,90.63578834441408,HVAC consumption below expected — South zone,Check whether the South HVAC system is operating according to schedule and setpoint.,Review HVAC South operation.,24.432592391967773,17.05299949645996,73.37000274658203
2020-09-10 22:30:00,2020-09-10 23:00:00,50.3284797668457,34.791053771972656,-15.537425994873047,8.268396377563477,1.879134149523151,HIGH,2,HVAC SOUTH,90.35684455618822,HVAC consumption below expected — South zone,Check whether the South HVAC system is operating according to schedule and setpoint.,Review HVAC South operation.,24.438386917114258,17.263999938964844,72.33000183105469
2020-09-11 01:30:00,2020-09-11 02:00:00,33.38618469238281,54.93595886230469,21.549774169921875,8.268396377563477,2.6062821841001464,CRITICAL,3,LIGHTING,66.03532058274627,Unexpected lighting consumption,Check lighting schedules and whether lights are active outside the expected operating period.,Review lighting operation.,24.340042114257812,15.467000007629395,79.41999816894531
2020-09-11 01:45:00,2020-09-11 02:15:00,37.4376220703125,29.149940490722656,-8.287681579589844,8.268396377563477,1.002332399312483,WARNING,1,HVAC SOUTH,98.03139122964318,HVAC consumption below expected — South zone,Check whether the South HVAC system is operating according to schedule and setpoint.,Review HVAC South operation.,24.385026931762695,15.383000373840332,79.7699966430664
2020-09-11 02:00:00,2020-09-11 02:30:00,50.14117431640625,33.545318603515625,-16.595855712890625,8.268396377563477,2.0071432179913313,HIGH,2,HVAC SOUTH,96.8812347967035,HVAC consumption below expected — South zone,Check whether the South HVAC system is operating according to schedule and setpoint.,Review HVAC South operation.,24.338287353515625,15.033499717712402,80.80000305175781
2020-09-11 14:15:00,2020-09-11 14:45:00,33.763267517089844,46.79246520996094,13.029197692871094,8.268396377563477,1.5757829085487707,HIGH,2,HVAC NORTH,97.31502914890619,Unexpected HVAC consumption — North zone,"Inspect the North HVAC operating state, schedule and temperature setpoint. A large indoor–outdoor temperature difference is also present.",Review HVAC North operation.,24.10999298095703,14.21399974822998,87.5999984741211
2020-09-11 14:30:00,2020-09-11 15:00:00,36.863380432128906,47.058956146240234,10.195575714111328,8.268396377563477,1.233077763637131,WARNING,1,HVAC NORTH,95.10738113446794,Unexpected HVAC consumption — North zone,"Inspect the North HVAC operating state, schedule and temperature setpoint. A large indoor–outdoor temperature difference is also present.",Review HVAC North operation.,24.10555076599121,14.383000373840332,87.69999694824219
2020-09-11 15:30:00,2020-09-11 16:00:00,45.478729248046875,59.84990692138672,14.371177673339844,8.268396377563477,1.738085236495971,HIGH,2,HVAC NORTH,81.88295054034496,Unexpected HVAC consumption — North zone,"Inspect the North HVAC operating state, schedule and temperature setpoint. A large indoor–outdoor temperature difference is also present.",Review HVAC North operation.,24.136085510253906,14.658499717712402,86.5
2020-09-11 17:30:00,2020-09-11 18:00:00,65.8173599243164,56.7322998046875,-9.085060119628906,8.268396377563477,1.098769302386309,WARNING,1,HVAC SOUTH,100.0,HVAC consumption below expected — South zone,Check whether the South HVAC system is operating according to schedule and setpoint.,Review HVAC South operation.,24.30480194091797,17.963499069213867,71.30999755859375
2020-09-11 18:00:00,2020-09-11 18:30:00,57.415870666503906,47.4876594543457,-9.928211212158203,8.268396377563477,1.2007420494618135,WARNING,1,HVAC SOUTH,100.0,HVAC consumption below expected — South zone,Check whether the South HVAC system is operating according to schedule and setpoint.,Review HVAC South operation.,24.361263275146484,18.763999938964844,67.43000030517578
2020-09-11 18:15:00,2020-09-11 18:45:00,58.15460205078125,47.6573600769043,-10.497241973876953,8.268396377563477,1.2695620159625525,WARNING,1,HVAC SOUTH,92.42802369844428,HVAC consumption below expected — South zone,Check whether the South HVAC system is operating according to schedule and setpoint.,Review HVAC South operation.,24.34251594543457,19.299999237060547,65.68000030517578
2020-09-11 19:00:00,2020-09-11 19:30:00,51.3286247253418,42.32680130004883,-9.001823425292969,8.268396377563477,1.0887024538058754,WARNING,1,HVAC SOUTH,69.61225537454474,HVAC consumption below expected — South zone,Check whether the South HVAC system is operating according to schedule and setpoint.,Review HVAC South operation.,24.41788673400879,19.92799949645996,62.95000076293945
2020-09-11 19:15:00,2020-09-11 19:45:00,51.6892204284668,40.987586975097656,-10.70163345336914,8.268396377563477,1.2942816193969995,WARNING,1,HVAC SOUTH,69.65366960028106,HVAC consumption below expected — South zone,Check whether the South HVAC system is operating according to schedule and setpoint.,Review HVAC South operation.,24.35820960998535,20.219499588012695,61.95000076293945
2020-09-11 20:30:00,2020-09-11 21:00:00,36.73939514160156,63.4369010925293,26.697505950927734,8.268396377563477,3.228861405746362,CRITICAL,3,HVAC SOUTH,52.06312486564521,Unexpected HVAC consumption — South zone,"Inspect the South HVAC operating state, schedule and temperature setpoint.",Review HVAC South operation.,24.46995735168457,21.680500030517578,56.279998779296875
2020-09-11 20:45:00,2020-09-11 21:15:00,46.30024719238281,62.29071807861328,15.990470886230469,8.268396377563477,1.9339265023168284,HIGH,2,HVAC SOUTH,66.6397388893881,Unexpected HVAC consumption — South zone,"Inspect the South HVAC operating state, schedule and temperature setpoint.",Review HVAC South operation.,24.519916534423828,21.75550079345703,55.529998779296875
2020-09-14 15:15:00,2020-09-14 15:45:00,46.776512145996094,58.57208251953125,11.795570373535156,8.268396377563477,1.4265850153897754,WARNING,1,LIGHTING,45.62105212567353,Unexpected lighting consumption,Check lighting schedules and whether lights are active outside the expected operating period.,Review lighting operation.,24.01958656311035,12.741499900817871,86.80000305175781
2020-09-14 15:45:00,2020-09-14 16:15:00,58.55697250366211,44.369266510009766,-14.187705993652344,8.268396377563477,1.7158957246112534,HIGH,2,UNEXPLAINED LOAD,,Unexplained energy deviation,"The observed reduction cannot be explained by the monitored HVAC, MELS or lighting subsystems. Verify meter and sensor consistency and check for unexpected shutdowns.",Inspect metering and unmonitored loads.,24.028881072998047,13.16100025177002,84.9000015258789
2020-09-14 18:30:00,2020-09-14 19:00:00,48.565242767333984,61.8892707824707,13.324028015136719,8.268396377563477,1.6114404059403633,HIGH,2,HVAC SOUTH,88.00798771936304,Unexpected HVAC consumption — South zone,"Inspect the South HVAC operating state, schedule and temperature setpoint.",Review HVAC South operation.,24.232139587402344,17.01099967956543,64.58000183105469
2020-09-14 18:45:00,2020-09-14 19:15:00,47.678321838378906,56.815895080566406,9.1375732421875,8.268396377563477,1.1051203673523151,WARNING,1,LIGHTING,89.10691052168237,Unexpected lighting consumption,Check lighting schedules and whether lights are active outside the expected operating period.,Review lighting operation.,24.209964752197266,17.13050079345703,63.40999984741211
2020-09-15 15:00:00,2020-09-15 15:30:00,58.89082717895508,50.602535247802734,-8.288291931152344,8.268396377563477,1.0024062167172894,WARNING,1,UNEXPLAINED LOAD,,Unexplained energy deviation,"The observed reduction cannot be explained by the monitored HVAC, MELS or lighting subsystems. Verify meter and sensor consistency and check for unexpected shutdowns.",Inspect metering and unmonitored loads.,24.214252471923828,14.388999938964844,88.30000305175781
2020-09-15 15:30:00,2020-09-15 16:00:00,51.45022964477539,61.234588623046875,9.784358978271484,8.268396377563477,1.1833442098665727,WARNING,1,HVAC SOUTH,65.9731566847005,Unexpected HVAC consumption — South zone,"Inspect the South HVAC operating state, schedule and temperature setpoint. A large indoor–outdoor temperature difference is also present.",Review HVAC South operation.,24.20782470703125,14.803000450134277,85.5999984741211
2020-09-15 15:45:00,2020-09-15 16:15:00,54.3722038269043,63.70508575439453,9.332881927490234,8.268396377563477,1.128741475531491,WARNING,1,HVAC SOUTH,50.38292128558199,Unexpected HVAC consumption — South zone,"Inspect the South HVAC operating state, schedule and temperature setpoint. A large indoor–outdoor temperature difference is also present.",Review HVAC South operation.,24.255659103393555,15.064000129699707,84.19999694824219
2020-09-15 16:00:00,2020-09-15 16:30:00,61.110965728759766,69.51911926269531,8.408153533935547,8.268396377563477,1.0169025709448698,WARNING,1,HVAC NORTH,47.12506947796638,Unexpected HVAC consumption — North zone,"Inspect the North HVAC operating state, schedule and temperature setpoint. A large indoor–outdoor temperature difference is also present.",Review HVAC North operation.,24.283584594726562,15.327500343322754,82.80000305175781
2020-09-16 14:15:00,2020-09-16 14:45:00,55.834293365478516,40.93352508544922,-14.900768280029297,8.268396377563477,1.8021352145698948,HIGH,2,HVAC SOUTH,88.63568353850484,HVAC consumption below expected — South zone,Check whether the South HVAC system is operating according to schedule and setpoint.,Review HVAC South operation.,24.20999526977539,16.302499771118164,91.80000305175781
2020-09-16 14:30:00,2020-09-16 15:00:00,52.862510681152344,40.333763122558594,-12.52874755859375,8.268396377563477,1.5152572501955583,HIGH,2,HVAC SOUTH,98.40713501678636,HVAC consumption below expected — South zone,Check whether the South HVAC system is operating according to schedule and setpoint.,Review HVAC South operation.,24.218061447143555,16.416500091552734,92.0
2020-09-16 21:45:00,2020-09-16 22:15:00,58.113834381103516,66.55493927001953,8.441104888916016,8.268396377563477,1.0208877880868397,WARNING,1,HVAC SOUTH,59.57664429081869,Unexpected HVAC consumption — South zone,"Inspect the South HVAC operating state, schedule and temperature setpoint.",Review HVAC South operation.,24.796831130981445,22.616500854492188,58.650001525878906
2020-09-17 01:30:00,2020-09-17 02:00:00,61.286231994628906,49.58968734741211,-11.696544647216797,8.268396377563477,1.4146086028187637,WARNING,1,UNEXPLAINED LOAD,,Unexplained energy deviation,"The observed reduction cannot be explained by the monitored HVAC, MELS or lighting subsystems. Verify meter and sensor consistency and check for unexpected shutdowns.",Inspect metering and unmonitored loads.,24.824352264404297,21.142000198364258,70.5
2020-09-17 01:45:00,2020-09-17 02:15:00,51.607757568359375,41.07656478881836,-10.531192779541016,8.268396377563477,1.2736681091048925,WARNING,1,HVAC SOUTH,100.0,HVAC consumption below expected — South zone,Check whether the South HVAC system is operating according to schedule and setpoint.,Review HVAC South operation.,24.882780075073242,20.66950035095215,72.8499984741211
2020-09-17 02:00:00,2020-09-17 02:30:00,48.420204162597656,39.462520599365234,-8.957683563232422,8.268396377563477,1.0833640713620534,WARNING,1,HVAC SOUTH,95.7738948955607,HVAC consumption below expected — South zone,Check whether the South HVAC system is operating according to schedule and setpoint.,Review HVAC South operation.,24.886653900146484,20.083499908447266,74.80000305175781
2020-09-17 14:15:00,2020-09-17 14:45:00,40.66184997558594,54.310340881347656,13.648490905761719,8.268396377563477,1.650681738335293,HIGH,2,HVAC NORTH,91.53501155237691,Unexpected HVAC consumption — North zone,"Inspect the North HVAC operating state, schedule and temperature setpoint. A large indoor–outdoor temperature difference is also present.",Review HVAC North operation.,24.24955177307129,15.944499969482422,92.19999694824219
2020-09-17 14:30:00,2020-09-17 15:00:00,44.33939743041992,55.778018951416016,11.438621520996094,8.268396377563477,1.3834147516240405,WARNING,1,HVAC NORTH,92.54637846782771,Unexpected HVAC consumption — North zone,"Inspect the North HVAC operating state, schedule and temperature setpoint. A large indoor–outdoor temperature difference is also present.",Review HVAC North operation.,24.25279426574707,15.996999740600586,92.0
2020-09-17 15:15:00,2020-09-17 15:45:00,59.69203186035156,50.15201187133789,-9.540019989013672,8.268396377563477,1.1537932572875655,WARNING,1,HVAC SOUTH,99.53587504171554,HVAC consumption below expected — South zone,Check whether the South HVAC system is operating according to schedule and setpoint.,Review HVAC South operation.,24.378143310546875,16.785999298095703,92.4000015258789
2020-09-17 15:30:00,2020-09-17 16:00:00,52.54264450073242,44.049713134765625,-8.492931365966797,8.268396377563477,1.0271558084724388,WARNING,1,HVAC SOUTH,99.72035120886204,HVAC consumption below expected — South zone,Check whether the South HVAC system is operating according to schedule and setpoint.,Review HVAC South operation.,24.384408950805664,16.96649932861328,92.4000015258789
2020-09-17 15:45:00,2020-09-17 16:15:00,51.43123245239258,41.98828125,-9.442951202392578,8.268396377563477,1.1420535217707135,WARNING,1,HVAC SOUTH,96.99659646728026,HVAC consumption below expected — South zone,Check whether the South HVAC system is operating according to schedule and setpoint.,Review HVAC South operation.,24.394046783447266,17.388999938964844,92.19999694824219
2020-09-17 17:45:00,2020-09-17 18:15:00,50.23316955566406,35.76691436767578,-14.466255187988281,8.268396377563477,1.749584142729643,HIGH,2,HVAC SOUTH,85.87530122104495,HVAC consumption below expected — South zone,Check whether the South HVAC system is operating according to schedule and setpoint.,Review HVAC South operation.,24.548870086669922,19.666500091552734,79.38999938964844
2020-09-17 18:00:00,2020-09-17 18:30:00,44.08124542236328,34.66912841796875,-9.412117004394531,8.268396377563477,1.1383243587516647,WARNING,1,HVAC SOUTH,83.30309256394605,HVAC consumption below expected — South zone,Check whether the South HVAC system is operating according to schedule and setpoint.,Review HVAC South operation.,24.532817840576172,19.694499969482422,75.41000366210938
2020-09-17 19:00:00,2020-09-17 19:30:00,41.49349594116211,57.25513458251953,15.761638641357422,8.268396377563477,1.9062509731786765,HIGH,2,UNEXPLAINED LOAD,,Unexplained energy deviation,"The observed increase cannot be explained by the monitored HVAC, MELS or lighting subsystems. Verify meter consistency and inspect unmonitored electrical loads.",Inspect metering and unmonitored loads.,24.597537994384766,21.97249984741211,64.2300033569336
2020-09-17 19:15:00,2020-09-17 19:45:00,44.0948600769043,58.88530349731445,14.790443420410156,8.268396377563477,1.78879225729241,HIGH,2,HVAC SOUTH,90.1300639237532,Unexpected HVAC consumption — South zone,"Inspect the South HVAC operating state, schedule and temperature setpoint.",Review HVAC South operation.,24.616836547851562,22.66950035095215,61.09000015258789
2020-09-17 20:15:00,2020-09-17 20:45:00,67.02726745605469,51.749366760253906,-15.277900695800781,8.268396377563477,1.8477465276408118,HIGH,2,HVAC SOUTH,98.92963220494391,HVAC consumption below expected — South zone,Check whether the South HVAC system is operating according to schedule and setpoint.,Review HVAC South operation.,24.654911041259766,19.88599967956543,63.33000183105469
2020-09-17 20:30:00,2020-09-17 21:00:00,59.74327850341797,42.11554718017578,-17.627731323242188,8.268396377563477,2.131940767991666,HIGH,2,HVAC SOUTH,99.48976015873548,HVAC consumption below expected — South zone,Check whether the South HVAC system is operating according to schedule and setpoint.,Review HVAC South operation.,24.66851806640625,19.450000762939453,66.0
2020-09-17 21:00:00,2020-09-17 21:30:00,42.69133758544922,55.13715744018555,12.445819854736328,8.268396377563477,1.5052277716763078,HIGH,2,UNEXPLAINED LOAD,,Unexplained energy deviation,"The observed increase cannot be explained by the monitored HVAC, MELS or lighting subsystems. Verify meter consistency and inspect unmonitored electrical loads.",Inspect metering and unmonitored loads.,24.745208740234375,21.024999618530273,60.349998474121094
2020-09-18 01:00:00,2020-09-18 01:30:00,63.741336822509766,43.32959747314453,-20.411739349365234,8.268396377563477,2.4686454806101286,HIGH,2,HVAC SOUTH,96.02797588098512,HVAC consumption below expected — South zone,Check whether the South HVAC system is operating according to schedule and setpoint.,Review HVAC South operation.,24.855993270874023,20.036500930786133,64.5
2020-09-18 01:15:00,2020-09-18 01:45:00,53.7910270690918,40.971073150634766,-12.819953918457031,8.268396377563477,1.550476456746115,HIGH,2,HVAC SOUTH,81.8598330673065,HVAC consumption below expected — South zone,Check whether the South HVAC system is operating according to schedule and setpoint.,Review HVAC South operation.,24.84187126159668,19.96649932861328,66.27999877929688
2020-09-20 01:30:00,2020-09-20 02:00:00,48.028076171875,39.05519485473633,-8.972881317138672,8.268396377563477,1.0852021247417256,WARNING,1,HVAC SOUTH,82.14707345236934,HVAC consumption below expected — South zone,Check whether the South HVAC system is operating according to schedule and setpoint.,Review HVAC South operation.,24.493722915649414,22.230499267578125,49.33000183105469
2020-09-20 01:45:00,2020-09-20 02:15:00,45.388587951660156,33.987632751464844,-11.400955200195312,8.268396377563477,1.3788592950299434,WARNING,1,HVAC SOUTH,89.30382670972189,HVAC consumption below expected — South zone,Check whether the South HVAC system is operating according to schedule and setpoint.,Review HVAC South operation.,24.417707443237305,21.79450035095215,50.560001373291016
2020-09-20 17:00:00,2020-09-20 17:30:00,44.35619354248047,53.367767333984375,9.011573791503906,8.268396377563477,1.089881686847653,WARNING,1,HVAC SOUTH,89.97454903733338,Unexpected HVAC consumption — South zone,"Inspect the South HVAC operating state, schedule and temperature setpoint.",Review HVAC South operation.,24.163755416870117,21.791500091552734,55.43000030517578
2020-09-21 01:15:00,2020-09-21 01:45:00,57.704010009765625,46.747222900390625,-10.956787109375,8.268396377563477,1.3251405241174148,WARNING,1,UNEXPLAINED LOAD,,Unexplained energy deviation,"The observed reduction cannot be explained by the monitored HVAC, MELS or lighting subsystems. Verify meter and sensor consistency and check for unexpected shutdowns.",Inspect metering and unmonitored loads.,24.619421005249023,24.163999557495117,35.90999984741211
2020-09-21 01:30:00,2020-09-21 02:00:00,50.94366455078125,41.079673767089844,-9.863990783691406,8.268396377563477,1.1929750743998702,WARNING,1,HVAC SOUTH,80.91478660054487,HVAC consumption below expected — South zone,Check whether the South HVAC system is operating according to schedule and setpoint.,Review HVAC South operation.,24.562747955322266,23.680500030517578,37.66999816894531
2020-09-21 18:00:00,2020-09-21 18:30:00,38.149288177490234,50.434757232666016,12.285469055175781,8.268396377563477,1.485834555357402,WARNING,1,HVAC NORTH,92.3576863741156,Unexpected HVAC consumption — North zone,"Inspect the North HVAC operating state, schedule and temperature setpoint.",Review HVAC North operation.,24.27387809753418,19.288999557495117,63.0099983215332
2020-09-21 19:00:00,2020-09-21 19:30:00,51.08353042602539,41.93888854980469,-9.144641876220703,8.268396377563477,1.1059752651717258,WARNING,1,HVAC SOUTH,99.72793932971376,HVAC consumption below expected — South zone,Check whether the South HVAC system is operating according to schedule and setpoint.,Review HVAC South operation.,24.32050132751465,19.638999938964844,60.65999984741211
2020-09-21 19:45:00,2020-09-21 20:15:00,37.42680358886719,50.448150634765625,13.021347045898438,8.268396377563477,1.574833432179452,HIGH,2,LIGHTING,66.95464633154849,Unexpected lighting consumption,Check lighting schedules and whether lights are active outside the expected operating period.,Review lighting operation.,24.357885360717773,20.753000259399414,56.439998626708984
2020-09-21 20:00:00,2020-09-21 20:30:00,40.74121856689453,59.722686767578125,18.981468200683594,8.268396377563477,2.295665003698944,HIGH,2,LIGHTING,42.34398057216001,Unexpected lighting consumption,Check lighting schedules and whether lights are active outside the expected operating period.,Review lighting operation.,24.46644401550293,22.180500030517578,51.5
2020-09-21 20:15:00,2020-09-21 20:45:00,51.02805709838867,60.465538024902344,9.437480926513672,8.268396377563477,1.1413919332801388,WARNING,1,HVAC SOUTH,60.128865157743085,Unexpected HVAC consumption — South zone,"Inspect the South HVAC operating state, schedule and temperature setpoint.",Review HVAC South operation.,24.500959396362305,22.913999557495117,46.22999954223633
2020-09-22 00:00:00,2020-09-22 00:30:00,54.460140228271484,63.453155517578125,8.99301528930664,8.268396377563477,1.0876371763827672,WARNING,1,LIGHTING,56.126466343040946,Unexpected lighting consumption,Check lighting schedules and whether lights are active outside the expected operating period.,Review lighting operation.,24.80691909790039,21.513999938964844,49.88999938964844
2020-09-22 00:15:00,2020-09-22 00:45:00,55.44141387939453,66.28621673583984,10.844802856445312,8.268396377563477,1.3115968757706133,WARNING,1,LIGHTING,47.02489652732634,Unexpected lighting consumption,Check lighting schedules and whether lights are active outside the expected operating period.,Review lighting operation.,24.787141799926758,20.91950035095215,51.689998626708984
2020-09-22 00:45:00,2020-09-22 01:15:00,64.54794311523438,53.2423210144043,-11.305622100830078,8.268396377563477,1.3673294777580085,WARNING,1,MELS NORTH,91.03874293348994,Equipment load below expected — North zone,Check whether equipment in the North zone is inactive or offline unexpectedly.,Review MELS North loads.,24.70618438720703,20.383499145507812,57.08000183105469
2020-09-22 01:00:00,2020-09-22 01:30:00,56.51300048828125,48.11737823486328,-8.395622253417969,8.268396377563477,1.0153870073524442,WARNING,1,UNEXPLAINED LOAD,,Unexplained energy deviation,"The observed reduction cannot be explained by the monitored HVAC, MELS or lighting subsystems. Verify meter and sensor consistency and check for unexpected shutdowns.",Inspect metering and unmonitored loads.,24.692312240600586,19.799999237060547,60.119998931884766
2020-09-22 01:15:00,2020-09-22 01:45:00,52.108192443847656,40.20695114135742,-11.901241302490234,8.268396377563477,1.439365114955614,WARNING,1,HVAC SOUTH,94.4279486695874,HVAC consumption below expected — South zone,Check whether the South HVAC system is operating according to schedule and setpoint.,Review HVAC South operation.,24.67905616760254,19.49449920654297,62.400001525878906
2020-09-22 14:30:00,2020-09-22 15:00:00,44.883140563964844,55.38246154785156,10.499320983886719,8.268396377563477,1.2698134564976733,WARNING,1,HVAC NORTH,84.75879646673823,Unexpected HVAC consumption — North zone,"Inspect the North HVAC operating state, schedule and temperature setpoint. A large indoor–outdoor temperature difference is also present.",Review HVAC North operation.,24.1324405670166,13.819499969482422,90.0
2020-09-22 15:00:00,2020-09-22 15:30:00,55.052032470703125,45.50075912475586,-9.551273345947266,8.268396377563477,1.1551542656886784,WARNING,1,HVAC SOUTH,74.21547397173629,HVAC consumption below expected — South zone,Check whether the South HVAC system is operating according to schedule and setpoint.,Review HVAC South operation.,24.114707946777344,14.016500473022461,89.30000305175781
2020-09-22 17:45:00,2020-09-22 18:15:00,46.642189025878906,37.680667877197266,-8.96152114868164,8.268396377563477,1.0838281982947717,WARNING,1,HVAC SOUTH,83.88656030615765,HVAC consumption below expected — South zone,Check whether the South HVAC system is operating according to schedule and setpoint.,Review HVAC South operation.,24.29637908935547,19.08650016784668,63.720001220703125
2020-09-22 19:15:00,2020-09-22 19:45:00,48.51054763793945,58.89788818359375,10.387340545654297,8.268396377563477,1.2562702695096517,WARNING,1,HVAC NORTH,72.56174113400867,Unexpected HVAC consumption — North zone,"Inspect the North HVAC operating state, schedule and temperature setpoint.",Review HVAC North operation.,24.48883056640625,21.333499908447266,53.45000076293945
2020-09-23 00:45:00,2020-09-23 01:15:00,59.31513977050781,50.02058029174805,-9.294559478759766,8.268396377563477,1.1241066652272274,WARNING,1,HVAC SOUTH,100.0,HVAC consumption below expected — South zone,Check whether the South HVAC system is operating according to schedule and setpoint.,Review HVAC South operation.,24.748859405517578,21.503000259399414,51.15999984741211
2020-09-23 01:00:00,2020-09-23 01:30:00,59.51795959472656,41.071372985839844,-18.44658660888672,8.268396377563477,2.230975120997107,HIGH,2,HVAC SOUTH,78.89134494472717,HVAC consumption below expected — South zone,Check whether the South HVAC system is operating according to schedule and setpoint.,Review HVAC South operation.,24.77715301513672,20.441999435424805,56.34000015258789
2020-09-23 01:15:00,2020-09-23 01:45:00,49.19790267944336,39.114749908447266,-10.083152770996094,8.268396377563477,1.2194810590306253,WARNING,1,HVAC SOUTH,70.72187520683198,HVAC consumption below expected — South zone,Check whether the South HVAC system is operating according to schedule and setpoint.,Review HVAC South operation.,24.72486114501953,19.663999557495117,59.34000015258789
2020-09-24 01:15:00,2020-09-24 01:45:00,59.70151901245117,44.588661193847656,-15.112857818603516,8.268396377563477,1.827785840022459,HIGH,2,UNEXPLAINED LOAD,,Unexplained energy deviation,"The observed reduction cannot be explained by the monitored HVAC, MELS or lighting subsystems. Verify meter and sensor consistency and check for unexpected shutdowns.",Inspect metering and unmonitored loads.,24.820871353149414,20.411500930786133,65.44999694824219
2020-09-24 01:30:00,2020-09-24 02:00:00,52.98478698730469,41.974517822265625,-11.010269165039062,8.268396377563477,1.3316087742135505,WARNING,1,UNEXPLAINED LOAD,,Unexplained energy deviation,"The observed reduction cannot be explained by the monitored HVAC, MELS or lighting subsystems. Verify meter and sensor consistency and check for unexpected shutdowns.",Inspect metering and unmonitored loads.,24.822284698486328,19.475000381469727,68.76000213623047
2020-09-24 18:45:00,2020-09-24 19:15:00,50.72285079956055,60.451148986816406,9.72829818725586,8.268396377563477,1.1765640812351312,WARNING,1,HVAC SOUTH,87.13995967500604,Unexpected HVAC consumption — South zone,"Inspect the South HVAC operating state, schedule and temperature setpoint.",Review HVAC South operation.,24.573593139648438,22.041500091552734,61.4900016784668
2020-09-24 19:00:00,2020-09-24 19:30:00,51.82093811035156,61.92721176147461,10.106273651123047,8.268396377563477,1.2222773545964367,WARNING,1,HVAC SOUTH,88.80342595267219,Unexpected HVAC consumption — South zone,"Inspect the South HVAC operating state, schedule and temperature setpoint.",Review HVAC South operation.,24.608448028564453,22.055500030517578,61.04999923706055
2020-09-24 19:45:00,2020-09-24 20:15:00,68.69914245605469,54.56373596191406,-14.135406494140625,8.268396377563477,1.7095704957369295,HIGH,2,LIGHTING,54.66327072550712,Lighting consumption below expected,Check lighting system availability and scheduled operating state.,Review lighting operation.,24.701778411865234,23.691499710083008,55.0099983215332
2020-09-25 00:45:00,2020-09-25 01:15:00,65.00448608398438,56.34619903564453,-8.658287048339844,8.268396377563477,1.0471543275107549,WARNING,1,UNEXPLAINED LOAD,,Unexplained energy deviation,"The observed reduction cannot be explained by the monitored HVAC, MELS or lighting subsystems. Verify meter and sensor consistency and check for unexpected shutdowns.",Inspect metering and unmonitored loads.,24.97132110595703,20.621999740600586,57.400001525878906
2020-09-25 01:00:00,2020-09-25 01:30:00,63.25557327270508,48.15825653076172,-15.09731674194336,8.268396377563477,1.8259062643525834,HIGH,2,UNEXPLAINED LOAD,,Unexplained energy deviation,"The observed reduction cannot be explained by the monitored HVAC, MELS or lighting subsystems. Verify meter and sensor consistency and check for unexpected shutdowns.",Inspect metering and unmonitored loads.,24.87841796875,19.78849983215332,62.400001525878906
2020-09-25 01:15:00,2020-09-25 01:45:00,55.13522720336914,39.49167251586914,-15.6435546875,8.268396377563477,1.891969612142594,HIGH,2,UNEXPLAINED LOAD,,Unexplained energy deviation,"The observed reduction cannot be explained by the monitored HVAC, MELS or lighting subsystems. Verify meter and sensor consistency and check for unexpected shutdowns.",Inspect metering and unmonitored loads.,24.83450698852539,19.272499084472656,64.80000305175781
2020-09-25 01:30:00,2020-09-25 02:00:00,47.12815856933594,38.58107376098633,-8.54708480834961,8.268396377563477,1.0337052577138612,WARNING,1,UNEXPLAINED LOAD,,Unexplained energy deviation,"The observed reduction cannot be explained by the monitored HVAC, MELS or lighting subsystems. Verify meter and sensor consistency and check for unexpected shutdowns.",Inspect metering and unmonitored loads.,24.873838424682617,18.577999114990234,67.91999816894531
2020-09-25 14:45:00,2020-09-25 15:15:00,37.166961669921875,52.04716491699219,14.880203247070312,8.268396377563477,1.7996480293867088,HIGH,2,HVAC NORTH,97.05229119196629,Unexpected HVAC consumption — North zone,"Inspect the North HVAC operating state, schedule and temperature setpoint. A large indoor–outdoor temperature difference is also present.",Review HVAC North operation.,24.157791137695312,13.880499839782715,87.80000305175781
2020-09-25 15:00:00,2020-09-25 15:30:00,45.57707595825195,57.05486297607422,11.477787017822266,8.268396377563477,1.3881515222186929,WARNING,1,HVAC NORTH,73.54146119522144,Unexpected HVAC consumption — North zone,"Inspect the North HVAC operating state, schedule and temperature setpoint. A large indoor–outdoor temperature difference is also present.",Review HVAC North operation.,24.222726821899414,14.369500160217285,86.19999694824219
2020-09-25 16:15:00,2020-09-25 16:45:00,51.28525161743164,42.839691162109375,-8.445560455322266,8.268396377563477,1.0214266551419244,WARNING,1,UNEXPLAINED LOAD,,Unexplained energy deviation,"The observed reduction cannot be explained by the monitored HVAC, MELS or lighting subsystems. Verify meter and sensor consistency and check for unexpected shutdowns.",Inspect metering and unmonitored loads.,24.28519630432129,16.366500854492188,75.7699966430664
2020-09-25 18:30:00,2020-09-25 19:00:00,41.98286819458008,52.09669494628906,10.113826751708984,8.268396377563477,1.2231908449809124,WARNING,1,LIGHTING,55.52801291479598,Unexpected lighting consumption,Check lighting schedules and whether lights are active outside the expected operating period.,Review lighting operation.,24.390735626220703,19.938499450683594,57.68000030517578
2020-09-25 18:45:00,2020-09-25 19:15:00,41.842926025390625,52.00381088256836,10.160884857177734,8.268396377563477,1.2288821668914638,WARNING,1,LIGHTING,80.67652465630107,Unexpected lighting consumption,Check lighting schedules and whether lights are active outside the expected operating period.,Review lighting operation.,24.41428565979004,20.241500854492188,55.790000915527344
2020-09-25 20:15:00,2020-09-25 20:45:00,51.977149963378906,61.559043884277344,9.581893920898438,8.268396377563477,1.158857592616045,WARNING,1,HVAC SOUTH,44.586320305987606,Unexpected HVAC consumption — South zone,"Inspect the South HVAC operating state, schedule and temperature setpoint.",Review HVAC South operation.,24.547868728637695,22.003000259399414,46.31999969482422
2020-09-26 01:15:00,2020-09-26 01:45:00,58.19444274902344,44.83383560180664,-13.360607147216797,8.268396377563477,1.6158643752821498,HIGH,2,UNEXPLAINED LOAD,,Unexplained energy deviation,"The observed reduction cannot be explained by the monitored HVAC, MELS or lighting subsystems. Verify meter and sensor consistency and check for unexpected shutdowns.",Inspect metering and unmonitored loads.,24.728487014770508,20.54199981689453,56.83000183105469
2020-09-26 01:30:00,2020-09-26 02:00:00,57.0819091796875,37.68303298950195,-19.398876190185547,8.268396377563477,2.3461473427695045,HIGH,2,HVAC SOUTH,77.39713295474805,HVAC consumption below expected — South zone,Check whether the South HVAC system is operating according to schedule and setpoint.,Review HVAC South operation.,24.7196102142334,19.644500732421875,61.0
2020-09-26 17:30:00,2020-09-26 18:00:00,38.078983306884766,49.86362075805664,11.784637451171875,8.268396377563477,1.425262761126186,WARNING,1,LIGHTING,75.53522656418163,Unexpected lighting consumption,Check lighting schedules and whether lights are active outside the expected operating period.,Review lighting operation.,24.256731033325195,21.64699935913086,59.59000015258789
2020-09-27 02:15:00,2020-09-27 02:45:00,51.10337448120117,40.469512939453125,-10.633861541748047,8.268396377563477,1.2860851193108407,WARNING,1,UNEXPLAINED LOAD,,Unexplained energy deviation,"The observed reduction cannot be explained by the monitored HVAC, MELS or lighting subsystems. Verify meter and sensor consistency and check for unexpected shutdowns.",Inspect metering and unmonitored loads.,24.524478912353516,23.361000061035156,49.599998474121094
2020-09-27 02:45:00,2020-09-27 03:15:00,39.71155548095703,48.085205078125,8.373649597167969,8.268396377563477,1.012729580779424,WARNING,1,HVAC SOUTH,79.6691141455704,Unexpected HVAC consumption — South zone,"Inspect the South HVAC operating state, schedule and temperature setpoint.",Review HVAC South operation.,24.526531219482422,23.538999557495117,47.93000030517578
2020-09-27 16:15:00,2020-09-27 16:45:00,45.315731048583984,55.304931640625,9.989200592041016,8.268396377563477,1.2081182536370643,WARNING,1,HVAC SOUTH,95.57369527506413,Unexpected HVAC consumption — South zone,"Inspect the South HVAC operating state, schedule and temperature setpoint.",Review HVAC South operation.,24.26930809020996,21.325000762939453,53.41999816894531
2020-09-27 23:45:00,2020-09-28 00:15:00,58.464725494384766,68.46285247802734,9.998126983642578,8.268396377563477,1.2091978331823536,WARNING,1,HVAC SOUTH,99.9446863862911,Unexpected HVAC consumption — South zone,"Inspect the South HVAC operating state, schedule and temperature setpoint. A large indoor–outdoor temperature difference is also present.",Review HVAC South operation.,24.59905433654785,33.25,13.470000267028809
2020-09-28 05:15:00,2020-09-28 05:45:00,63.89810562133789,53.64924621582031,-10.248859405517578,8.268396377563477,1.2395220230767048,WARNING,1,UNEXPLAINED LOAD,,Unexplained energy deviation,"The observed reduction cannot be explained by the monitored HVAC, MELS or lighting subsystems. Verify meter and sensor consistency and check for unexpected shutdowns.",Inspect metering and unmonitored loads.,24.475910186767578,28.416500091552734,17.219999313354492
2020-09-28 05:30:00,2020-09-28 06:00:00,61.445858001708984,52.05998229980469,-9.385875701904297,8.268396377563477,1.1351506717037818,WARNING,1,UNEXPLAINED LOAD,,Unexplained energy deviation,"The observed reduction cannot be explained by the monitored HVAC, MELS or lighting subsystems. Verify meter and sensor consistency and check for unexpected shutdowns.",Inspect metering and unmonitored loads.,24.4442195892334,28.66699981689453,17.079999923706055
2020-09-28 07:45:00,2020-09-28 08:15:00,41.151119232177734,30.785064697265625,-10.36605453491211,8.268396377563477,1.2536958875170385,WARNING,1,HVAC SOUTH,88.62144372952612,HVAC consumption below expected — South zone,Check whether the South HVAC system is operating according to schedule and setpoint.,Review HVAC South operation.,24.47650146484375,28.777999877929688,15.050000190734863
2020-09-28 09:45:00,2020-09-28 10:15:00,45.49934005737305,36.9224853515625,-8.576854705810547,8.268396377563477,1.0373057016332792,WARNING,1,UNEXPLAINED LOAD,,Unexplained energy deviation,"The observed reduction cannot be explained by the monitored HVAC, MELS or lighting subsystems. Verify meter and sensor consistency and check for unexpected shutdowns.",Inspect metering and unmonitored loads.,24.443925857543945,28.555500030517578,13.520000457763672
2020-09-28 12:15:00,2020-09-28 12:45:00,47.372371673583984,56.654579162597656,9.282207489013672,8.268396377563477,1.1226127854974635,WARNING,1,HVAC SOUTH,97.07805806251827,Unexpected HVAC consumption — South zone,"Inspect the South HVAC operating state, schedule and temperature setpoint.",Review HVAC South operation.,24.54227638244629,28.055500030517578,11.760000228881836
2020-09-29 00:15:00,2020-09-29 00:45:00,78.52745056152344,69.32084655761719,-9.20660400390625,8.268396377563477,1.1134691158358865,WARNING,1,UNEXPLAINED LOAD,,Unexplained energy deviation,"The observed reduction cannot be explained by the monitored HVAC, MELS or lighting subsystems. Verify meter and sensor consistency and check for unexpected shutdowns.",Inspect metering and unmonitored loads.,25.32297134399414,30.472000122070312,28.600000381469727
2020-09-29 01:00:00,2020-09-29 01:30:00,69.30787658691406,59.58678436279297,-9.721092224121094,8.268396377563477,1.1756925744996392,WARNING,1,UNEXPLAINED LOAD,,Unexplained energy deviation,"The observed reduction cannot be explained by the monitored HVAC, MELS or lighting subsystems. Verify meter and sensor consistency and check for unexpected shutdowns.",Inspect metering and unmonitored loads.,25.20795249938965,26.597000122070312,41.220001220703125
2020-09-29 01:15:00,2020-09-29 01:45:00,66.13127899169922,47.57672882080078,-18.554550170898438,8.268396377563477,2.2440324971897483,HIGH,2,UNEXPLAINED LOAD,,Unexplained energy deviation,"The observed reduction cannot be explained by the monitored HVAC, MELS or lighting subsystems. Verify meter and sensor consistency and check for unexpected shutdowns.",Inspect metering and unmonitored loads.,25.213529586791992,26.100000381469727,43.689998626708984
2020-09-29 01:30:00,2020-09-29 02:00:00,58.64043426513672,43.01353073120117,-15.626903533935547,8.268396377563477,1.8899557810677272,HIGH,2,UNEXPLAINED LOAD,,Unexplained energy deviation,"The observed reduction cannot be explained by the monitored HVAC, MELS or lighting subsystems. Verify meter and sensor consistency and check for unexpected shutdowns.",Inspect metering and unmonitored loads.,25.21973419189453,24.475000381469727,46.560001373291016
2020-09-29 14:00:00,2020-09-29 14:30:00,39.660858154296875,50.44447326660156,10.783615112304688,8.268396377563477,1.3041966809388006,WARNING,1,HVAC NORTH,57.42997722492237,Unexpected HVAC consumption — North zone,"Inspect the North HVAC operating state, schedule and temperature setpoint. A large indoor–outdoor temperature difference is also present.",Review HVAC North operation.,24.610929489135742,15.399999618530273,78.80999755859375
2020-09-29 16:30:00,2020-09-29 17:00:00,48.85865783691406,39.05860900878906,-9.800048828125,8.268396377563477,1.1852417785288698,WARNING,1,LIGHTING,57.470198793848226,Lighting consumption below expected,Check lighting system availability and scheduled operating state.,Review lighting operation.,24.647348403930664,14.675000190734863,85.30000305175781
2020-09-29 16:45:00,2020-09-29 17:15:00,45.2656364440918,36.99702453613281,-8.268611907958984,8.268396377563477,1.000026066771072,WARNING,1,LIGHTING,35.89159353224151,Lighting consumption below expected,Check lighting system availability and scheduled operating state.,Review lighting operation.,24.694358825683594,15.352499961853027,83.5
2020-09-29 17:30:00,2020-09-29 18:00:00,38.28022766113281,51.62805938720703,13.347831726074219,8.268396377563477,1.6143192847278018,HIGH,2,HVAC SOUTH,50.90463218933476,Unexpected HVAC consumption — South zone,"Inspect the South HVAC operating state, schedule and temperature setpoint.",Review HVAC South operation.,24.742868423461914,19.491500854492188,63.709999084472656
2020-09-29 17:45:00,2020-09-29 18:15:00,40.630393981933594,52.3512077331543,11.720813751220703,8.268396377563477,1.4175437673773668,WARNING,1,HVAC SOUTH,61.73302150595268,Unexpected HVAC consumption — South zone,"Inspect the South HVAC operating state, schedule and temperature setpoint.",Review HVAC South operation.,24.77542495727539,22.600000381469727,55.099998474121094
2020-09-29 18:45:00,2020-09-29 19:15:00,51.69438934326172,41.46034622192383,-10.23404312133789,8.268396377563477,1.2377301055750365,WARNING,1,HVAC SOUTH,40.820463142173196,HVAC consumption below expected — South zone,Check whether the South HVAC system is operating according to schedule and setpoint.,Review HVAC South operation.,24.80200958251953,22.297000885009766,55.25666809082031
2020-09-29 20:00:00,2020-09-29 20:30:00,35.74045944213867,45.73222351074219,9.991764068603516,8.268396377563477,1.20842828673725,WARNING,1,MELS NORTH,66.28899162379611,Unexpected equipment load — North zone,Review plug-load and equipment activity in the North zone. Check for devices operating outside the expected schedule.,Review MELS North loads.,24.8912353515625,19.91349983215332,59.63999938964844
2020-09-30 14:45:00,2020-09-30 15:15:00,43.99222946166992,52.928314208984375,8.936084747314453,8.268396377563477,1.080751857949477,WARNING,1,HVAC NORTH,66.25327326500799,Unexpected HVAC consumption — North zone,"Inspect the North HVAC operating state, schedule and temperature setpoint. A large indoor–outdoor temperature difference is also present.",Review HVAC North operation.,24.271484375,13.647000312805176,92.0
2020-09-30 15:45:00,2020-09-30 16:15:00,47.80137252807617,37.18276596069336,-10.618606567382812,8.268396377563477,1.2842401455494679,WARNING,1,UNEXPLAINED LOAD,,Unexplained energy deviation,"The observed reduction cannot be explained by the monitored HVAC, MELS or lighting subsystems. Verify meter and sensor consistency and check for unexpected shutdowns.",Inspect metering and unmonitored loads.,24.3638973236084,15.261500358581543,90.5
2020-09-30 17:15:00,2020-09-30 17:45:00,43.708290100097656,34.31158447265625,-9.396705627441406,8.268396377563477,1.1364604692803102,WARNING,1,HVAC SOUTH,99.67234282597232,HVAC consumption below expected — South zone,Check whether the South HVAC system is operating according to schedule and setpoint.,Review HVAC South operation.,24.462080001831055,18.46649932861328,75.33999633789062
2020-09-30 17:30:00,2020-09-30 18:00:00,37.10768508911133,21.374670028686523,-15.733015060424805,8.268396377563477,1.90278916757266,HIGH,2,HVAC SOUTH,94.7401307763123,HVAC consumption below expected — South zone,Check whether the South HVAC system is operating according to schedule and setpoint.,Review HVAC South operation.,24.506132125854492,19.458499908447266,69.87000274658203
2020-09-30 17:45:00,2020-09-30 18:15:00,36.32735061645508,18.462078094482422,-17.865272521972656,8.268396377563477,2.160669579224645,HIGH,2,HVAC SOUTH,98.66021676193975,HVAC consumption below expected — South zone,Check whether the South HVAC system is operating according to schedule and setpoint.,Review HVAC South operation.,24.543970108032227,20.422000885009766,64.95999908447266
2020-09-30 18:15:00,2020-09-30 18:45:00,21.383403778076172,58.20463562011719,36.821231842041016,8.268396377563477,4.453249476761473,CRITICAL,3,HVAC SOUTH,98.14577010729724,Unexpected HVAC consumption — South zone,"Inspect the South HVAC operating state, schedule and temperature setpoint.",Review HVAC South operation.,24.6173152923584,22.508499145507812,56.86000061035156
2020-09-30 18:30:00,2020-09-30 19:00:00,24.849956512451172,61.181488037109375,36.3315315246582,8.268396377563477,4.394023927450409,CRITICAL,3,HVAC SOUTH,100.0,Unexpected HVAC consumption — South zone,"Inspect the South HVAC operating state, schedule and temperature setpoint.",Review HVAC South operation.,24.627342224121094,23.049999237060547,54.63999938964844
2020-09-30 19:15:00,2020-09-30 19:45:00,61.27320861816406,70.10126495361328,8.828056335449219,8.268396377563477,1.0676866386575752,WARNING,1,HVAC SOUTH,91.4786679946471,Unexpected HVAC consumption — South zone,"Inspect the South HVAC operating state, schedule and temperature setpoint.",Review HVAC South operation.,24.718935012817383,24.549999237060547,49.91999816894531
2020-09-30 23:45:00,2020-10-01 00:15:00,67.9941635131836,81.45679473876953,13.462631225585938,8.268396377563477,1.6282034158542715,HIGH,2,HVAC SOUTH,76.27409967926684,Unexpected HVAC consumption — South zone,"Inspect the South HVAC operating state, schedule and temperature setpoint.",Review HVAC South operation.,25.070877075195312,31.527999877929688,28.75
2020-10-01 20:00:00,2020-10-01 20:30:00,66.65533447265625,75.28401947021484,8.628684997558594,8.268396377563477,1.0435741833776584,WARNING,1,HVAC SOUTH,84.70929538467938,Unexpected HVAC consumption — South zone,"Inspect the South HVAC operating state, schedule and temperature setpoint.",Review HVAC South operation.,24.799755096435547,31.277999877929688,26.15999984741211
2020-10-02 00:30:00,2020-10-02 01:00:00,74.13716125488281,65.12806701660156,-9.00909423828125,8.268396377563477,1.0895818036406282,WARNING,1,UNEXPLAINED LOAD,,Unexplained energy deviation,"The observed reduction cannot be explained by the monitored HVAC, MELS or lighting subsystems. Verify meter and sensor consistency and check for unexpected shutdowns.",Inspect metering and unmonitored loads.,24.95381736755371,28.388500213623047,22.649999618530273
2020-10-02 01:00:00,2020-10-02 01:30:00,64.27335357666016,72.56897735595703,8.295623779296875,8.268396377563477,1.0032929482925226,WARNING,1,HVAC SOUTH,67.19309474484676,Unexpected HVAC consumption — South zone,"Inspect the South HVAC operating state, schedule and temperature setpoint.",Review HVAC South operation.,24.94561004638672,27.555999755859375,25.260000228881836
2020-10-02 19:00:00,2020-10-02 19:30:00,63.99500274658203,72.2876968383789,8.292694091796875,8.268396377563477,1.0029386247494534,WARNING,1,HVAC SOUTH,99.13080660788705,Unexpected HVAC consumption — South zone,"Inspect the South HVAC operating state, schedule and temperature setpoint.",Review HVAC South operation.,24.73609733581543,28.138999938964844,28.479999542236328
2020-10-04 02:45:00,2020-10-04 03:15:00,49.50727081298828,39.64701461791992,-9.86025619506836,8.268396377563477,1.1925234041542128,WARNING,1,HVAC SOUTH,63.89076311549091,HVAC consumption below expected — South zone,Check whether the South HVAC system is operating according to schedule and setpoint.,Review HVAC South operation.,24.812376022338867,25.694499969482422,23.729999542236328
2020-10-04 03:00:00,2020-10-04 03:30:00,49.88967514038086,41.392982482910156,-8.496692657470703,8.268396377563477,1.0276107082295565,WARNING,1,UNEXPLAINED LOAD,,Unexplained energy deviation,"The observed reduction cannot be explained by the monitored HVAC, MELS or lighting subsystems. Verify meter and sensor consistency and check for unexpected shutdowns.",Inspect metering and unmonitored loads.,24.77962875366211,25.469499588012695,24.459999084472656
2020-10-04 03:15:00,2020-10-04 03:45:00,39.385589599609375,49.431663513183594,10.046073913574219,8.268396377563477,1.214996651688654,WARNING,1,HVAC SOUTH,97.95443828586481,Unexpected HVAC consumption — South zone,"Inspect the South HVAC operating state, schedule and temperature setpoint.",Review HVAC South operation.,24.814071655273438,25.242000579833984,24.6200008392334
2020-10-04 05:45:00,2020-10-04 06:15:00,47.02811813354492,57.28693771362305,10.258819580078125,8.268396377563477,1.2407266308513847,WARNING,1,HVAC SOUTH,96.30890247014493,Unexpected HVAC consumption — South zone,"Inspect the South HVAC operating state, schedule and temperature setpoint.",Review HVAC South operation.,24.67389678955078,21.661500930786133,41.33000183105469
2020-10-05 14:15:00,2020-10-05 14:45:00,55.807003021240234,44.8021125793457,-11.004890441894531,8.268396377563477,1.3309582583336967,WARNING,1,UNEXPLAINED LOAD,,Unexplained energy deviation,"The observed reduction cannot be explained by the monitored HVAC, MELS or lighting subsystems. Verify meter and sensor consistency and check for unexpected shutdowns.",Inspect metering and unmonitored loads.,24.41173553466797,17.49449920654297,45.81999969482422
2020-10-05 15:15:00,2020-10-05 15:45:00,50.223541259765625,41.10186767578125,-9.121673583984375,8.268396377563477,1.1031974239571158,WARNING,1,UNEXPLAINED LOAD,,Unexplained energy deviation,"The observed reduction cannot be explained by the monitored HVAC, MELS or lighting subsystems. Verify meter and sensor consistency and check for unexpected shutdowns.",Inspect metering and unmonitored loads.,24.483354568481445,17.524999618530273,57.06999969482422
2020-10-05 15:30:00,2020-10-05 16:00:00,47.19551086425781,37.57206726074219,-9.623443603515625,8.268396377563477,1.1638827124482212,WARNING,1,HVAC SOUTH,90.9215787888898,HVAC consumption below expected — South zone,Check whether the South HVAC system is operating according to schedule and setpoint.,Review HVAC South operation.,24.484291076660156,17.252500534057617,59.95000076293945
2020-10-05 22:30:00,2020-10-05 23:00:00,61.86445617675781,72.55049133300781,10.68603515625,8.268396377563477,1.2923951233454232,WARNING,1,HVAC SOUTH,72.48960850579313,Unexpected HVAC consumption — South zone,"Inspect the South HVAC operating state, schedule and temperature setpoint.",Review HVAC South operation.,24.99830436706543,26.730499267578125,34.52000045776367
2020-10-06 00:00:00,2020-10-06 00:30:00,67.35063934326172,57.63929748535156,-9.711341857910156,8.268396377563477,1.1745133414578615,WARNING,1,UNEXPLAINED LOAD,,Unexplained energy deviation,"The observed reduction cannot be explained by the monitored HVAC, MELS or lighting subsystems. Verify meter and sensor consistency and check for unexpected shutdowns.",Inspect metering and unmonitored loads.,25.072378158569336,22.60849952697754,38.5
2020-10-06 00:15:00,2020-10-06 00:45:00,62.18964767456055,49.217018127441406,-12.97262954711914,8.268396377563477,1.568941419199584,HIGH,2,HVAC SOUTH,91.75982327735409,HVAC consumption below expected — South zone,Check whether the South HVAC system is operating according to schedule and setpoint.,Review HVAC South operation.,24.996620178222656,22.030500411987305,41.959999084472656
2020-10-06 00:30:00,2020-10-06 01:00:00,56.7294921875,38.76947784423828,-17.96001434326172,8.268396377563477,2.172127885885674,HIGH,2,HVAC SOUTH,98.2481424608055,HVAC consumption below expected — South zone,Check whether the South HVAC system is operating according to schedule and setpoint.,Review HVAC South operation.,24.979236602783203,21.535999298095703,44.16999816894531
2020-10-06 00:45:00,2020-10-06 01:15:00,48.423606872558594,39.70464324951172,-8.718963623046875,8.268396377563477,1.0544927002660425,WARNING,1,HVAC SOUTH,93.62783658677097,HVAC consumption below expected — South zone,Check whether the South HVAC system is operating according to schedule and setpoint.,Review HVAC South operation.,24.99106216430664,21.413999557495117,45.810001373291016
2020-10-06 14:15:00,2020-10-06 14:45:00,47.28408432006836,56.839542388916016,9.555458068847656,8.268396377563477,1.1556603762703803,WARNING,1,HVAC NORTH,71.15456572070275,Unexpected HVAC consumption — North zone,"Inspect the North HVAC operating state, schedule and temperature setpoint.",Review HVAC North operation.,24.267732620239258,17.522499084472656,52.0099983215332
2020-10-06 14:30:00,2020-10-06 15:00:00,47.49728775024414,60.2669677734375,12.76968002319336,8.268396377563477,1.5443962093839914,HIGH,2,HVAC NORTH,60.40683490184124,Unexpected HVAC consumption — North zone,"Inspect the North HVAC operating state, schedule and temperature setpoint.",Review HVAC North operation.,24.289203643798828,17.200000762939453,50.65999984741211
2020-10-06 15:00:00,2020-10-06 15:30:00,61.02427673339844,50.75262451171875,-10.271652221679688,8.268396377563477,1.2422786417874332,WARNING,1,HVAC SOUTH,64.65629424598612,HVAC consumption below expected — South zone,Check whether the South HVAC system is operating according to schedule and setpoint.,Review HVAC South operation.,24.321001052856445,18.30299949645996,48.84000015258789
2020-10-06 15:30:00,2020-10-06 16:00:00,52.13629913330078,41.7130126953125,-10.423286437988281,8.268396377563477,1.2606176532939517,WARNING,1,HVAC SOUTH,95.51272683351888,HVAC consumption below expected — South zone,Check whether the South HVAC system is operating according to schedule and setpoint.,Review HVAC South operation.,24.323152542114258,19.194499969482422,47.619998931884766
2020-10-06 17:00:00,2020-10-06 17:30:00,48.61181640625,39.4851188659668,-9.126697540283203,8.268396377563477,1.1038050334704261,WARNING,1,HVAC SOUTH,61.02794284442765,HVAC consumption below expected — South zone,Check whether the South HVAC system is operating according to schedule and setpoint.,Review HVAC South operation.,24.46944236755371,17.647499084472656,66.93000030517578
2020-10-07 01:30:00,2020-10-07 02:00:00,46.605926513671875,37.74052429199219,-8.865402221679688,8.268396377563477,1.0722033411141492,WARNING,1,HVAC SOUTH,74.1601087964431,HVAC consumption below expected — South zone,Check whether the South HVAC system is operating according to schedule and setpoint.,Review HVAC South operation.,24.58454132080078,23.660999298095703,30.15999984741211
2020-10-07 01:45:00,2020-10-07 02:15:00,48.424774169921875,34.33116912841797,-14.093605041503906,8.268396377563477,1.7045149262252708,HIGH,2,HVAC SOUTH,87.01333500632099,HVAC consumption below expected — South zone,Check whether the South HVAC system is operating according to schedule and setpoint.,Review HVAC South operation.,24.553953170776367,22.383499145507812,34.540000915527344
2020-10-07 14:00:00,2020-10-07 14:30:00,38.330772399902344,25.310401916503906,-13.020370483398438,8.268396377563477,1.5747153243317622,HIGH,2,HVAC SOUTH,89.86441708525585,HVAC consumption below expected — South zone,Check whether the South HVAC system is operating according to schedule and setpoint.,Review HVAC South operation.,24.087907791137695,11.369500160217285,91.30000305175781
2020-10-07 14:30:00,2020-10-07 15:00:00,27.684619903564453,38.1693115234375,10.484691619873047,8.268396377563477,1.2680441455762268,WARNING,1,UNEXPLAINED LOAD,,Unexplained energy deviation,"The observed increase cannot be explained by the monitored HVAC, MELS or lighting subsystems. Verify meter consistency and inspect unmonitored electrical loads.",Inspect metering and unmonitored loads.,23.985944747924805,11.383500099182129,91.30000305175781
2020-10-07 19:45:00,2020-10-07 20:15:00,41.05400848388672,49.707767486572266,8.653759002685547,8.268396377563477,1.0466066946388495,WARNING,1,MELS SOUTH,52.04111268831625,Unexpected equipment load — South zone,Review plug-load and equipment activity in the South zone. Check for devices operating outside the expected schedule.,Review MELS South loads.,24.299842834472656,16.736000061035156,63.52000045776367
2020-10-08 19:15:00,2020-10-08 19:45:00,39.686256408691406,17.84492301940918,-21.841333389282227,8.268396377563477,2.641544066337856,CRITICAL,3,HVAC SOUTH,93.68841514064894,HVAC consumption below expected — South zone,Check whether the South HVAC system is operating according to schedule and setpoint.,Review HVAC South operation.,23.58192253112793,14.716500282287598,74.87000274658203
2020-10-08 19:30:00,2020-10-08 20:00:00,43.38066101074219,15.364130020141602,-28.016530990600586,8.268396377563477,3.3883875072346825,CRITICAL,3,HVAC SOUTH,96.42386455806087,HVAC consumption below expected — South zone,Check whether the South HVAC system is operating according to schedule and setpoint.,Review HVAC South operation.,23.65353775024414,14.717000007629395,74.33000183105469
2020-10-10 02:00:00,2020-10-10 02:30:00,17.224422454833984,29.652225494384766,12.427803039550781,8.268396377563477,1.5030487741581875,HIGH,2,HVAC NORTH,100.0,Unexpected HVAC consumption — North zone,"Inspect the North HVAC operating state, schedule and temperature setpoint. A large indoor–outdoor temperature difference is also present.",Review HVAC North operation.,24.18272590637207,13.996999740600586,83.30000305175781
2020-10-10 02:15:00,2020-10-10 02:45:00,17.188329696655273,48.074729919433594,30.88640022277832,8.268396377563477,3.735476483274245,CRITICAL,3,UNEXPLAINED LOAD,,Unexplained energy deviation,"The observed increase cannot be explained by the monitored HVAC, MELS or lighting subsystems. Verify meter consistency and inspect unmonitored electrical loads.",Inspect metering and unmonitored loads.,24.186847686767578,13.892000198364258,84.9000015258789
2020-10-10 02:30:00,2020-10-10 03:00:00,26.357332229614258,47.09130859375,20.733976364135742,8.268396377563477,2.5076176101569057,CRITICAL,3,UNEXPLAINED LOAD,,Unexplained energy deviation,"The observed increase cannot be explained by the monitored HVAC, MELS or lighting subsystems. Verify meter consistency and inspect unmonitored electrical loads.",Inspect metering and unmonitored loads.,24.179706573486328,13.758000373840332,85.80000305175781
2020-10-12 00:00:00,2020-10-12 00:30:00,53.517616271972656,40.58644485473633,-12.931171417236328,8.268396377563477,1.5639273719781288,HIGH,2,HVAC SOUTH,100.0,HVAC consumption below expected — South zone,Check whether the South HVAC system is operating according to schedule and setpoint.,Review HVAC South operation.,24.355932235717773,21.950000762939453,38.040000915527344
2020-10-12 00:15:00,2020-10-12 00:45:00,51.35345458984375,41.43238067626953,-9.921073913574219,8.268396377563477,1.199878847184362,WARNING,1,HVAC SOUTH,99.91112118117795,HVAC consumption below expected — South zone,Check whether the South HVAC system is operating according to schedule and setpoint.,Review HVAC South operation.,24.350221633911133,21.98349952697754,37.2400016784668
2020-10-12 15:15:00,2020-10-12 15:45:00,48.73974609375,35.71950149536133,-13.020244598388672,8.268396377563477,1.5747000994920208,HIGH,2,HVAC NORTH,58.46790014377624,HVAC consumption below expected — North zone,Check whether the North HVAC system is operating according to schedule and setpoint.,Review HVAC North operation.,24.20026206970215,17.152999877929688,56.209999084472656
2020-10-12 17:15:00,2020-10-12 17:45:00,40.22358703613281,54.240875244140625,14.017288208007812,8.268396377563477,1.6952849824718266,HIGH,2,HVAC SOUTH,48.89852223489854,Unexpected HVAC consumption — South zone,"Inspect the South HVAC operating state, schedule and temperature setpoint.",Review HVAC South operation.,24.375019073486328,20.13050079345703,51.52000045776367
2020-10-12 17:30:00,2020-10-12 18:00:00,45.17106628417969,55.72311019897461,10.552043914794922,8.268396377563477,1.2761898961965812,WARNING,1,HVAC SOUTH,77.2387319487534,Unexpected HVAC consumption — South zone,"Inspect the South HVAC operating state, schedule and temperature setpoint.",Review HVAC South operation.,24.430418014526367,21.38050079345703,46.66999816894531
2020-10-13 01:30:00,2020-10-13 02:00:00,62.170127868652344,53.804752349853516,-8.365375518798828,8.268396377563477,1.0117288935855213,WARNING,1,HVAC NORTH,88.82382804724396,HVAC consumption below expected — North zone,Check whether the North HVAC system is operating according to schedule and setpoint.,Review HVAC North operation.,24.874971389770508,22.944499969482422,38.59000015258789
2020-10-13 06:15:00,2020-10-13 06:45:00,48.177215576171875,39.582923889160156,-8.594291687011719,8.268396377563477,1.039414572616834,WARNING,1,UNEXPLAINED LOAD,,Unexplained energy deviation,"The observed reduction cannot be explained by the monitored HVAC, MELS or lighting subsystems. Verify meter and sensor consistency and check for unexpected shutdowns.",Inspect metering and unmonitored loads.,24.46919822692871,23.283000946044922,30.920000076293945
2020-10-13 14:15:00,2020-10-13 14:45:00,49.12974548339844,39.169456481933594,-9.960289001464844,8.268396377563477,1.2046216154431548,WARNING,1,UNEXPLAINED LOAD,,Unexplained energy deviation,"The observed reduction cannot be explained by the monitored HVAC, MELS or lighting subsystems. Verify meter and sensor consistency and check for unexpected shutdowns.",Inspect metering and unmonitored loads.,24.576519012451172,18.655500411987305,60.150001525878906
2020-10-13 14:30:00,2020-10-13 15:00:00,46.547218322753906,38.09645080566406,-8.450767517089844,8.268396377563477,1.0220564098766765,WARNING,1,MELS NORTH,62.689773094162426,Equipment load below expected — North zone,Check whether equipment in the North zone is inactive or offline unexpectedly.,Review MELS North loads.,24.53316307067871,18.878000259399414,60.099998474121094
2020-10-13 16:15:00,2020-10-13 16:45:00,42.067501068115234,56.524078369140625,14.45657730102539,8.268396377563477,1.7484136755046862,HIGH,2,HVAC SOUTH,59.085252608566584,Unexpected HVAC consumption — South zone,"Inspect the South HVAC operating state, schedule and temperature setpoint.",Review HVAC South operation.,24.78559112548828,20.663999557495117,55.59000015258789
2020-10-13 16:30:00,2020-10-13 17:00:00,44.375587463378906,58.30955505371094,13.933967590332031,8.268396377563477,1.6852079839982321,HIGH,2,HVAC SOUTH,72.54195652585588,Unexpected HVAC consumption — South zone,"Inspect the South HVAC operating state, schedule and temperature setpoint.",Review HVAC South operation.,24.813232421875,20.575000762939453,57.5
2020-10-13 21:00:00,2020-10-13 21:30:00,60.931236267089844,35.347564697265625,-25.58367156982422,8.268396377563477,3.0941515623569065,CRITICAL,3,HVAC SOUTH,84.07350159118295,HVAC consumption below expected — South zone,Check whether the South HVAC system is operating according to schedule and setpoint.,Review HVAC South operation.,25.15423011779785,27.72800064086914,31.219999313354492
2020-10-13 21:15:00,2020-10-13 21:45:00,61.549560546875,41.68006896972656,-19.869491577148438,8.268396377563477,2.4030647141040378,HIGH,2,HVAC SOUTH,100.0,HVAC consumption below expected — South zone,Check whether the South HVAC system is operating according to schedule and setpoint.,Review HVAC South operation.,25.098878860473633,27.980499267578125,30.510000228881836
2020-10-13 21:30:00,2020-10-13 22:00:00,36.453285217285156,45.591400146484375,9.138114929199219,8.268396377563477,1.1051858802990804,WARNING,1,MELS SOUTH,73.23786256393868,Unexpected equipment load — South zone,Review plug-load and equipment activity in the South zone. Check for devices operating outside the expected schedule.,Review MELS South loads.,25.172014236450195,28.638500213623047,29.360000610351562
2020-10-14 04:00:00,2020-10-14 04:30:00,39.270389556884766,54.23529052734375,14.964900970458984,8.268396377563477,1.8098915783798972,HIGH,2,HVAC SOUTH,99.65182972072938,Unexpected HVAC consumption — South zone,"Inspect the South HVAC operating state, schedule and temperature setpoint.",Review HVAC South operation.,25.089624404907227,24.50550079345703,35.61000061035156
2020-10-14 04:15:00,2020-10-14 04:45:00,40.79045867919922,52.81501770019531,12.024559020996094,8.268396377563477,1.4542794602379088,WARNING,1,HVAC SOUTH,99.57082376996506,Unexpected HVAC consumption — South zone,"Inspect the South HVAC operating state, schedule and temperature setpoint.",Review HVAC South operation.,25.128686904907227,24.763999938964844,35.06999969482422
2020-10-14 10:45:00,2020-10-14 11:15:00,46.1088752746582,36.48369598388672,-9.625179290771484,8.268396377563477,1.1640926306931385,WARNING,1,UNEXPLAINED LOAD,,Unexplained energy deviation,"The observed reduction cannot be explained by the monitored HVAC, MELS or lighting subsystems. Verify meter and sensor consistency and check for unexpected shutdowns.",Inspect metering and unmonitored loads.,24.765249252319336,20.427499771118164,49.33000183105469
2020-10-14 11:15:00,2020-10-14 11:45:00,37.09860610961914,49.690948486328125,12.592342376708984,8.268396377563477,1.5229485624175754,HIGH,2,HVAC SOUTH,96.81846110529618,Unexpected HVAC consumption — South zone,"Inspect the South HVAC operating state, schedule and temperature setpoint.",Review HVAC South operation.,24.870750427246094,21.29450035095215,47.0
2020-10-14 11:30:00,2020-10-14 12:00:00,38.833656311035156,53.31239700317383,14.478740692138672,8.268396377563477,1.7510941700167082,HIGH,2,HVAC SOUTH,100.0,Unexpected HVAC consumption — South zone,"Inspect the South HVAC operating state, schedule and temperature setpoint.",Review HVAC South operation.,24.82981300354004,22.20800018310547,44.25
2020-10-15 05:00:00,2020-10-15 05:30:00,65.51229858398438,54.24825668334961,-11.264041900634766,8.268396377563477,1.3623006670555922,WARNING,1,UNEXPLAINED LOAD,,Unexplained energy deviation,"The observed reduction cannot be explained by the monitored HVAC, MELS or lighting subsystems. Verify meter and sensor consistency and check for unexpected shutdowns.",Inspect metering and unmonitored loads.,25.30246925354004,26.230499267578125,27.950000762939453
2020-10-15 05:15:00,2020-10-15 05:45:00,62.41077423095703,51.693641662597656,-10.717132568359375,8.268396377563477,1.2961561201202947,WARNING,1,UNEXPLAINED LOAD,,Unexplained energy deviation,"The observed reduction cannot be explained by the monitored HVAC, MELS or lighting subsystems. Verify meter and sensor consistency and check for unexpected shutdowns.",Inspect metering and unmonitored loads.,25.23812484741211,26.161500930786133,24.709999084472656
2020-10-15 06:30:00,2020-10-15 07:00:00,53.31682205200195,61.686431884765625,8.369609832763672,8.268396377563477,1.0122410018313637,WARNING,1,HVAC SOUTH,96.26026837293934,Unexpected HVAC consumption — South zone,"Inspect the South HVAC operating state, schedule and temperature setpoint.",Review HVAC South operation.,25.07200050354004,26.68600082397461,19.690000534057617
2020-10-15 08:45:00,2020-10-15 09:15:00,59.969337463378906,49.971824645996094,-9.997512817382812,8.268396377563477,1.2091235544187675,WARNING,1,UNEXPLAINED LOAD,,Unexplained energy deviation,"The observed reduction cannot be explained by the monitored HVAC, MELS or lighting subsystems. Verify meter and sensor consistency and check for unexpected shutdowns.",Inspect metering and unmonitored loads.,24.948999404907227,25.128000259399414,21.809999465942383
2020-10-15 12:30:00,2020-10-15 13:00:00,50.273799896240234,41.22826385498047,-9.045536041259766,8.268396377563477,1.0939891640663333,WARNING,1,UNEXPLAINED LOAD,,Unexplained energy deviation,"The observed reduction cannot be explained by the monitored HVAC, MELS or lighting subsystems. Verify meter and sensor consistency and check for unexpected shutdowns.",Inspect metering and unmonitored loads.,24.81809425354004,22.58099937438965,17.079999923706055
2020-10-15 12:45:00,2020-10-15 13:15:00,52.457767486572266,41.94319152832031,-10.514575958251953,8.268396377563477,1.2716584302590461,WARNING,1,UNEXPLAINED LOAD,,Unexplained energy deviation,"The observed reduction cannot be explained by the monitored HVAC, MELS or lighting subsystems. Verify meter and sensor consistency and check for unexpected shutdowns.",Inspect metering and unmonitored loads.,24.8435001373291,22.450000762939453,17.510000228881836
2020-10-15 16:00:00,2020-10-15 16:30:00,48.151309967041016,56.96405029296875,8.812740325927734,8.268396377563477,1.0658342831557217,WARNING,1,HVAC SOUTH,70.45082717006889,Unexpected HVAC consumption — South zone,"Inspect the South HVAC operating state, schedule and temperature setpoint.",Review HVAC South operation.,25.081750869750977,24.23349952697754,15.3100004196167
2020-10-15 18:00:00,2020-10-15 18:30:00,63.86026382446289,72.888427734375,9.02816390991211,8.268396377563477,1.0918881361820392,WARNING,1,HVAC SOUTH,75.69067430850586,Unexpected HVAC consumption — South zone,"Inspect the South HVAC operating state, schedule and temperature setpoint.",Review HVAC South operation.,25.259531021118164,28.444499969482422,12.449999809265137
2020-10-15 18:15:00,2020-10-15 18:45:00,64.30135345458984,79.61399841308594,15.312644958496094,8.268396377563477,1.8519485834093998,HIGH,2,HVAC SOUTH,73.11671007790399,Unexpected HVAC consumption — South zone,"Inspect the South HVAC operating state, schedule and temperature setpoint.",Review HVAC South operation.,25.261499404907227,29.0,12.09000015258789
2020-10-15 18:45:00,2020-10-15 19:15:00,79.7046127319336,70.98837280273438,-8.716239929199219,8.268396377563477,1.0541632900970952,WARNING,1,UNEXPLAINED LOAD,,Unexplained energy deviation,"The observed reduction cannot be explained by the monitored HVAC, MELS or lighting subsystems. Verify meter and sensor consistency and check for unexpected shutdowns.",Inspect metering and unmonitored loads.,25.2966251373291,29.777999877929688,11.479999542236328
2020-10-15 19:00:00,2020-10-15 19:30:00,69.17433166503906,79.45960235595703,10.285270690917969,8.268396377563477,1.2439256926321696,WARNING,1,HVAC SOUTH,80.60603591597382,Unexpected HVAC consumption — South zone,"Inspect the South HVAC operating state, schedule and temperature setpoint.",Review HVAC South operation.,25.24387550354004,30.08300018310547,11.359999656677246
2020-10-15 20:45:00,2020-10-15 21:15:00,75.56055450439453,83.9241943359375,8.363639831542969,8.268396377563477,1.011518975340604,WARNING,1,HVAC SOUTH,93.25156740935961,Unexpected HVAC consumption — South zone,"Inspect the South HVAC operating state, schedule and temperature setpoint.",Review HVAC South operation.,25.292688369750977,32.38850021362305,10.3100004196167
2020-10-15 22:45:00,2020-10-15 23:15:00,82.75384521484375,42.707218170166016,-40.046627044677734,8.268396377563477,4.843336629741817,CRITICAL,3,HVAC SOUTH,98.78880946709914,HVAC consumption below expected — South zone,Check whether the South HVAC system is operating according to schedule and setpoint.,Review HVAC South operation.,25.4841251373291,32.77799987792969,10.175000190734863
2020-10-15 23:00:00,2020-10-15 23:30:00,78.0662612915039,41.53723907470703,-36.529022216796875,8.268396377563477,4.417908932851767,CRITICAL,3,HVAC SOUTH,99.67332830218714,HVAC consumption below expected — South zone,Check whether the South HVAC system is operating according to schedule and setpoint.,Review HVAC South operation.,25.4255313873291,32.666500091552734,10.329999923706055
2020-10-16 01:30:00,2020-10-16 02:00:00,45.59001159667969,78.82196044921875,33.23194885253906,8.268396377563477,4.019152848394506,CRITICAL,3,HVAC SOUTH,97.37325741630967,Unexpected HVAC consumption — South zone,"Inspect the South HVAC operating state, schedule and temperature setpoint.",Review HVAC South operation.,25.17346954345703,28.583499908447266,13.6899995803833
2020-10-16 01:45:00,2020-10-16 02:15:00,43.85959243774414,76.38601684570312,32.526424407958984,8.268396377563477,3.9338250033852202,CRITICAL,3,HVAC SOUTH,95.58986623949858,Unexpected HVAC consumption — South zone,"Inspect the South HVAC operating state, schedule and temperature setpoint.",Review HVAC South operation.,25.097375869750977,28.444499969482422,13.920000076293945
2020-10-16 07:00:00,2020-10-16 07:30:00,60.837982177734375,50.82784652709961,-10.010135650634766,8.268396377563477,1.210650190621914,WARNING,1,UNEXPLAINED LOAD,,Unexplained energy deviation,"The observed reduction cannot be explained by the monitored HVAC, MELS or lighting subsystems. Verify meter and sensor consistency and check for unexpected shutdowns.",Inspect metering and unmonitored loads.,24.339656829833984,27.472000122070312,13.680000305175781
2020-10-16 07:45:00,2020-10-16 08:15:00,46.78936767578125,36.15475845336914,-10.63460922241211,8.268396377563477,1.286175545631728,WARNING,1,UNEXPLAINED LOAD,,Unexplained energy deviation,"The observed reduction cannot be explained by the monitored HVAC, MELS or lighting subsystems. Verify meter and sensor consistency and check for unexpected shutdowns.",Inspect metering and unmonitored loads.,24.3278751373291,27.027999877929688,13.430000305175781
2020-10-16 14:15:00,2020-10-16 14:45:00,27.725841522216797,19.418174743652344,-8.307666778564453,8.268396377563477,1.0047494579611034,WARNING,1,HVAC SOUTH,93.66570717122434,HVAC consumption below expected — South zone,Check whether the South HVAC system is operating according to schedule and setpoint.,Review HVAC South operation.,24.538875579833984,24.472000122070312,13.729999542236328
2020-10-16 16:00:00,2020-10-16 16:30:00,23.89842414855957,36.03057861328125,12.13215446472168,8.268396377563477,1.4672923153082764,WARNING,1,UNEXPLAINED LOAD,,Unexplained energy deviation,"The observed increase cannot be explained by the monitored HVAC, MELS or lighting subsystems. Verify meter consistency and inspect unmonitored electrical loads.",Inspect metering and unmonitored loads.,24.77512550354004,25.883499145507812,12.779999732971191
2020-10-16 16:15:00,2020-10-16 16:45:00,28.264019012451172,43.49737548828125,15.233356475830078,8.268396377563477,1.8423592411663057,HIGH,2,LIGHTING,70.20021895644489,Unexpected lighting consumption,Check lighting schedules and whether lights are active outside the expected operating period.,Review lighting operation.,24.765438079833984,26.075000762939453,12.850000381469727
2020-10-16 16:45:00,2020-10-16 17:15:00,43.87924575805664,32.7462158203125,-11.13302993774414,8.268396377563477,1.34645576111396,WARNING,1,HVAC SOUTH,66.40448151064925,HVAC consumption below expected — South zone,Check whether the South HVAC system is operating according to schedule and setpoint.,Review HVAC South operation.,24.823999404907227,26.83300018310547,12.40999984741211
2020-10-16 17:15:00,2020-10-16 17:45:00,33.66831588745117,48.44866180419922,14.780345916748047,8.268396377563477,1.7875710406016487,HIGH,2,LIGHTING,64.21115097861009,Unexpected lighting consumption,Check lighting schedules and whether lights are active outside the expected operating period.,Review lighting operation.,24.83562469482422,27.638999938964844,12.029999732971191
2020-10-16 18:15:00,2020-10-16 18:45:00,49.63494110107422,64.28352355957031,14.648582458496094,8.268396377563477,1.7716352469803491,HIGH,2,HVAC SOUTH,75.80999031183751,Unexpected HVAC consumption — South zone,"Inspect the South HVAC operating state, schedule and temperature setpoint.",Review HVAC South operation.,24.77312469482422,29.888999938964844,10.40999984741211
2020-10-16 18:30:00,2020-10-16 19:00:00,48.614593505859375,64.94441223144531,16.329818725585938,8.268396377563477,1.9749680566714671,HIGH,2,HVAC SOUTH,73.60226947243365,Unexpected HVAC consumption — South zone,"Inspect the South HVAC operating state, schedule and temperature setpoint.",Review HVAC South operation.,24.769311904907227,30.305500030517578,10.210000038146973
2020-10-16 19:15:00,2020-10-16 19:45:00,70.8335189819336,59.07374572753906,-11.759773254394531,8.268396377563477,1.422255624597897,WARNING,1,UNEXPLAINED LOAD,,Unexplained energy deviation,"The observed reduction cannot be explained by the monitored HVAC, MELS or lighting subsystems. Verify meter and sensor consistency and check for unexpected shutdowns.",Inspect metering and unmonitored loads.,24.777063369750977,31.444499969482422,9.479999542236328
2020-10-16 20:45:00,2020-10-16 21:15:00,59.96041488647461,73.48757934570312,13.527164459228516,8.268396377563477,1.6360082223361778,HIGH,2,HVAC SOUTH,99.69828273403868,Unexpected HVAC consumption — South zone,"Inspect the South HVAC operating state, schedule and temperature setpoint. A large indoor–outdoor temperature difference is also present.",Review HVAC South operation.,24.702938079833984,33.0,8.779999732971191
2020-10-16 21:00:00,2020-10-16 21:30:00,64.12565612792969,78.06742858886719,13.9417724609375,8.268396377563477,1.6861519240621903,HIGH,2,HVAC SOUTH,87.52874616770463,Unexpected HVAC consumption — South zone,"Inspect the South HVAC operating state, schedule and temperature setpoint. A large indoor–outdoor temperature difference is also present.",Review HVAC South operation.,24.7302188873291,33.55550003051758,8.65999984741211
2020-10-16 21:30:00,2020-10-16 22:00:00,77.89954376220703,69.34029388427734,-8.559249877929688,8.268396377563477,1.0351765308634029,WARNING,1,HVAC NORTH,41.17340895241761,HVAC consumption below expected — North zone,Check whether the North HVAC system is operating according to schedule and setpoint.,Review HVAC North operation.,24.736156463623047,33.97200012207031,8.270000457763672
2020-10-16 22:15:00,2020-10-16 22:45:00,74.96417236328125,55.11669921875,-19.84747314453125,8.268396377563477,2.4004017512256572,HIGH,2,UNEXPLAINED LOAD,,Unexplained energy deviation,"The observed reduction cannot be explained by the monitored HVAC, MELS or lighting subsystems. Verify meter and sensor consistency and check for unexpected shutdowns.",Inspect metering and unmonitored loads.,24.804311752319336,34.19449996948242,8.199999809265137
2020-10-16 22:45:00,2020-10-16 23:15:00,55.42085647583008,74.16545104980469,18.74459457397461,8.268396377563477,2.267016930252472,HIGH,2,HVAC SOUTH,51.68705908106907,Unexpected HVAC consumption — South zone,"Inspect the South HVAC operating state, schedule and temperature setpoint. A large indoor–outdoor temperature difference is also present.",Review HVAC South operation.,24.784936904907227,34.02750015258789,8.470000267028809
2020-10-17 00:00:00,2020-10-17 00:30:00,76.68354034423828,84.99482727050781,8.311286926269531,8.268396377563477,1.0051872874433596,WARNING,1,HVAC SOUTH,91.39425816445936,Unexpected HVAC consumption — South zone,"Inspect the South HVAC operating state, schedule and temperature setpoint. A large indoor–outdoor temperature difference is also present.",Review HVAC South operation.,24.82406234741211,32.97249984741211,9.149999618530273
2020-10-18 01:45:00,2020-10-18 02:15:00,50.998779296875,59.36602020263672,8.367240905761719,8.268396377563477,1.0119544980289599,WARNING,1,HVAC SOUTH,95.15051052959005,Unexpected HVAC consumption — South zone,"Inspect the South HVAC operating state, schedule and temperature setpoint.",Review HVAC South operation.,23.9763126373291,27.066499710083008,20.46500015258789
2020-10-18 12:30:00,2020-10-18 13:00:00,49.04682922363281,34.12648010253906,-14.92034912109375,8.268396377563477,1.804503369187831,HIGH,2,HVAC SOUTH,85.26235629153256,HVAC consumption below expected — South zone,Check whether the South HVAC system is operating according to schedule and setpoint.,Review HVAC South operation.,23.306499481201172,21.116500854492188,30.06999969482422
2020-10-18 15:15:00,2020-10-18 15:45:00,33.856380462646484,42.40626907348633,8.549888610839844,8.268396377563477,1.0340443564171893,WARNING,1,HVAC SOUTH,63.30361011298491,Unexpected HVAC consumption — South zone,"Inspect the South HVAC operating state, schedule and temperature setpoint.",Review HVAC South operation.,23.42562484741211,21.868999481201172,32.369998931884766
2020-10-18 16:15:00,2020-10-18 16:45:00,44.827980041503906,54.876827239990234,10.048847198486328,8.268396377563477,1.2153320595217416,WARNING,1,HVAC SOUTH,96.14675662267942,Unexpected HVAC consumption — South zone,"Inspect the South HVAC operating state, schedule and temperature setpoint.",Review HVAC South operation.,23.402124404907227,20.73349952697754,37.119998931884766
2020-10-19 01:00:00,2020-10-19 01:30:00,45.77703094482422,35.38113784790039,-10.395893096923828,8.268396377563477,1.2573046358944975,WARNING,1,HVAC SOUTH,90.5206769037891,HVAC consumption below expected — South zone,Check whether the South HVAC system is operating according to schedule and setpoint.,Review HVAC South operation.,23.886499404907227,20.160999298095703,53.52000045776367
2020-10-19 01:45:00,2020-10-19 02:15:00,35.95737075805664,51.779273986816406,15.821903228759766,8.268396377563477,1.9135395191857203,HIGH,2,HVAC SOUTH,98.92490664411649,Unexpected HVAC consumption — South zone,"Inspect the South HVAC operating state, schedule and temperature setpoint.",Review HVAC South operation.,23.9060001373291,23.83049964904785,36.77000045776367
2020-10-19 02:45:00,2020-10-19 03:15:00,51.00556945800781,34.46757888793945,-16.53799057006836,8.268396377563477,2.000144866656932,HIGH,2,HVAC SOUTH,80.00215047591294,HVAC consumption below expected — South zone,Check whether the South HVAC system is operating according to schedule and setpoint.,Review HVAC South operation.,23.863061904907227,23.033000946044922,35.4900016784668
2020-10-19 03:00:00,2020-10-19 03:30:00,44.28132629394531,34.00448989868164,-10.276836395263672,8.268396377563477,1.242905628369505,WARNING,1,HVAC SOUTH,76.18339094446898,HVAC consumption below expected — South zone,Check whether the South HVAC system is operating according to schedule and setpoint.,Review HVAC South operation.,23.82200050354004,21.05299949645996,44.11000061035156
2020-10-19 08:45:00,2020-10-19 09:15:00,32.120750427246094,41.45671463012695,9.33596420288086,8.268396377563477,1.1291142534257619,WARNING,1,HVAC SOUTH,99.51726603353167,Unexpected HVAC consumption — South zone,"Inspect the South HVAC operating state, schedule and temperature setpoint.",Review HVAC South operation.,23.648250579833984,19.219499588012695,38.7400016784668
2020-10-19 09:30:00,2020-10-19 10:00:00,42.234500885009766,31.29425811767578,-10.940242767333984,8.268396377563477,1.3231396110883893,WARNING,1,HVAC SOUTH,87.44092020688643,HVAC consumption below expected — South zone,Check whether the South HVAC system is operating according to schedule and setpoint.,Review HVAC South operation.,23.66374969482422,19.091999053955078,47.25
2020-10-19 15:45:00,2020-10-19 16:15:00,43.65879821777344,26.7825984954834,-16.87619972229004,8.268396377563477,2.0410487054157294,HIGH,2,HVAC SOUTH,96.51014906884366,HVAC consumption below expected — South zone,Check whether the South HVAC system is operating according to schedule and setpoint.,Review HVAC South operation.,23.788936614990234,18.15850067138672,57.83000183105469
2020-10-19 16:00:00,2020-10-19 16:30:00,43.73532485961914,12.648143768310547,-31.087181091308594,8.268396377563477,3.759759410623386,CRITICAL,3,HVAC SOUTH,95.79848186915842,HVAC consumption below expected — South zone,Check whether the South HVAC system is operating according to schedule and setpoint.,Review HVAC South operation.,23.81809425354004,18.422500610351562,58.709999084472656
2020-10-19 16:45:00,2020-10-19 17:15:00,24.823745727539062,14.9019193649292,-9.921826362609863,8.268396377563477,1.1999698502037246,WARNING,1,HVAC SOUTH,98.52295468613579,HVAC consumption below expected — South zone,Check whether the South HVAC system is operating according to schedule and setpoint.,Review HVAC South operation.,23.9997501373291,17.569499969482422,69.48999786376953
2020-10-19 18:00:00,2020-10-19 18:30:00,21.870059967041016,12.194150924682617,-9.675909042358398,8.268396377563477,1.1702280104294767,WARNING,1,HVAC SOUTH,93.10902538253868,HVAC consumption below expected — South zone,Check whether the South HVAC system is operating according to schedule and setpoint.,Review HVAC South operation.,24.232187271118164,19.31399917602539,61.540000915527344
2020-10-19 18:15:00,2020-10-19 18:45:00,13.875590324401855,25.540019989013672,11.664429664611816,8.268396377563477,1.410724538589317,WARNING,1,UNEXPLAINED LOAD,,Unexplained energy deviation,"The observed increase cannot be explained by the monitored HVAC, MELS or lighting subsystems. Verify meter consistency and inspect unmonitored electrical loads.",Inspect metering and unmonitored loads.,24.265438079833984,19.95549964904785,58.88999938964844
2020-10-19 18:30:00,2020-10-19 19:00:00,14.583955764770508,29.829402923583984,15.245447158813477,8.268396377563477,1.8438215178196369,HIGH,2,LIGHTING,95.42146830091359,Unexpected lighting consumption,Check lighting schedules and whether lights are active outside the expected operating period.,Review lighting operation.,24.23603057861328,20.763999938964844,56.099998474121094
2020-10-19 21:15:00,2020-10-19 21:45:00,37.090824127197266,27.999073028564453,-9.091751098632812,8.268396377563477,1.099578525686496,WARNING,1,HVAC SOUTH,91.23756043131092,HVAC consumption below expected — South zone,Check whether the South HVAC system is operating according to schedule and setpoint.,Review HVAC South operation.,24.652063369750977,21.727500915527344,45.72999954223633
2020-10-19 21:45:00,2020-10-19 22:15:00,28.793834686279297,38.21880340576172,9.424968719482422,8.268396377563477,1.1398786764816133,WARNING,1,UNEXPLAINED LOAD,,Unexplained energy deviation,"The observed increase cannot be explained by the monitored HVAC, MELS or lighting subsystems. Verify meter consistency and inspect unmonitored electrical loads.",Inspect metering and unmonitored loads.,24.75374984741211,22.236000061035156,44.400001525878906
2020-10-19 22:00:00,2020-10-19 22:30:00,28.99736785888672,59.46822738647461,30.47085952758789,8.268396377563477,3.6852199793265132,CRITICAL,3,UNEXPLAINED LOAD,,Unexplained energy deviation,"The observed increase cannot be explained by the monitored HVAC, MELS or lighting subsystems. Verify meter consistency and inspect unmonitored electrical loads.",Inspect metering and unmonitored loads.,24.777156829833984,22.70800018310547,43.54999923706055
2020-10-19 22:15:00,2020-10-19 22:45:00,38.253456115722656,53.399253845214844,15.145797729492188,8.268396377563477,1.8317696730880888,HIGH,2,UNEXPLAINED LOAD,,Unexplained energy deviation,"The observed increase cannot be explained by the monitored HVAC, MELS or lighting subsystems. Verify meter consistency and inspect unmonitored electrical loads.",Inspect metering and unmonitored loads.,24.777124404907227,23.155500411987305,42.16999816894531
2020-10-19 22:45:00,2020-10-19 23:15:00,53.52760696411133,67.48128509521484,13.953678131103516,8.268396377563477,1.6875918248146895,HIGH,2,LIGHTING,59.81226890098308,Unexpected lighting consumption,Check lighting schedules and whether lights are active outside the expected operating period.,Review lighting operation.,24.800561904907227,23.716999053955078,42.01499938964844
2020-10-19 23:15:00,2020-10-19 23:45:00,67.01622009277344,58.35717010498047,-8.659049987792969,8.268396377563477,1.0472465992667626,WARNING,1,HVAC SOUTH,96.69469695959828,HVAC consumption below expected — South zone,Check whether the South HVAC system is operating according to schedule and setpoint.,Review HVAC South operation.,24.82781219482422,22.774999618530273,43.43000030517578
2020-10-19 23:30:00,2020-10-20 00:00:00,64.7513198852539,53.19530487060547,-11.556015014648438,8.268396377563477,1.3976126067209362,WARNING,1,HVAC SOUTH,95.07221805271033,HVAC consumption below expected — South zone,Check whether the South HVAC system is operating according to schedule and setpoint.,Review HVAC South operation.,24.83371925354004,20.847000122070312,46.34000015258789
2020-10-20 00:45:00,2020-10-20 01:15:00,50.83759689331055,36.51707077026367,-14.320526123046875,8.268396377563477,1.7319593146146235,HIGH,2,HVAC SOUTH,77.61922833323757,HVAC consumption below expected — South zone,Check whether the South HVAC system is operating according to schedule and setpoint.,Review HVAC South operation.,24.76131248474121,20.98900032043457,45.90999984741211
2020-10-20 14:30:00,2020-10-20 15:00:00,51.57139587402344,33.29823303222656,-18.273162841796875,8.268396377563477,2.21000082813901,HIGH,2,HVAC SOUTH,93.54235932475139,HVAC consumption below expected — South zone,Check whether the South HVAC system is operating according to schedule and setpoint.,Review HVAC South operation.,24.2145938873291,17.035999298095703,52.86000061035156
2020-10-20 14:45:00,2020-10-20 15:15:00,43.553558349609375,20.417999267578125,-23.13555908203125,8.268396377563477,2.798070874397148,CRITICAL,3,HVAC SOUTH,99.87709049646978,HVAC consumption below expected — South zone,Check whether the South HVAC system is operating according to schedule and setpoint.,Review HVAC South operation.,24.206687927246094,17.20800018310547,54.849998474121094
2020-10-20 15:00:00,2020-10-20 15:30:00,34.580284118652344,19.978042602539062,-14.602241516113281,8.268396377563477,1.766030660520445,HIGH,2,HVAC SOUTH,96.3779085960524,HVAC consumption below expected — South zone,Check whether the South HVAC system is operating according to schedule and setpoint.,Review HVAC South operation.,24.1794376373291,17.272499084472656,55.939998626708984
2020-10-20 15:15:00,2020-10-20 15:45:00,22.377880096435547,40.019309997558594,17.641429901123047,8.268396377563477,2.133597507370783,HIGH,2,HVAC NORTH,54.71732908167182,Unexpected HVAC consumption — North zone,"Inspect the North HVAC operating state, schedule and temperature setpoint.",Review HVAC North operation.,24.191186904907227,17.88050079345703,55.2400016784668
2020-10-20 15:30:00,2020-10-20 16:00:00,21.538606643676758,38.800201416015625,17.261594772338867,8.268396377563477,2.087659321604209,HIGH,2,HVAC NORTH,90.3274312945867,Unexpected HVAC consumption — North zone,"Inspect the North HVAC operating state, schedule and temperature setpoint.",Review HVAC North operation.,24.20481300354004,18.174999237060547,52.7400016784668
2020-10-20 16:30:00,2020-10-20 17:00:00,38.64745330810547,50.76108932495117,12.113636016845703,8.268396377563477,1.465052649110581,WARNING,1,HVAC NORTH,46.96534928272109,Unexpected HVAC consumption — North zone,"Inspect the North HVAC operating state, schedule and temperature setpoint.",Review HVAC North operation.,24.222375869750977,20.03350067138672,53.34000015258789
2020-10-20 16:45:00,2020-10-20 17:15:00,40.58195495605469,53.197113037109375,12.615158081054688,8.268396377563477,1.525707949280984,HIGH,2,HVAC NORTH,51.18866683868315,Unexpected HVAC consumption — North zone,"Inspect the North HVAC operating state, schedule and temperature setpoint.",Review HVAC North operation.,24.222436904907227,20.746999740600586,50.2599983215332
2020-10-20 17:45:00,2020-10-20 18:15:00,59.26505661010742,49.507347106933594,-9.757709503173828,8.268396377563477,1.1801211574292259,WARNING,1,HVAC SOUTH,90.98649747092566,HVAC consumption below expected — South zone,Check whether the South HVAC system is operating according to schedule and setpoint.,Review HVAC South operation.,24.073875427246094,22.049999237060547,48.52000045776367
2020-10-20 18:00:00,2020-10-20 18:30:00,56.42341232299805,46.88893508911133,-9.534477233886719,8.268396377563477,1.1531229029801702,WARNING,1,HVAC SOUTH,87.54019093300252,HVAC consumption below expected — South zone,Check whether the South HVAC system is operating according to schedule and setpoint.,Review HVAC South operation.,24.034969329833984,22.464000701904297,47.630001068115234
2020-10-21 07:00:00,2020-10-21 07:30:00,28.254379272460938,9.103334426879883,-19.151044845581055,8.268396377563477,2.3161740162273725,HIGH,2,HVAC SOUTH,98.19455131323446,HVAC consumption below expected — South zone,Check whether the South HVAC system is operating according to schedule and setpoint.,Review HVAC South operation.,23.404062271118164,21.600000381469727,29.8799991607666
2020-10-21 07:15:00,2020-10-21 07:45:00,26.40645980834961,11.35156536102295,-15.05489444732666,8.268396377563477,1.8207756086994735,HIGH,2,HVAC SOUTH,99.62573683299507,HVAC consumption below expected — South zone,Check whether the South HVAC system is operating according to schedule and setpoint.,Review HVAC South operation.,23.339624404907227,21.13050079345703,29.90999984741211
2020-10-21 07:30:00,2020-10-21 08:00:00,10.55527400970459,22.68487548828125,12.12960147857666,8.268396377563477,1.466983550944736,WARNING,1,UNEXPLAINED LOAD,,Unexplained energy deviation,"The observed increase cannot be explained by the monitored HVAC, MELS or lighting subsystems. Verify meter consistency and inspect unmonitored electrical loads.",Inspect metering and unmonitored loads.,23.421655654907227,20.791500091552734,30.190000534057617
2020-10-21 07:45:00,2020-10-21 08:15:00,12.02090835571289,27.20545196533203,15.18454360961914,8.268396377563477,1.836455694216937,HIGH,2,UNEXPLAINED LOAD,,Unexplained energy deviation,"The observed increase cannot be explained by the monitored HVAC, MELS or lighting subsystems. Verify meter consistency and inspect unmonitored electrical loads.",Inspect metering and unmonitored loads.,23.44499969482422,20.208499908447266,33.16999816894531
2020-10-21 08:45:00,2020-10-21 09:15:00,34.77763748168945,24.23729133605957,-10.540346145629883,8.268396377563477,1.2747751394975941,WARNING,1,HVAC SOUTH,94.27506562098574,HVAC consumption below expected — South zone,Check whether the South HVAC system is operating according to schedule and setpoint.,Review HVAC South operation.,23.2731876373291,21.116500854492188,28.190000534057617
2020-10-21 09:45:00,2020-10-21 10:15:00,29.450319290161133,8.943788528442383,-20.50653076171875,8.268396377563477,2.4801097849352978,HIGH,2,HVAC SOUTH,97.93871033019968,HVAC consumption below expected — South zone,Check whether the South HVAC system is operating according to schedule and setpoint.,Review HVAC South operation.,23.144250869750977,20.405500411987305,31.559999465942383
2020-10-21 10:00:00,2020-10-21 10:30:00,21.453821182250977,9.521123886108398,-11.932697296142578,8.268396377563477,1.4431694794558088,WARNING,1,HVAC SOUTH,99.41255457700734,HVAC consumption below expected — South zone,Check whether the South HVAC system is operating according to schedule and setpoint.,Review HVAC South operation.,23.14231300354004,19.894500732421875,32.540000915527344
2020-10-21 11:45:00,2020-10-21 12:15:00,11.230963706970215,27.598140716552734,16.367176055908203,8.268396377563477,1.9794861432043813,HIGH,2,UNEXPLAINED LOAD,,Unexplained energy deviation,"The observed increase cannot be explained by the monitored HVAC, MELS or lighting subsystems. Verify meter consistency and inspect unmonitored electrical loads.",Inspect metering and unmonitored loads.,23.034936904907227,19.394500732421875,41.849998474121094
2020-10-21 12:15:00,2020-10-21 12:45:00,25.917585372924805,13.520685195922852,-12.396900177001953,8.268396377563477,1.499311306681098,WARNING,1,HVAC SOUTH,99.81016329470704,HVAC consumption below expected — South zone,Check whether the South HVAC system is operating according to schedule and setpoint.,Review HVAC South operation.,23.09343719482422,19.660999298095703,40.36000061035156
2020-10-21 13:30:00,2020-10-21 14:00:00,13.915667533874512,23.239206314086914,9.323538780212402,8.268396377563477,1.1276114925394825,WARNING,1,HVAC NORTH,90.52213406344312,Unexpected HVAC consumption — North zone,"Inspect the North HVAC operating state, schedule and temperature setpoint.",Review HVAC North operation.,23.095500946044922,18.797500610351562,40.880001068115234
2020-10-21 14:00:00,2020-10-21 14:30:00,23.68076515197754,38.689788818359375,15.009023666381836,8.268396377563477,1.815227884709209,HIGH,2,HVAC NORTH,58.627788388624836,Unexpected HVAC consumption — North zone,"Inspect the North HVAC operating state, schedule and temperature setpoint.",Review HVAC North operation.,23.138437271118164,19.506000518798828,40.91999816894531
2020-10-21 14:15:00,2020-10-21 14:45:00,24.11808967590332,38.214866638183594,14.096776962280273,8.268396377563477,1.7048985460508725,HIGH,2,LIGHTING,44.38285263817656,Unexpected lighting consumption,Check lighting schedules and whether lights are active outside the expected operating period.,Review lighting operation.,23.1638126373291,19.714000701904297,39.84000015258789
2020-10-21 15:45:00,2020-10-21 16:15:00,32.887142181396484,43.13458251953125,10.247440338134766,8.268396377563477,1.2393503976105307,WARNING,1,LIGHTING,78.53440424084461,Unexpected lighting consumption,Check lighting schedules and whether lights are active outside the expected operating period.,Review lighting operation.,23.4997501373291,19.883499145507812,40.41999816894531
2020-10-21 16:45:00,2020-10-21 17:15:00,46.37799835205078,36.33645248413086,-10.041545867919922,8.268396377563477,1.2144490188167485,WARNING,1,HVAC SOUTH,80.76985219683498,HVAC consumption below expected — South zone,Check whether the South HVAC system is operating according to schedule and setpoint.,Review HVAC South operation.,23.710750579833984,18.98349952697754,61.63999938964844
2020-10-21 18:15:00,2020-10-21 18:45:00,40.1423454284668,48.70561599731445,8.563270568847656,8.268396377563477,1.0356628030175632,WARNING,1,HVAC NORTH,55.30363289479195,Unexpected HVAC consumption — North zone,"Inspect the North HVAC operating state, schedule and temperature setpoint.",Review HVAC North operation.,23.745874404907227,23.061500549316406,39.06999969482422
2020-10-21 18:30:00,2020-10-21 19:00:00,43.90372085571289,53.59910202026367,9.695381164550781,8.268396377563477,1.1725830163221815,WARNING,1,HVAC NORTH,52.471942121552715,Unexpected HVAC consumption — North zone,"Inspect the North HVAC operating state, schedule and temperature setpoint.",Review HVAC North operation.,23.77121925354004,23.92799949645996,33.619998931884766
2020-10-21 20:00:00,2020-10-21 20:30:00,56.7146110534668,45.969520568847656,-10.74509048461914,8.268396377563477,1.2995374186191946,WARNING,1,HVAC SOUTH,99.533962874731,HVAC consumption below expected — South zone,Check whether the South HVAC system is operating according to schedule and setpoint.,Review HVAC South operation.,23.839624404907227,25.916500091552734,27.670000076293945
2020-10-21 23:30:00,2020-10-22 00:00:00,46.49120330810547,62.105812072753906,15.614608764648438,8.268396377563477,1.8884688217196641,HIGH,2,HVAC SOUTH,87.23183856100756,Unexpected HVAC consumption — South zone,"Inspect the South HVAC operating state, schedule and temperature setpoint.",Review HVAC South operation.,24.03290557861328,26.017000198364258,31.1200008392334
2020-10-22 00:00:00,2020-10-22 00:30:00,61.128170013427734,41.82588195800781,-19.302288055419922,8.268396377563477,2.334465738458937,HIGH,2,HVAC SOUTH,98.94838513259836,HVAC consumption below expected — South zone,Check whether the South HVAC system is operating according to schedule and setpoint.,Review HVAC South operation.,24.15790557861328,25.643999099731445,32.130001068115234
2020-10-22 05:15:00,2020-10-22 05:45:00,32.19145965576172,9.597490310668945,-22.593969345092773,8.268396377563477,2.732569692280614,CRITICAL,3,HVAC SOUTH,99.38101858823629,HVAC consumption below expected — South zone,Check whether the South HVAC system is operating according to schedule and setpoint.,Review HVAC South operation.,23.57406234741211,22.758499145507812,33.97999954223633
2020-10-22 05:45:00,2020-10-22 06:15:00,10.639842987060547,25.675384521484375,15.035541534423828,8.268396377563477,1.8184350202686446,HIGH,2,UNEXPLAINED LOAD,,Unexplained energy deviation,"The observed increase cannot be explained by the monitored HVAC, MELS or lighting subsystems. Verify meter consistency and inspect unmonitored electrical loads.",Inspect metering and unmonitored loads.,23.601375579833984,20.253000259399414,41.650001525878906
2020-10-22 06:30:00,2020-10-22 07:00:00,26.85926055908203,9.726835250854492,-17.13242530822754,8.268396377563477,2.0720372519533354,HIGH,2,HVAC SOUTH,98.55168975343818,HVAC consumption below expected — South zone,Check whether the South HVAC system is operating according to schedule and setpoint.,Review HVAC South operation.,23.5466251373291,20.327499389648438,39.7400016784668
2020-10-22 06:45:00,2020-10-22 07:15:00,19.534963607788086,9.403740882873535,-10.13122272491455,8.268396377563477,1.2252947563575816,WARNING,1,HVAC SOUTH,98.98480414615139,HVAC consumption below expected — South zone,Check whether the South HVAC system is operating according to schedule and setpoint.,Review HVAC South operation.,23.5778751373291,19.697500228881836,42.9900016784668
2020-10-22 07:15:00,2020-10-22 07:45:00,10.27727222442627,23.551250457763672,13.273978233337402,8.268396377563477,1.6053872634065671,HIGH,2,UNEXPLAINED LOAD,,Unexplained energy deviation,"The observed increase cannot be explained by the monitored HVAC, MELS or lighting subsystems. Verify meter consistency and inspect unmonitored electrical loads.",Inspect metering and unmonitored loads.,23.472312927246094,19.105499267578125,44.11000061035156
2020-10-22 07:30:00,2020-10-22 08:00:00,9.961225509643555,28.628005981445312,18.666780471801758,8.268396377563477,2.257605903177862,HIGH,2,UNEXPLAINED LOAD,,Unexplained energy deviation,"The observed increase cannot be explained by the monitored HVAC, MELS or lighting subsystems. Verify meter consistency and inspect unmonitored electrical loads.",Inspect metering and unmonitored loads.,23.45481300354004,19.285999298095703,43.9900016784668
2020-10-22 09:00:00,2020-10-22 09:30:00,29.596458435058594,14.807941436767578,-14.788516998291016,8.268396377563477,1.7885592711084906,HIGH,2,HVAC SOUTH,98.93953543970932,HVAC consumption below expected — South zone,Check whether the South HVAC system is operating according to schedule and setpoint.,Review HVAC South operation.,23.363000869750977,20.00550079345703,44.779998779296875
2020-10-22 09:15:00,2020-10-22 09:45:00,30.432527542114258,10.797805786132812,-19.634721755981445,8.268396377563477,2.3746710800247564,HIGH,2,HVAC SOUTH,97.37765103252568,HVAC consumption below expected — South zone,Check whether the South HVAC system is operating according to schedule and setpoint.,Review HVAC South operation.,23.35906219482422,19.674999237060547,46.970001220703125
2020-10-22 09:45:00,2020-10-22 10:15:00,11.506163597106934,39.04969787597656,27.543533325195312,8.268396377563477,3.331182017342015,CRITICAL,3,HVAC SOUTH,100.0,Unexpected HVAC consumption — South zone,"Inspect the South HVAC operating state, schedule and temperature setpoint.",Review HVAC South operation.,23.300500869750977,18.488500595092773,48.380001068115234
2020-10-22 10:00:00,2020-10-22 10:30:00,17.505617141723633,36.27295684814453,18.7673397064209,8.268396377563477,2.2697677819784494,HIGH,2,UNEXPLAINED LOAD,,Unexplained energy deviation,"The observed increase cannot be explained by the monitored HVAC, MELS or lighting subsystems. Verify meter consistency and inspect unmonitored electrical loads.",Inspect metering and unmonitored loads.,23.218563079833984,18.308500289916992,49.81999969482422
2020-10-22 10:15:00,2020-10-22 10:45:00,35.57640075683594,14.67977523803711,-20.896625518798828,8.268396377563477,2.5272887951407847,CRITICAL,3,HVAC SOUTH,99.77385385788996,HVAC consumption below expected — South zone,Check whether the South HVAC system is operating according to schedule and setpoint.,Review HVAC South operation.,23.210750579833984,18.799999237060547,50.880001068115234
2020-10-22 10:30:00,2020-10-22 11:00:00,35.217559814453125,9.332965850830078,-25.884593963623047,8.268396377563477,3.1305458497202205,CRITICAL,3,HVAC SOUTH,98.53557660895076,HVAC consumption below expected — South zone,Check whether the South HVAC system is operating according to schedule and setpoint.,Review HVAC South operation.,23.230249404907227,19.58049964904785,47.650001525878906
2020-10-22 11:15:00,2020-10-22 11:45:00,9.758198738098145,27.160480499267578,17.40228271484375,8.268396377563477,2.104674464091408,HIGH,2,UNEXPLAINED LOAD,,Unexplained energy deviation,"The observed increase cannot be explained by the monitored HVAC, MELS or lighting subsystems. Verify meter consistency and inspect unmonitored electrical loads.",Inspect metering and unmonitored loads.,23.222375869750977,18.758499145507812,48.61000061035156
2020-10-22 11:45:00,2020-10-22 12:15:00,25.973913192749023,9.670698165893555,-16.30321502685547,8.268396377563477,1.9717505405394806,HIGH,2,HVAC SOUTH,99.1955611706269,HVAC consumption below expected — South zone,Check whether the South HVAC system is operating according to schedule and setpoint.,Review HVAC South operation.,23.230249404907227,17.133499145507812,54.34000015258789
2020-10-22 17:15:00,2020-10-22 17:45:00,20.92783546447754,10.549079895019531,-10.378755569458008,8.268396377563477,1.2552319815751758,WARNING,1,HVAC SOUTH,90.3737217660206,HVAC consumption below expected — South zone,Check whether the South HVAC system is operating according to schedule and setpoint.,Review HVAC South operation.,23.542875289916992,15.53600025177002,76.26000213623047
2020-10-22 18:15:00,2020-10-22 18:45:00,14.043452262878418,32.86283874511719,18.819385528564453,8.268396377563477,2.2760623304939007,HIGH,2,UNEXPLAINED LOAD,,Unexplained energy deviation,"The observed increase cannot be explained by the monitored HVAC, MELS or lighting subsystems. Verify meter consistency and inspect unmonitored electrical loads.",Inspect metering and unmonitored loads.,23.5466251373291,17.00550079345703,64.91999816894531
2020-10-22 18:30:00,2020-10-22 19:00:00,17.800174713134766,38.49098587036133,20.690811157226562,8.268396377563477,2.5023971048813833,CRITICAL,3,LIGHTING,82.64869577649648,Unexpected lighting consumption,Check lighting schedules and whether lights are active outside the expected operating period.,Review lighting operation.,23.48206329345703,17.25,63.040000915527344
2020-10-22 18:45:00,2020-10-22 19:15:00,31.440431594848633,22.472637176513672,-8.967794418334961,8.268396377563477,1.0845869028085446,WARNING,1,HVAC SOUTH,91.88459880828225,HVAC consumption below expected — South zone,Check whether the South HVAC system is operating according to schedule and setpoint.,Review HVAC South operation.,23.4841251373291,17.541500091552734,61.58000183105469
2020-10-22 19:00:00,2020-10-22 19:30:00,37.80160903930664,12.68043327331543,-25.12117576599121,8.268396377563477,3.0382161931856846,CRITICAL,3,HVAC SOUTH,92.75021208054514,HVAC consumption below expected — South zone,Check whether the South HVAC system is operating according to schedule and setpoint.,Review HVAC South operation.,23.564250946044922,17.992000579833984,59.09000015258789
2020-10-22 20:30:00,2020-10-22 21:00:00,24.431907653808594,36.53755187988281,12.105644226074219,8.268396377563477,1.464086102466401,WARNING,1,HVAC NORTH,99.41980991921187,Unexpected HVAC consumption — North zone,"Inspect the North HVAC operating state, schedule and temperature setpoint.",Review HVAC North operation.,23.685375213623047,18.163999557495117,54.060001373291016
2020-10-22 20:45:00,2020-10-22 21:15:00,27.696361541748047,45.45785903930664,17.761497497558594,8.268396377563477,2.148118774972486,HIGH,2,HVAC NORTH,69.84443986623252,Unexpected HVAC consumption — North zone,"Inspect the North HVAC operating state, schedule and temperature setpoint.",Review HVAC North operation.,23.69499969482422,17.996999740600586,53.2400016784668
2020-10-22 21:15:00,2020-10-22 21:45:00,45.46268081665039,36.12330627441406,-9.339374542236328,8.268396377563477,1.1295267081751161,WARNING,1,HVAC SOUTH,92.82783225004034,HVAC consumption below expected — South zone,Check whether the South HVAC system is operating according to schedule and setpoint.,Review HVAC South operation.,23.679500579833984,17.825000762939453,54.119998931884766
2020-10-22 23:30:00,2020-10-23 00:00:00,32.65981674194336,42.330047607421875,9.670230865478516,8.268396377563477,1.1695412778853898,WARNING,1,HVAC NORTH,50.14734411983749,Unexpected HVAC consumption — North zone,"Inspect the North HVAC operating state, schedule and temperature setpoint.",Review HVAC North operation.,23.905969619750977,16.863500595092773,59.810001373291016
2020-10-22 23:45:00,2020-10-23 00:15:00,30.181907653808594,41.57716751098633,11.395259857177734,8.268396377563477,1.3781704863713462,WARNING,1,HVAC NORTH,54.35691543196038,Unexpected HVAC consumption — North zone,"Inspect the North HVAC operating state, schedule and temperature setpoint.",Review HVAC North operation.,23.917688369750977,16.367000579833984,62.27000045776367
2020-10-23 00:30:00,2020-10-23 01:00:00,33.82640075683594,13.856224060058594,-19.970176696777344,8.268396377563477,2.415241817744366,HIGH,2,HVAC SOUTH,99.26028608747913,HVAC consumption below expected — South zone,Check whether the South HVAC system is operating according to schedule and setpoint.,Review HVAC South operation.,23.9294376373291,14.766500473022461,70.06999969482422
2020-10-23 00:45:00,2020-10-23 01:15:00,40.95063400268555,10.947778701782227,-30.00285530090332,8.268396377563477,3.6286184080769157,CRITICAL,3,HVAC SOUTH,97.54399287650963,HVAC consumption below expected — South zone,Check whether the South HVAC system is operating according to schedule and setpoint.,Review HVAC South operation.,23.89031219482422,13.93850040435791,74.51000213623047
2020-10-23 17:45:00,2020-10-23 18:15:00,20.81583595275879,11.925202369689941,-8.890633583068848,8.268396377563477,1.0752548834250168,WARNING,1,HVAC SOUTH,96.09759793970362,HVAC consumption below expected — South zone,Check whether the South HVAC system is operating according to schedule and setpoint.,Review HVAC South operation.,23.433374404907227,15.469499588012695,69.20999908447266
2020-10-23 21:45:00,2020-10-23 22:15:00,20.32264518737793,9.579185485839844,-10.743459701538086,8.268396377563477,1.2993401877407285,WARNING,1,HVAC SOUTH,91.65830264119637,HVAC consumption below expected — South zone,Check whether the South HVAC system is operating according to schedule and setpoint.,Review HVAC South operation.,23.784936904907227,17.049999237060547,60.900001525878906
2020-10-25 20:30:00,2020-10-25 21:00:00,10.86313533782959,23.323692321777344,12.460556983947754,8.268396377563477,1.5070101159832905,HIGH,2,UNEXPLAINED LOAD,,Unexplained energy deviation,"The observed increase cannot be explained by the monitored HVAC, MELS or lighting subsystems. Verify meter consistency and inspect unmonitored electrical loads.",Inspect metering and unmonitored loads.,23.318157196044922,18.81100082397461,45.36000061035156
2020-10-25 21:15:00,2020-10-25 21:45:00,18.054311752319336,28.1689453125,10.114633560180664,8.268396377563477,1.2232884223628906,WARNING,1,UNEXPLAINED LOAD,,Unexplained energy deviation,"The observed increase cannot be explained by the monitored HVAC, MELS or lighting subsystems. Verify meter consistency and inspect unmonitored electrical loads.",Inspect metering and unmonitored loads.,23.284936904907227,19.922000885009766,33.720001220703125
2020-10-26 00:00:00,2020-10-26 00:30:00,23.147125244140625,11.583133697509766,-11.56399154663086,8.268396377563477,1.3985773079299961,WARNING,1,HVAC SOUTH,93.0170320802569,HVAC consumption below expected — South zone,Check whether the South HVAC system is operating according to schedule and setpoint.,Review HVAC South operation.,23.531030654907227,18.232999801635742,46.540000915527344
2020-10-26 00:15:00,2020-10-26 00:45:00,27.942546844482422,10.406938552856445,-17.535608291625977,8.268396377563477,2.1207991841331335,HIGH,2,HVAC SOUTH,95.4837633981338,HVAC consumption below expected — South zone,Check whether the South HVAC system is operating according to schedule and setpoint.,Review HVAC South operation.,23.542688369750977,17.28350067138672,55.060001373291016
2020-10-26 02:00:00,2020-10-26 02:30:00,11.33309555053711,26.328449249267578,14.995353698730469,8.268396377563477,1.813574605520942,HIGH,2,UNEXPLAINED LOAD,,Unexplained energy deviation,"The observed increase cannot be explained by the monitored HVAC, MELS or lighting subsystems. Verify meter consistency and inspect unmonitored electrical loads.",Inspect metering and unmonitored loads.,23.366968154907227,16.177499771118164,28.579999923706055
2020-10-26 02:15:00,2020-10-26 02:45:00,17.58843231201172,26.499347686767578,8.91091537475586,8.268396377563477,1.077707812718785,WARNING,1,UNEXPLAINED LOAD,,Unexplained energy deviation,"The observed increase cannot be explained by the monitored HVAC, MELS or lighting subsystems. Verify meter consistency and inspect unmonitored electrical loads.",Inspect metering and unmonitored loads.,23.281063079833984,16.242000579833984,26.1200008392334
2020-10-26 05:00:00,2020-10-26 05:30:00,24.732961654663086,10.064579010009766,-14.66838264465332,8.268396377563477,1.7740299297281374,HIGH,2,HVAC SOUTH,99.87581773659232,HVAC consumption below expected — South zone,Check whether the South HVAC system is operating according to schedule and setpoint.,Review HVAC South operation.,22.868938446044922,15.866999626159668,8.960000038146973
2020-10-26 05:15:00,2020-10-26 05:45:00,21.54018783569336,9.956119537353516,-11.584068298339844,8.268396377563477,1.4010054391893372,WARNING,1,HVAC SOUTH,99.59510237750752,HVAC consumption below expected — South zone,Check whether the South HVAC system is operating according to schedule and setpoint.,Review HVAC South operation.,22.8981876373291,15.78600025177002,8.859999656677246
2020-10-26 18:30:00,2020-10-26 19:00:00,20.2208194732666,10.700690269470215,-9.520129203796387,8.268396377563477,1.1513876172687514,WARNING,1,HVAC SOUTH,89.67746249781126,HVAC consumption below expected — South zone,Check whether the South HVAC system is operating according to schedule and setpoint.,Review HVAC South operation.,22.7497501373291,19.39150047302246,8.239999771118164
2020-10-26 18:45:00,2020-10-26 19:15:00,18.635372161865234,9.699695587158203,-8.935676574707031,8.268396377563477,1.080702492560013,WARNING,1,HVAC SOUTH,89.20402624379467,HVAC consumption below expected — South zone,Check whether the South HVAC system is operating according to schedule and setpoint.,Review HVAC South operation.,22.730188369750977,19.763999938964844,8.050000190734863
2020-10-27 14:30:00,2020-10-27 15:00:00,22.642871856689453,32.170326232910156,9.527454376220703,8.268396377563477,1.1522735414661198,WARNING,1,HVAC NORTH,47.39781865915358,Unexpected HVAC consumption — North zone,"Inspect the North HVAC operating state, schedule and temperature setpoint. A large indoor–outdoor temperature difference is also present.",Review HVAC North operation.,23.12874984741211,14.930500030517578,14.920000076293945
2020-10-27 15:00:00,2020-10-27 15:30:00,31.71918296813965,14.797748565673828,-16.92143440246582,8.268396377563477,2.046519497829422,HIGH,2,HVAC SOUTH,98.97987217326154,HVAC consumption below expected — South zone,Check whether the South HVAC system is operating according to schedule and setpoint.,Review HVAC South operation.,23.13059425354004,14.880499839782715,15.649999618530273
2020-10-27 15:15:00,2020-10-27 15:45:00,24.851131439208984,14.859374046325684,-9.9917573928833,8.268396377563477,1.2084274793593848,WARNING,1,HVAC SOUTH,99.81590126166023,HVAC consumption below expected — South zone,Check whether the South HVAC system is operating according to schedule and setpoint.,Review HVAC South operation.,23.20281219482422,15.11400032043457,15.979999542236328
2020-10-27 19:15:00,2020-10-27 19:45:00,18.94863510131836,28.87457275390625,9.92593765258789,8.268396377563477,1.2004670796289107,WARNING,1,LIGHTING,79.21668438703234,Unexpected lighting consumption,Check lighting schedules and whether lights are active outside the expected operating period.,Review lighting operation.,23.5700626373291,21.133499145507812,14.960000038146973
2020-10-27 19:30:00,2020-10-27 20:00:00,18.48301887512207,35.69503402709961,17.21201515197754,8.268396377563477,2.0816630415400526,HIGH,2,LIGHTING,73.10543199104394,Unexpected lighting consumption,Check lighting schedules and whether lights are active outside the expected operating period.,Review lighting operation.,23.60325050354004,21.861499786376953,14.4399995803833
2020-10-27 19:45:00,2020-10-27 20:15:00,28.91786003112793,40.84953308105469,11.931673049926758,8.268396377563477,1.4430456046233686,WARNING,1,LIGHTING,67.75180227151961,Unexpected lighting consumption,Check lighting schedules and whether lights are active outside the expected operating period.,Review lighting operation.,23.6872501373291,22.288999557495117,14.180000305175781
2020-10-27 20:00:00,2020-10-27 20:30:00,35.87517547607422,48.13960266113281,12.264427185058594,8.268396377563477,1.4832897003267111,WARNING,1,LIGHTING,57.137779584377846,Unexpected lighting consumption,Check lighting schedules and whether lights are active outside the expected operating period.,Review lighting operation.,23.761438369750977,22.700000762939453,14.130000114440918
2020-10-28 00:30:00,2020-10-28 01:00:00,52.311988830566406,41.79694747924805,-10.51504135131836,8.268396377563477,1.2717147160302107,WARNING,1,UNEXPLAINED LOAD,,Unexplained energy deviation,"The observed reduction cannot be explained by the monitored HVAC, MELS or lighting subsystems. Verify meter and sensor consistency and check for unexpected shutdowns.",Inspect metering and unmonitored loads.,24.384593963623047,21.00550079345703,20.059999465942383
2020-10-28 00:45:00,2020-10-28 01:15:00,45.42900466918945,37.07555389404297,-8.353450775146484,8.268396377563477,1.0102866860391218,WARNING,1,MELS NORTH,70.04140352178045,Equipment load below expected — North zone,Check whether equipment in the North zone is inactive or offline unexpectedly.,Review MELS North loads.,24.300561904907227,20.36949920654297,20.309999465942383
2020-10-28 15:45:00,2020-10-28 16:15:00,48.68368148803711,38.50415802001953,-10.179523468017578,8.268396377563477,1.2311363658907304,WARNING,1,UNEXPLAINED LOAD,,Unexplained energy deviation,"The observed reduction cannot be explained by the monitored HVAC, MELS or lighting subsystems. Verify meter and sensor consistency and check for unexpected shutdowns.",Inspect metering and unmonitored loads.,24.069936752319336,15.1225004196167,32.939998626708984
2020-10-28 17:30:00,2020-10-28 18:00:00,37.165103912353516,46.0379753112793,8.872871398925781,8.268396377563477,1.073106681605464,WARNING,1,MELS NORTH,63.806373842142506,Unexpected equipment load — North zone,Review plug-load and equipment activity in the North zone. Check for devices operating outside the expected schedule.,Review MELS North loads.,24.191186904907227,17.111499786376953,35.09000015258789
2020-10-28 18:00:00,2020-10-28 18:30:00,46.58124923706055,37.83607864379883,-8.745170593261719,8.268396377563477,1.057662235084905,WARNING,1,HVAC SOUTH,78.30194179423135,HVAC consumption below expected — South zone,Check whether the South HVAC system is operating according to schedule and setpoint.,Review HVAC South operation.,24.271249771118164,18.708499908447266,30.979999542236328
2020-10-28 18:15:00,2020-10-28 18:45:00,42.26892852783203,33.37038803100586,-8.898540496826172,8.268396377563477,1.076211164836341,WARNING,1,HVAC SOUTH,56.65937534859417,HVAC consumption below expected — South zone,Check whether the South HVAC system is operating according to schedule and setpoint.,Review HVAC South operation.,24.257686614990234,19.38050079345703,29.299999237060547
2020-10-28 23:30:00,2020-10-29 00:00:00,54.151451110839844,64.06385803222656,9.912406921386719,8.268396377563477,1.198830640036115,WARNING,1,LIGHTING,45.0213058857977,Unexpected lighting consumption,Check lighting schedules and whether lights are active outside the expected operating period.,Review lighting operation.,24.61887550354004,22.20800018310547,19.790000915527344
2020-10-29 00:15:00,2020-10-29 00:45:00,61.762001037597656,50.64707946777344,-11.114921569824219,8.268396377563477,1.3442656909851187,WARNING,1,UNEXPLAINED LOAD,,Unexplained energy deviation,"The observed reduction cannot be explained by the monitored HVAC, MELS or lighting subsystems. Verify meter and sensor consistency and check for unexpected shutdowns.",Inspect metering and unmonitored loads.,24.644250869750977,20.644500732421875,28.049999237060547
2020-10-29 00:30:00,2020-10-29 01:00:00,59.96791458129883,39.82831573486328,-20.139598846435547,8.268396377563477,2.435732145242203,HIGH,2,HVAC SOUTH,96.31208002902581,HVAC consumption below expected — South zone,Check whether the South HVAC system is operating according to schedule and setpoint.,Review HVAC South operation.,24.665687561035156,20.030500411987305,29.1299991607666
2020-10-29 00:45:00,2020-10-29 01:15:00,50.238216400146484,36.661956787109375,-13.57625961303711,8.268396377563477,1.6419459098352696,HIGH,2,MELS NORTH,69.1038231564558,Equipment load below expected — North zone,Check whether equipment in the North zone is inactive or offline unexpectedly.,Review MELS North loads.,24.667749404907227,18.76650047302246,36.869998931884766
2020-10-29 15:00:00,2020-10-29 15:30:00,38.06570053100586,46.62417984008789,8.558479309082031,8.268396377563477,1.0350833363898353,WARNING,1,LIGHTING,60.99542169483128,Unexpected lighting consumption,Check lighting schedules and whether lights are active outside the expected operating period.,Review lighting operation.,24.005624771118164,13.878000259399414,44.59000015258789
2020-10-29 16:30:00,2020-10-29 17:00:00,44.75045394897461,35.20399475097656,-9.546459197998047,8.268396377563477,1.15457203090827,WARNING,1,MELS NORTH,31.63457353750311,Equipment load below expected — North zone,Check whether equipment in the North zone is inactive or offline unexpectedly.,Review MELS North loads.,24.18718719482422,14.467000007629395,53.529998779296875
2020-10-29 16:45:00,2020-10-29 17:15:00,44.79371643066406,34.978416442871094,-9.815299987792969,8.268396377563477,1.1870862909314626,WARNING,1,MELS NORTH,41.213376025137464,Equipment load below expected — North zone,Check whether equipment in the North zone is inactive or offline unexpectedly.,Review MELS North loads.,24.198999404907227,14.916500091552734,53.02000045776367
2020-10-29 20:00:00,2020-10-29 20:30:00,48.87364959716797,58.655609130859375,9.781959533691406,8.268396377563477,1.1830540151939286,WARNING,1,HVAC SOUTH,68.87902696265643,Unexpected HVAC consumption — South zone,"Inspect the South HVAC operating state, schedule and temperature setpoint.",Review HVAC South operation.,24.630624771118164,22.003000259399414,34.16999816894531
2020-10-29 20:15:00,2020-10-29 20:45:00,49.24858093261719,59.118446350097656,9.869865417480469,8.268396377563477,1.193685566921129,WARNING,1,HVAC SOUTH,60.5915887297606,Unexpected HVAC consumption — South zone,"Inspect the South HVAC operating state, schedule and temperature setpoint.",Review HVAC South operation.,24.65218734741211,22.366500854492188,33.06999969482422
2020-10-29 22:45:00,2020-10-29 23:15:00,58.23415756225586,69.76102447509766,11.526866912841797,8.268396377563477,1.3940873642826643,WARNING,1,HVAC SOUTH,43.40868489192413,Unexpected HVAC consumption — South zone,"Inspect the South HVAC operating state, schedule and temperature setpoint.",Review HVAC South operation.,24.730249404907227,22.469499588012695,30.139999389648438
2020-10-30 00:15:00,2020-10-30 00:45:00,57.05455780029297,46.740089416503906,-10.314468383789062,8.268396377563477,1.247456932734582,WARNING,1,UNEXPLAINED LOAD,,Unexplained energy deviation,"The observed reduction cannot be explained by the monitored HVAC, MELS or lighting subsystems. Verify meter and sensor consistency and check for unexpected shutdowns.",Inspect metering and unmonitored loads.,24.835750579833984,20.424999237060547,39.06999969482422
2020-10-30 00:30:00,2020-10-30 01:00:00,49.63720703125,37.2891845703125,-12.3480224609375,8.268396377563477,1.4933999166324685,WARNING,1,MELS NORTH,68.62072591699703,Equipment load below expected — North zone,Check whether equipment in the North zone is inactive or offline unexpectedly.,Review MELS North loads.,24.8239688873291,20.019500732421875,41.43000030517578
2020-10-30 00:45:00,2020-10-30 01:15:00,45.8272819519043,36.918792724609375,-8.908489227294922,8.268396377563477,1.0774143885346807,WARNING,1,MELS NORTH,71.64030312421256,Equipment load below expected — North zone,Check whether equipment in the North zone is inactive or offline unexpectedly.,Review MELS North loads.,24.7575626373291,18.356000900268555,46.2599983215332
2020-10-30 21:45:00,2020-10-30 22:15:00,33.869991302490234,51.22329330444336,17.353302001953125,8.268396377563477,2.0987506173557176,HIGH,2,LIGHTING,52.70756156985307,Unexpected lighting consumption,Check lighting schedules and whether lights are active outside the expected operating period.,Review lighting operation.,24.503686904907227,20.70549964904785,43.7400016784668
2020-10-30 22:00:00,2020-10-30 22:30:00,40.208744049072266,50.08971405029297,9.880970001220703,8.268396377563477,1.1950285823298203,WARNING,1,LIGHTING,73.86766105441124,Unexpected lighting consumption,Check lighting schedules and whether lights are active outside the expected operating period.,Review lighting operation.,24.5739688873291,20.38050079345703,44.040000915527344
2020-10-30 23:00:00,2020-10-30 23:30:00,43.82457733154297,53.2719612121582,9.447383880615234,8.268396377563477,1.1425896206731179,WARNING,1,HVAC SOUTH,52.6003023389498,Unexpected HVAC consumption — South zone,"Inspect the South HVAC operating state, schedule and temperature setpoint.",Review HVAC South operation.,24.5778751373291,19.18600082397461,51.08000183105469
2020-10-30 23:15:00,2020-10-30 23:45:00,45.96500778198242,55.295169830322266,9.330162048339844,8.268396377563477,1.1284125267213239,WARNING,1,HVAC SOUTH,51.165208392406626,Unexpected HVAC consumption — South zone,"Inspect the South HVAC operating state, schedule and temperature setpoint.",Review HVAC South operation.,24.5388126373291,18.88599967956543,52.06999969482422
2020-10-30 23:30:00,2020-10-31 00:00:00,52.396934509277344,43.560909271240234,-8.83602523803711,8.268396377563477,1.068650417149075,WARNING,1,HVAC SOUTH,99.04772306098677,HVAC consumption below expected — South zone,Check whether the South HVAC system is operating according to schedule and setpoint.,Review HVAC South operation.,24.58362579345703,18.802499771118164,52.15999984741211
2020-10-30 23:45:00,2020-10-31 00:15:00,54.29712677001953,42.212642669677734,-12.084484100341797,8.268396377563477,1.4615269453135291,WARNING,1,HVAC SOUTH,99.94541493964707,HVAC consumption below expected — South zone,Check whether the South HVAC system is operating according to schedule and setpoint.,Review HVAC South operation.,24.581687927246094,18.50550079345703,50.90999984741211
2020-10-31 19:15:00,2020-10-31 19:45:00,31.93595314025879,40.309932708740234,8.373979568481445,8.268396377563477,1.0127694883138973,WARNING,1,UNEXPLAINED LOAD,,Unexplained energy deviation,"The observed increase cannot be explained by the monitored HVAC, MELS or lighting subsystems. Verify meter consistency and inspect unmonitored electrical loads.",Inspect metering and unmonitored loads.,24.05437469482422,21.31100082397461,40.75
2020-10-31 19:30:00,2020-10-31 20:00:00,35.93717575073242,46.010047912597656,10.072872161865234,8.268396377563477,1.2182376971184223,WARNING,1,UNEXPLAINED LOAD,,Unexplained energy deviation,"The observed increase cannot be explained by the monitored HVAC, MELS or lighting subsystems. Verify meter consistency and inspect unmonitored electrical loads.",Inspect metering and unmonitored loads.,24.1247501373291,21.91349983215332,38.880001068115234
2020-11-01 00:30:00,2020-11-01 01:00:00,48.72195816040039,38.985206604003906,-9.736751556396484,8.268396377563477,1.177586452291696,WARNING,1,UNEXPLAINED LOAD,,Unexplained energy deviation,"The observed reduction cannot be explained by the monitored HVAC, MELS or lighting subsystems. Verify meter and sensor consistency and check for unexpected shutdowns.",Inspect metering and unmonitored loads.,24.37274932861328,23.388999938964844,34.08000183105469
2020-11-01 00:45:00,2020-11-01 01:15:00,48.30177688598633,31.919769287109375,-16.382007598876953,8.268396377563477,1.9812799061411699,HIGH,2,HVAC SOUTH,71.41589519889585,HVAC consumption below expected — South zone,Check whether the South HVAC system is operating according to schedule and setpoint.,Review HVAC South operation.,24.386625289916992,22.785999298095703,36.38999938964844
2020-11-01 01:00:00,2020-11-01 01:30:00,38.634822845458984,30.236068725585938,-8.398754119873047,8.268396377563477,1.0157657829108555,WARNING,1,HVAC SOUTH,81.49991829689473,HVAC consumption below expected — South zone,Check whether the South HVAC system is operating according to schedule and setpoint.,Review HVAC South operation.,24.41965675354004,21.68899917602539,39.97999954223633
2020-11-02 17:00:00,2020-11-02 17:30:00,38.261714935302734,13.760835647583008,-24.500879287719727,8.268396377563477,2.9631960260400123,CRITICAL,3,HVAC SOUTH,86.52822198893824,HVAC consumption below expected — South zone,Check whether the South HVAC system is operating according to schedule and setpoint.,Review HVAC South operation.,24.208749771118164,18.861000061035156,40.939998626708984
2020-11-02 17:15:00,2020-11-02 17:45:00,33.26588821411133,21.705718994140625,-11.560169219970703,8.268396377563477,1.3981150264323978,WARNING,1,HVAC SOUTH,73.98366852329903,HVAC consumption below expected — South zone,Check whether the South HVAC system is operating according to schedule and setpoint.,Review HVAC South operation.,24.175500869750977,18.394500732421875,45.439998626708984
2020-11-02 17:30:00,2020-11-02 18:00:00,15.364798545837402,29.173664093017578,13.808865547180176,8.268396377563477,1.6700778381465742,HIGH,2,UNEXPLAINED LOAD,,Unexplained energy deviation,"The observed increase cannot be explained by the monitored HVAC, MELS or lighting subsystems. Verify meter consistency and inspect unmonitored electrical loads.",Inspect metering and unmonitored loads.,24.132625579833984,19.083499908447266,44.2599983215332
2020-11-02 22:15:00,2020-11-02 22:45:00,46.211509704589844,34.71311950683594,-11.498390197753906,8.268396377563477,1.3906433209896791,WARNING,1,HVAC SOUTH,59.00644987597117,HVAC consumption below expected — South zone,Check whether the South HVAC system is operating according to schedule and setpoint.,Review HVAC South operation.,24.226375579833984,26.97800064086914,24.329999923706055
2020-11-03 01:30:00,2020-11-03 02:00:00,29.56879234313965,17.017234802246094,-12.551557540893555,8.268396377563477,1.5180159450207968,HIGH,2,HVAC SOUTH,96.47975915580408,HVAC consumption below expected — South zone,Check whether the South HVAC system is operating according to schedule and setpoint.,Review HVAC South operation.,24.345500946044922,20.538999557495117,43.5099983215332
2020-11-03 02:00:00,2020-11-03 02:30:00,17.165569305419922,32.07468032836914,14.909111022949219,8.268396377563477,1.8031442062218384,HIGH,2,UNEXPLAINED LOAD,,Unexplained energy deviation,"The observed increase cannot be explained by the monitored HVAC, MELS or lighting subsystems. Verify meter consistency and inspect unmonitored electrical loads.",Inspect metering and unmonitored loads.,24.279062271118164,21.302499771118164,31.1200008392334
2020-11-03 02:15:00,2020-11-03 02:45:00,25.397581100463867,14.427671432495117,-10.96990966796875,8.268396377563477,1.3267275983207463,WARNING,1,HVAC SOUTH,93.94879514792798,HVAC consumption below expected — South zone,Check whether the South HVAC system is operating according to schedule and setpoint.,Review HVAC South operation.,24.21062469482422,21.027999877929688,33.290000915527344
2020-11-03 02:30:00,2020-11-03 03:00:00,31.339862823486328,9.306182861328125,-22.033679962158203,8.268396377563477,2.6648069294243326,CRITICAL,3,HVAC SOUTH,98.19017592663292,HVAC consumption below expected — South zone,Check whether the South HVAC system is operating according to schedule and setpoint.,Review HVAC South operation.,24.24387550354004,18.40250015258789,46.90999984741211
2020-11-03 14:45:00,2020-11-03 15:15:00,13.954191207885742,28.714824676513672,14.76063346862793,8.268396377563477,1.7851869691058013,HIGH,2,LIGHTING,55.54228709646658,Unexpected lighting consumption,Check lighting schedules and whether lights are active outside the expected operating period.,Review lighting operation.,23.300561904907227,9.725000381469727,89.0
2020-11-03 15:15:00,2020-11-03 15:45:00,27.082279205322266,17.829654693603516,-9.25262451171875,8.268396377563477,1.1190349481582673,WARNING,1,HVAC SOUTH,97.03418511826504,HVAC consumption below expected — South zone,Check whether the South HVAC system is operating according to schedule and setpoint.,Review HVAC South operation.,23.394311904907227,9.944499969482422,88.80000305175781
2020-11-03 16:00:00,2020-11-03 16:30:00,21.717256546020508,12.987972259521484,-8.729284286499023,8.268396377563477,1.055740906445436,WARNING,1,HVAC SOUTH,95.24504474285615,HVAC consumption below expected — South zone,Check whether the South HVAC system is operating according to schedule and setpoint.,Review HVAC South operation.,23.42937469482422,12.047499656677246,84.19999694824219
2020-11-03 20:00:00,2020-11-03 20:30:00,26.867036819458008,35.723243713378906,8.856206893920898,8.268396377563477,1.071091235774867,WARNING,1,LIGHTING,64.94875653639012,Unexpected lighting consumption,Check lighting schedules and whether lights are active outside the expected operating period.,Review lighting operation.,23.656030654907227,20.975000381469727,40.400001525878906
2020-11-03 21:00:00,2020-11-03 21:30:00,31.685009002685547,22.258285522460938,-9.42672348022461,8.268396377563477,1.140090901520431,WARNING,1,HVAC SOUTH,99.8719328961398,HVAC consumption below expected — South zone,Check whether the South HVAC system is operating according to schedule and setpoint.,Review HVAC South operation.,23.827938079833984,19.73349952697754,46.09000015258789
2020-11-03 21:15:00,2020-11-03 21:45:00,28.031564712524414,14.979578971862793,-13.051985740661621,8.268396377563477,1.578538950561024,HIGH,2,HVAC SOUTH,96.49024202260824,HVAC consumption below expected — South zone,Check whether the South HVAC system is operating according to schedule and setpoint.,Review HVAC South operation.,23.874813079833984,18.908000946044922,48.150001525878906
2020-11-03 22:45:00,2020-11-03 23:15:00,15.410380363464355,32.3939323425293,16.983551025390625,8.268396377563477,2.0540320335241744,HIGH,2,LIGHTING,51.29455075986385,Unexpected lighting consumption,Check lighting schedules and whether lights are active outside the expected operating period.,Review lighting operation.,24.105249404907227,15.852999687194824,59.720001220703125
2020-11-03 23:00:00,2020-11-03 23:30:00,17.727230072021484,26.81375503540039,9.086524963378906,8.268396377563477,1.0989464641578437,WARNING,1,UNEXPLAINED LOAD,,Unexplained energy deviation,"The observed increase cannot be explained by the monitored HVAC, MELS or lighting subsystems. Verify meter consistency and inspect unmonitored electrical loads.",Inspect metering and unmonitored loads.,24.10712432861328,15.763999938964844,61.279998779296875
2020-11-03 23:30:00,2020-11-04 00:00:00,26.56096649169922,16.572093963623047,-9.988872528076172,8.268396377563477,1.208078576781981,WARNING,1,HVAC SOUTH,98.1977143337344,HVAC consumption below expected — South zone,Check whether the South HVAC system is operating according to schedule and setpoint.,Review HVAC South operation.,24.099407196044922,15.736000061035156,63.84000015258789
2020-11-03 23:45:00,2020-11-04 00:15:00,25.940326690673828,15.146699905395508,-10.79362678527832,8.268396377563477,1.3054075170570107,WARNING,1,HVAC SOUTH,98.3818406799191,HVAC consumption below expected — South zone,Check whether the South HVAC system is operating according to schedule and setpoint.,Review HVAC South operation.,24.1091251373291,15.094499588012695,62.97999954223633
2020-11-04 02:00:00,2020-11-04 02:30:00,12.238250732421875,33.56378173828125,21.325531005859375,8.268396377563477,2.5791616695743804,CRITICAL,3,UNEXPLAINED LOAD,,Unexplained energy deviation,"The observed increase cannot be explained by the monitored HVAC, MELS or lighting subsystems. Verify meter consistency and inspect unmonitored electrical loads.",Inspect metering and unmonitored loads.,23.917688369750977,14.355500221252441,64.4000015258789
2020-11-04 02:15:00,2020-11-04 02:45:00,10.669840812683105,41.25459289550781,30.58475112915039,8.268396377563477,3.6989943070633338,CRITICAL,3,HVAC SOUTH,96.62044494981129,Unexpected HVAC consumption — South zone,"Inspect the South HVAC operating state, schedule and temperature setpoint. A large indoor–outdoor temperature difference is also present.",Review HVAC South operation.,23.93718719482422,13.927499771118164,64.87000274658203
2020-11-04 02:30:00,2020-11-04 03:00:00,27.312461853027344,40.75035858154297,13.437896728515625,8.268396377563477,1.6252119655245039,HIGH,2,HVAC SOUTH,83.53377508986557,Unexpected HVAC consumption — South zone,"Inspect the South HVAC operating state, schedule and temperature setpoint. A large indoor–outdoor temperature difference is also present.",Review HVAC South operation.,23.859188079833984,13.425000190734863,68.66999816894531
2020-11-04 02:45:00,2020-11-04 03:15:00,35.88935470581055,45.22954559326172,9.340190887451172,8.268396377563477,1.1296254389540443,WARNING,1,LIGHTING,51.97853891770681,Unexpected lighting consumption,Check lighting schedules and whether lights are active outside the expected operating period.,Review lighting operation.,23.81999969482422,13.294500350952148,71.70999908447266
2020-11-04 15:30:00,2020-11-04 16:00:00,38.439788818359375,28.5766658782959,-9.863122940063477,8.268396377563477,1.1928701152774115,WARNING,1,HVAC SOUTH,93.94088034173961,HVAC consumption below expected — South zone,Check whether the South HVAC system is operating according to schedule and setpoint.,Review HVAC South operation.,23.978313446044922,13.3725004196167,69.69000244140625
2020-11-04 15:45:00,2020-11-04 16:15:00,46.9101448059082,16.401025772094727,-30.509119033813477,8.268396377563477,3.6898471772109063,CRITICAL,3,HVAC SOUTH,99.64141913656712,HVAC consumption below expected — South zone,Check whether the South HVAC system is operating according to schedule and setpoint.,Review HVAC South operation.,24.0310001373291,14.030500411987305,71.38999938964844
2020-11-04 16:00:00,2020-11-04 16:30:00,30.517425537109375,17.001178741455078,-13.516246795654297,8.268396377563477,1.6346878135077085,HIGH,2,HVAC SOUTH,99.84072740225727,HVAC consumption below expected — South zone,Check whether the South HVAC system is operating according to schedule and setpoint.,Review HVAC South operation.,24.07981300354004,13.616999626159668,72.47000122070312
2020-11-04 19:30:00,2020-11-04 20:00:00,21.146114349365234,32.225887298583984,11.07977294921875,8.268396377563477,1.3400147311858466,WARNING,1,LIGHTING,61.15395516003919,Unexpected lighting consumption,Check lighting schedules and whether lights are active outside the expected operating period.,Review lighting operation.,24.181406021118164,20.655500411987305,51.369998931884766
2020-11-04 19:45:00,2020-11-04 20:15:00,21.796035766601562,35.760154724121094,13.964118957519531,8.268396377563477,1.688854563795654,HIGH,2,UNEXPLAINED LOAD,,Unexplained energy deviation,"The observed increase cannot be explained by the monitored HVAC, MELS or lighting subsystems. Verify meter consistency and inspect unmonitored electrical loads.",Inspect metering and unmonitored loads.,24.2497501373291,21.200000762939453,50.11000061035156
2020-11-04 20:30:00,2020-11-04 21:00:00,30.55768585205078,39.704200744628906,9.146514892578125,8.268396377563477,1.1062017923327245,WARNING,1,LIGHTING,65.12171309802798,Unexpected lighting consumption,Check lighting schedules and whether lights are active outside the expected operating period.,Review lighting operation.,24.218469619750977,21.780500411987305,48.380001068115234
2020-11-05 03:15:00,2020-11-05 03:45:00,30.105010986328125,38.5380859375,8.433074951171875,8.268396377563477,1.0199166278548593,WARNING,1,LIGHTING,45.39345721024362,Unexpected lighting consumption,Check lighting schedules and whether lights are active outside the expected operating period.,Review lighting operation.,24.108999252319336,19.555500030517578,66.11000061035156
2020-11-05 04:30:00,2020-11-05 05:00:00,28.959407806396484,15.707283973693848,-13.252123832702637,8.268396377563477,1.6027441389557282,HIGH,2,HVAC SOUTH,99.48203335823239,HVAC consumption below expected — South zone,Check whether the South HVAC system is operating according to schedule and setpoint.,Review HVAC South operation.,24.017250061035156,19.53350067138672,63.380001068115234
2020-11-05 04:45:00,2020-11-05 05:15:00,28.205041885375977,10.588081359863281,-17.616960525512695,8.268396377563477,2.130638121476228,HIGH,2,HVAC SOUTH,99.7113349437782,HVAC consumption below expected — South zone,Check whether the South HVAC system is operating according to schedule and setpoint.,Review HVAC South operation.,23.960750579833984,18.899999618530273,65.69000244140625
2020-11-05 11:15:00,2020-11-05 11:45:00,10.49842357635498,23.294179916381836,12.795756340026855,8.268396377563477,1.5475499426646375,HIGH,2,UNEXPLAINED LOAD,,Unexplained energy deviation,"The observed increase cannot be explained by the monitored HVAC, MELS or lighting subsystems. Verify meter consistency and inspect unmonitored electrical loads.",Inspect metering and unmonitored loads.,23.48812484741211,19.194499969482422,47.58000183105469
2020-11-05 11:30:00,2020-11-05 12:00:00,10.222834587097168,29.541828155517578,19.318992614746094,8.268396377563477,2.3364860285567244,HIGH,2,UNEXPLAINED LOAD,,Unexplained energy deviation,"The observed increase cannot be explained by the monitored HVAC, MELS or lighting subsystems. Verify meter consistency and inspect unmonitored electrical loads.",Inspect metering and unmonitored loads.,23.480249404907227,19.600000381469727,41.79999923706055
2020-11-05 14:00:00,2020-11-05 14:30:00,30.060972213745117,12.489986419677734,-17.570985794067383,8.268396377563477,2.1250778254592078,HIGH,2,HVAC SOUTH,98.31660422844425,HVAC consumption below expected — South zone,Check whether the South HVAC system is operating according to schedule and setpoint.,Review HVAC South operation.,23.339624404907227,18.878000259399414,44.5099983215332
2020-11-05 14:15:00,2020-11-05 14:45:00,26.682655334472656,15.72669792175293,-10.955957412719727,8.268396377563477,1.3250401785827566,WARNING,1,HVAC SOUTH,96.98445217921041,HVAC consumption below expected — South zone,Check whether the South HVAC system is operating according to schedule and setpoint.,Review HVAC South operation.,23.378625869750977,18.7810001373291,45.0099983215332
2020-11-05 14:30:00,2020-11-05 15:00:00,14.16489315032959,29.1585636138916,14.993670463562012,8.268396377563477,1.8133710309592503,HIGH,2,UNEXPLAINED LOAD,,Unexplained energy deviation,"The observed increase cannot be explained by the monitored HVAC, MELS or lighting subsystems. Verify meter consistency and inspect unmonitored electrical loads.",Inspect metering and unmonitored loads.,23.386438369750977,18.77199935913086,44.33000183105469
2020-11-05 15:45:00,2020-11-05 16:15:00,26.87798500061035,11.716970443725586,-15.161014556884766,8.268396377563477,1.8336100332616612,HIGH,2,HVAC SOUTH,93.74593453468106,HVAC consumption below expected — South zone,Check whether the South HVAC system is operating according to schedule and setpoint.,Review HVAC South operation.,23.597375869750977,18.742000579833984,45.04999923706055
2020-11-05 16:00:00,2020-11-05 16:30:00,20.2782039642334,11.58084774017334,-8.697356224060059,8.268396377563477,1.051879448796211,WARNING,1,HVAC SOUTH,94.85567336943242,HVAC consumption below expected — South zone,Check whether the South HVAC system is operating according to schedule and setpoint.,Review HVAC South operation.,23.64228057861328,18.066499710083008,50.29999923706055
2020-11-05 18:00:00,2020-11-05 18:30:00,16.421977996826172,25.705659866333008,9.283681869506836,8.268396377563477,1.1227911006659483,WARNING,1,LIGHTING,72.41338435262205,Unexpected lighting consumption,Check lighting schedules and whether lights are active outside the expected operating period.,Review lighting operation.,23.950937271118164,21.094499588012695,54.13999938964844
2020-11-05 18:15:00,2020-11-05 18:45:00,18.49635124206543,40.561073303222656,22.064722061157227,8.268396377563477,2.6685612364968936,CRITICAL,3,LIGHTING,49.4831678514109,Unexpected lighting consumption,Check lighting schedules and whether lights are active outside the expected operating period.,Review lighting operation.,23.890438079833984,21.649999618530273,51.220001220703125
2020-11-05 18:30:00,2020-11-05 19:00:00,26.318025588989258,38.35856628417969,12.04054069519043,8.268396377563477,1.4562123228468788,WARNING,1,LIGHTING,52.64014820569714,Unexpected lighting consumption,Check lighting schedules and whether lights are active outside the expected operating period.,Review lighting operation.,23.90399932861328,21.893999099731445,50.27000045776367
2020-11-05 19:15:00,2020-11-05 19:45:00,41.67652130126953,33.40409851074219,-8.272422790527344,8.268396377563477,1.0004869641923304,WARNING,1,HVAC SOUTH,100.0,HVAC consumption below expected — South zone,Check whether the South HVAC system is operating according to schedule and setpoint.,Review HVAC South operation.,23.90593719482422,23.405500411987305,43.45000076293945
2020-11-05 20:15:00,2020-11-05 20:45:00,36.17982482910156,48.87785339355469,12.698028564453125,8.268396377563477,1.535730507418534,HIGH,2,HVAC NORTH,68.51550490506656,Unexpected HVAC consumption — North zone,"Inspect the North HVAC operating state, schedule and temperature setpoint.",Review HVAC North operation.,23.968374252319336,24.79450035095215,40.150001525878906
2020-11-06 00:00:00,2020-11-06 00:30:00,53.65147018432617,42.299774169921875,-11.351696014404297,8.268396377563477,1.37290176910331,WARNING,1,HVAC SOUTH,66.1993043283475,HVAC consumption below expected — South zone,Check whether the South HVAC system is operating according to schedule and setpoint.,Review HVAC South operation.,24.357219696044922,22.27199935913086,45.41999816894531
2020-11-06 00:45:00,2020-11-06 01:15:00,43.05604553222656,34.174468994140625,-8.881576538085938,8.268396377563477,1.0741595023415111,WARNING,1,HVAC SOUTH,85.97288123193049,HVAC consumption below expected — South zone,Check whether the South HVAC system is operating according to schedule and setpoint.,Review HVAC South operation.,24.253625869750977,23.280500411987305,34.93000030517578
2020-11-06 01:00:00,2020-11-06 01:30:00,38.783447265625,26.586284637451172,-12.197162628173828,8.268396377563477,1.4751545609582974,WARNING,1,HVAC SOUTH,88.52187148573624,HVAC consumption below expected — South zone,Check whether the South HVAC system is operating according to schedule and setpoint.,Review HVAC South operation.,24.255657196044922,22.672000885009766,35.720001220703125
2020-11-06 01:15:00,2020-11-06 01:45:00,33.7686653137207,10.560993194580078,-23.207672119140625,8.268396377563477,2.8067924007749903,CRITICAL,3,HVAC SOUTH,95.24848922115122,HVAC consumption below expected — South zone,Check whether the South HVAC system is operating according to schedule and setpoint.,Review HVAC South operation.,24.1872501373291,20.03350067138672,52.56999969482422
2020-11-06 01:30:00,2020-11-06 02:00:00,26.576374053955078,10.755125999450684,-15.821248054504395,8.268396377563477,1.9134602808152485,HIGH,2,HVAC SOUTH,98.59957411549235,HVAC consumption below expected — South zone,Check whether the South HVAC system is operating according to schedule and setpoint.,Review HVAC South operation.,24.18918800354004,20.6560001373291,47.900001525878906
2020-11-06 03:30:00,2020-11-06 04:00:00,14.04065990447998,35.625938415527344,21.585277557373047,8.268396377563477,2.6105760502659616,CRITICAL,3,LIGHTING,51.602948540493344,Unexpected lighting consumption,Check lighting schedules and whether lights are active outside the expected operating period.,Review lighting operation.,24.058313369750977,20.40250015258789,43.65999984741211
2020-11-06 04:00:00,2020-11-06 04:30:00,31.673364639282227,11.19797134399414,-20.475393295288086,8.268396377563477,2.476343943893236,HIGH,2,HVAC SOUTH,98.87529477174385,HVAC consumption below expected — South zone,Check whether the South HVAC system is operating according to schedule and setpoint.,Review HVAC South operation.,24.02899932861328,18.716999053955078,46.56999969482422
2020-11-06 04:15:00,2020-11-06 04:45:00,13.854875564575195,22.457487106323242,8.602611541748047,8.268396377563477,1.0404207961160972,WARNING,1,UNEXPLAINED LOAD,,Unexplained energy deviation,"The observed increase cannot be explained by the monitored HVAC, MELS or lighting subsystems. Verify meter consistency and inspect unmonitored electrical loads.",Inspect metering and unmonitored loads.,23.995813369750977,19.01099967956543,46.34000015258789
2020-11-06 04:45:00,2020-11-06 05:15:00,20.84197235107422,9.567232131958008,-11.274740219116211,8.268396377563477,1.3635945477542093,WARNING,1,HVAC SOUTH,98.73193586416092,HVAC consumption below expected — South zone,Check whether the South HVAC system is operating according to schedule and setpoint.,Review HVAC South operation.,23.980188369750977,18.477500915527344,45.209999084472656
2020-11-06 16:00:00,2020-11-06 16:30:00,27.364704132080078,18.045772552490234,-9.318931579589844,8.268396377563477,1.1270542864728914,WARNING,1,HVAC SOUTH,93.21667133282777,HVAC consumption below expected — South zone,Check whether the South HVAC system is operating according to schedule and setpoint.,Review HVAC South operation.,23.488061904907227,10.83899974822998,60.33000183105469
2020-11-06 18:45:00,2020-11-06 19:15:00,13.075257301330566,21.76264190673828,8.687384605407715,8.268396377563477,1.0506734569451912,WARNING,1,LIGHTING,94.56328967974869,Unexpected lighting consumption,Check lighting schedules and whether lights are active outside the expected operating period.,Review lighting operation.,23.6247501373291,12.591500282287598,50.45000076293945
2020-11-06 20:00:00,2020-11-06 20:30:00,19.789039611816406,30.958011627197266,11.16897201538086,8.268396377563477,1.35080268353948,WARNING,1,LIGHTING,58.50252030302503,Unexpected lighting consumption,Check lighting schedules and whether lights are active outside the expected operating period.,Review lighting operation.,23.675594329833984,13.619500160217285,42.83000183105469
2020-11-06 20:30:00,2020-11-06 21:00:00,29.23761749267578,19.430828094482422,-9.80678939819336,8.268396377563477,1.1860569994931973,WARNING,1,HVAC SOUTH,99.79499991238117,HVAC consumption below expected — South zone,Check whether the South HVAC system is operating according to schedule and setpoint.,Review HVAC South operation.,23.710750579833984,14.227999687194824,41.9900016784668
2020-11-06 23:00:00,2020-11-06 23:30:00,22.778289794921875,31.597091674804688,8.818801879882812,8.268396377563477,1.0665673822572024,WARNING,1,UNEXPLAINED LOAD,,Unexplained energy deviation,"The observed increase cannot be explained by the monitored HVAC, MELS or lighting subsystems. Verify meter consistency and inspect unmonitored electrical loads.",Inspect metering and unmonitored loads.,24.056406021118164,12.194000244140625,62.150001525878906
2020-11-07 00:00:00,2020-11-07 00:30:00,30.002328872680664,41.77881622314453,11.776487350463867,8.268396377563477,1.4242770680926344,WARNING,1,LIGHTING,71.80181784592551,Unexpected lighting consumption,Check lighting schedules and whether lights are active outside the expected operating period.,Review lighting operation.,24.08371925354004,11.355500221252441,67.08999633789062
2020-11-07 03:00:00,2020-11-07 03:30:00,32.07182312011719,41.400428771972656,9.328605651855469,8.268396377563477,1.1282242923390682,WARNING,1,LIGHTING,57.67044993978382,Unexpected lighting consumption,Check lighting schedules and whether lights are active outside the expected operating period.,Review lighting operation.,23.693124771118164,9.144499778747559,77.8499984741211
2020-11-07 15:00:00,2020-11-07 15:30:00,32.030311584472656,17.682247161865234,-14.348064422607422,8.268396377563477,1.7352898636477194,HIGH,2,HVAC SOUTH,99.08476889852007,HVAC consumption below expected — South zone,Check whether the South HVAC system is operating according to schedule and setpoint.,Review HVAC South operation.,22.75556182861328,7.0945000648498535,80.0
2020-11-07 15:15:00,2020-11-07 15:45:00,26.698871612548828,13.213674545288086,-13.485197067260742,8.268396377563477,1.6309325837175874,HIGH,2,HVAC SOUTH,99.59465849387747,HVAC consumption below expected — South zone,Check whether the South HVAC system is operating according to schedule and setpoint.,Review HVAC South operation.,22.691125869750977,7.197000026702881,79.20999908447266
2020-11-07 15:45:00,2020-11-07 16:15:00,14.912579536437988,23.254898071289062,8.342318534851074,8.268396377563477,1.0089403257792753,WARNING,1,UNEXPLAINED LOAD,,Unexplained energy deviation,"The observed increase cannot be explained by the monitored HVAC, MELS or lighting subsystems. Verify meter consistency and inspect unmonitored electrical loads.",Inspect metering and unmonitored loads.,22.698938369750977,7.521999835968018,76.33999633789062
2020-11-07 16:00:00,2020-11-07 16:30:00,14.488689422607422,28.652389526367188,14.163700103759766,8.268396377563477,1.7129923938084728,HIGH,2,UNEXPLAINED LOAD,,Unexplained energy deviation,"The observed increase cannot be explained by the monitored HVAC, MELS or lighting subsystems. Verify meter consistency and inspect unmonitored electrical loads.",Inspect metering and unmonitored loads.,22.806406021118164,7.9029998779296875,75.41000366210938
2020-11-07 16:15:00,2020-11-07 16:45:00,22.234987258911133,30.70244026184082,8.467453002929688,8.268396377563477,1.0240743931805636,WARNING,1,HVAC NORTH,100.0,Unexpected HVAC consumption — North zone,"Inspect the North HVAC operating state, schedule and temperature setpoint. A large indoor–outdoor temperature difference is also present.",Review HVAC North operation.,22.77312469482422,8.722000122070312,70.51000213623047
2020-11-07 18:45:00,2020-11-07 19:15:00,31.419092178344727,22.12171173095703,-9.297380447387695,8.268396377563477,1.1244478400450655,WARNING,1,HVAC SOUTH,97.78232517585509,HVAC consumption below expected — South zone,Check whether the South HVAC system is operating according to schedule and setpoint.,Review HVAC South operation.,22.945125579833984,13.558500289916992,43.09000015258789
2020-11-07 19:00:00,2020-11-07 19:30:00,30.464380264282227,18.235002517700195,-12.229377746582031,8.268396377563477,1.4790507358557201,WARNING,1,HVAC SOUTH,96.04671563791861,HVAC consumption below expected — South zone,Check whether the South HVAC system is operating according to schedule and setpoint.,Review HVAC South operation.,22.97043800354004,13.405500411987305,45.90999984741211
2020-11-07 19:30:00,2020-11-07 20:00:00,18.76128387451172,29.253620147705078,10.49233627319336,8.268396377563477,1.2689687085714234,WARNING,1,UNEXPLAINED LOAD,,Unexplained energy deviation,"The observed increase cannot be explained by the monitored HVAC, MELS or lighting subsystems. Verify meter consistency and inspect unmonitored electrical loads.",Inspect metering and unmonitored loads.,22.929468154907227,12.435999870300293,49.869998931884766
2020-11-07 22:45:00,2020-11-07 23:15:00,27.204357147216797,18.74585723876953,-8.458499908447266,8.268396377563477,1.022991584123814,WARNING,1,HVAC SOUTH,97.37480925700913,HVAC consumption below expected — South zone,Check whether the South HVAC system is operating according to schedule and setpoint.,Review HVAC South operation.,23.320125579833984,14.477999687194824,40.75
2020-11-07 23:15:00,2020-11-07 23:45:00,19.519262313842773,27.96858024597168,8.449317932128906,8.268396377563477,1.021881093540262,WARNING,1,HVAC NORTH,100.0,Unexpected HVAC consumption — North zone,"Inspect the North HVAC operating state, schedule and temperature setpoint. A large indoor–outdoor temperature difference is also present.",Review HVAC North operation.,23.36312484741211,12.350000381469727,59.68000030517578
2020-11-08 00:15:00,2020-11-08 00:45:00,29.036903381347656,12.738426208496094,-16.298477172851562,8.268396377563477,1.9711775329346732,HIGH,2,HVAC SOUTH,95.33065683059192,HVAC consumption below expected — South zone,Check whether the South HVAC system is operating according to schedule and setpoint.,Review HVAC South operation.,23.3122501373291,11.580499649047852,61.15999984741211
2020-11-08 00:45:00,2020-11-08 01:15:00,14.362541198730469,29.27835464477539,14.915813446044922,8.268396377563477,1.8039548135983654,HIGH,2,UNEXPLAINED LOAD,,Unexplained energy deviation,"The observed increase cannot be explained by the monitored HVAC, MELS or lighting subsystems. Verify meter consistency and inspect unmonitored electrical loads.",Inspect metering and unmonitored loads.,23.30843734741211,10.3725004196167,69.9000015258789
2020-11-08 11:30:00,2020-11-08 12:00:00,31.80851936340332,22.736595153808594,-9.071924209594727,8.268396377563477,1.0971806134272475,WARNING,1,HVAC SOUTH,83.03335895372425,HVAC consumption below expected — South zone,Check whether the South HVAC system is operating according to schedule and setpoint.,Review HVAC South operation.,22.695093154907227,8.233499526977539,65.12000274658203
2020-11-08 14:00:00,2020-11-08 14:30:00,31.027482986450195,19.079212188720703,-11.948270797729492,8.268396377563477,1.4450529766753148,WARNING,1,HVAC SOUTH,99.12823208806832,HVAC consumption below expected — South zone,Check whether the South HVAC system is operating according to schedule and setpoint.,Review HVAC South operation.,22.642436981201172,7.680500030517578,67.20999908447266
2020-11-08 14:30:00,2020-11-08 15:00:00,20.252635955810547,30.22484588623047,9.972209930419922,8.268396377563477,1.206063361630774,WARNING,1,UNEXPLAINED LOAD,,Unexplained energy deviation,"The observed increase cannot be explained by the monitored HVAC, MELS or lighting subsystems. Verify meter consistency and inspect unmonitored electrical loads.",Inspect metering and unmonitored loads.,22.58759307861328,7.507999897003174,65.51000213623047
2020-11-08 15:30:00,2020-11-08 16:00:00,29.21411895751953,18.862316131591797,-10.351802825927734,8.268396377563477,1.251972251114816,WARNING,1,HVAC SOUTH,96.09201332693199,HVAC consumption below expected — South zone,Check whether the South HVAC system is operating according to schedule and setpoint.,Review HVAC South operation.,22.618812561035156,8.069499969482422,52.369998931884766
2020-11-08 17:00:00,2020-11-08 17:30:00,15.247435569763184,24.32582664489746,9.078391075134277,8.268396377563477,1.0979627318991072,WARNING,1,UNEXPLAINED LOAD,,Unexplained energy deviation,"The observed increase cannot be explained by the monitored HVAC, MELS or lighting subsystems. Verify meter consistency and inspect unmonitored electrical loads.",Inspect metering and unmonitored loads.,22.671655654907227,9.219499588012695,42.560001373291016
2020-11-08 18:30:00,2020-11-08 19:00:00,23.589632034301758,34.69011306762695,11.100481033325195,8.268396377563477,1.342519217323284,WARNING,1,HVAC NORTH,98.25865085271526,Unexpected HVAC consumption — North zone,"Inspect the North HVAC operating state, schedule and temperature setpoint. A large indoor–outdoor temperature difference is also present.",Review HVAC North operation.,22.810312271118164,11.189000129699707,33.2400016784668
2020-11-08 19:45:00,2020-11-08 20:15:00,38.84156036376953,30.29924964904785,-8.54231071472168,8.268396377563477,1.0331278672006434,WARNING,1,HVAC SOUTH,98.81885696274107,HVAC consumption below expected — South zone,Check whether the South HVAC system is operating according to schedule and setpoint.,Review HVAC South operation.,22.93718719482422,11.111000061035156,42.209999084472656
2020-11-08 20:00:00,2020-11-08 20:30:00,33.29906463623047,23.495275497436523,-9.803789138793945,8.268396377563477,1.1856941408126973,WARNING,1,HVAC SOUTH,98.69901689973364,HVAC consumption below expected — South zone,Check whether the South HVAC system is operating according to schedule and setpoint.,Review HVAC South operation.,22.9763126373291,11.572500228881836,40.130001068115234
2020-11-08 20:15:00,2020-11-08 20:45:00,30.48544692993164,16.1606388092041,-14.324808120727539,8.268396377563477,1.7324771898452165,HIGH,2,HVAC SOUTH,98.95462177651588,HVAC consumption below expected — South zone,Check whether the South HVAC system is operating according to schedule and setpoint.,Review HVAC South operation.,22.9919376373291,12.435999870300293,36.189998626708984
2020-11-08 20:30:00,2020-11-08 21:00:00,24.068191528320312,13.755387306213379,-10.312804222106934,8.268396377563477,1.2472556649667903,WARNING,1,HVAC SOUTH,97.66853434188523,HVAC consumption below expected — South zone,Check whether the South HVAC system is operating according to schedule and setpoint.,Review HVAC South operation.,22.9997501373291,12.055500030517578,38.11000061035156
2020-11-08 22:15:00,2020-11-08 22:45:00,12.910345077514648,32.771629333496094,19.861284255981445,8.268396377563477,2.4020721006887857,HIGH,2,UNEXPLAINED LOAD,,Unexplained energy deviation,"The observed increase cannot be explained by the monitored HVAC, MELS or lighting subsystems. Verify meter consistency and inspect unmonitored electrical loads.",Inspect metering and unmonitored loads.,23.13656234741211,7.45550012588501,65.69000244140625
2020-11-08 22:30:00,2020-11-08 23:00:00,20.291461944580078,32.90876770019531,12.617305755615234,8.268396377563477,1.5259676942741454,HIGH,2,UNEXPLAINED LOAD,,Unexplained energy deviation,"The observed increase cannot be explained by the monitored HVAC, MELS or lighting subsystems. Verify meter consistency and inspect unmonitored electrical loads.",Inspect metering and unmonitored loads.,23.130624771118164,7.208000183105469,69.88999938964844
2020-11-09 11:15:00,2020-11-09 11:45:00,26.235092163085938,12.600343704223633,-13.634748458862305,8.268396377563477,1.6490196933302053,HIGH,2,HVAC SOUTH,99.30179825125659,HVAC consumption below expected — South zone,Check whether the South HVAC system is operating according to schedule and setpoint.,Review HVAC South operation.,22.488061904907227,7.185999870300293,36.290000915527344
2020-11-09 11:45:00,2020-11-09 12:15:00,14.771207809448242,29.266887664794922,14.49567985534668,8.268396377563477,1.7531428336794677,HIGH,2,UNEXPLAINED LOAD,,Unexplained energy deviation,"The observed increase cannot be explained by the monitored HVAC, MELS or lighting subsystems. Verify meter consistency and inspect unmonitored electrical loads.",Inspect metering and unmonitored loads.,22.4450626373291,7.41949987411499,33.2599983215332
2020-11-09 20:30:00,2020-11-09 21:00:00,42.3834228515625,34.06745910644531,-8.315963745117188,8.268396377563477,1.0057529133076863,WARNING,1,HVAC SOUTH,41.73355611929714,HVAC consumption below expected — South zone,Check whether the South HVAC system is operating according to schedule and setpoint.,Review HVAC South operation.,23.286781311035156,12.75,29.8700008392334
2020-11-10 21:15:00,2020-11-10 21:45:00,43.379295349121094,33.616363525390625,-9.762931823730469,8.268396377563477,1.1807527575990981,WARNING,1,HVAC SOUTH,98.74732153545985,HVAC consumption below expected — South zone,Check whether the South HVAC system is operating according to schedule and setpoint.,Review HVAC South operation.,23.9372501373291,14.855999946594238,32.029998779296875
2020-11-11 13:45:00,2020-11-11 14:15:00,35.783447265625,44.859619140625,9.076171875,8.268396377563477,1.09769433642882,WARNING,1,HVAC SOUTH,98.77790438549776,Unexpected HVAC consumption — South zone,"Inspect the South HVAC operating state, schedule and temperature setpoint. A large indoor–outdoor temperature difference is also present.",Review HVAC South operation.,23.726499557495117,9.330499649047852,92.30000305175781
2020-11-11 15:00:00,2020-11-11 15:30:00,35.5863151550293,44.22553253173828,8.639217376708984,8.268396377563477,1.0448479949693439,WARNING,1,HVAC SOUTH,99.99019806118274,Unexpected HVAC consumption — South zone,"Inspect the South HVAC operating state, schedule and temperature setpoint. A large indoor–outdoor temperature difference is also present.",Review HVAC South operation.,23.79856300354004,9.574999809265137,91.5999984741211
2020-11-11 18:45:00,2020-11-11 19:15:00,44.70996856689453,32.15476608276367,-12.55520248413086,8.268396377563477,1.5184567733351233,HIGH,2,LIGHTING,58.464464209954734,Lighting consumption below expected,Check lighting system availability and scheduled operating state.,Review lighting operation.,24.0075626373291,11.705499649047852,55.310001373291016
2020-11-12 01:30:00,2020-11-12 02:00:00,45.60284423828125,36.259185791015625,-9.343658447265625,8.268396377563477,1.130044814085099,WARNING,1,UNEXPLAINED LOAD,,Unexplained energy deviation,"The observed reduction cannot be explained by the monitored HVAC, MELS or lighting subsystems. Verify meter and sensor consistency and check for unexpected shutdowns.",Inspect metering and unmonitored loads.,24.130718231201172,10.282999992370605,67.54000091552734
2020-11-12 18:00:00,2020-11-12 18:30:00,42.47660827636719,33.82403564453125,-8.652572631835938,8.268396377563477,1.0464632120582575,WARNING,1,LIGHTING,66.7720290614746,Lighting consumption below expected,Check lighting system availability and scheduled operating state.,Review lighting operation.,23.8083438873291,12.422499656677246,53.31999969482422
2020-11-12 18:30:00,2020-11-12 19:00:00,34.17900848388672,44.60688018798828,10.427871704101562,8.268396377563477,1.2611722065475577,WARNING,1,HVAC NORTH,82.37393580628797,Unexpected HVAC consumption — North zone,"Inspect the North HVAC operating state, schedule and temperature setpoint. A large indoor–outdoor temperature difference is also present.",Review HVAC North operation.,23.82978057861328,13.319499969482422,48.810001373291016
2020-11-12 18:45:00,2020-11-12 19:15:00,33.65275573730469,45.45719909667969,11.804443359375,8.268396377563477,1.4276581359121443,WARNING,1,HVAC NORTH,88.77742469381519,Unexpected HVAC consumption — North zone,"Inspect the North HVAC operating state, schedule and temperature setpoint. A large indoor–outdoor temperature difference is also present.",Review HVAC North operation.,23.902063369750977,12.966500282287598,52.349998474121094
2020-11-12 21:15:00,2020-11-12 21:45:00,42.093387603759766,51.40651321411133,9.313125610351562,8.268396377563477,1.1263520984096733,WARNING,1,HVAC NORTH,57.96769211520625,Unexpected HVAC consumption — North zone,"Inspect the North HVAC operating state, schedule and temperature setpoint. A large indoor–outdoor temperature difference is also present.",Review HVAC North operation.,24.2263126373291,15.41100025177002,40.119998931884766
2020-11-12 22:15:00,2020-11-12 22:45:00,49.12198257446289,38.49288558959961,-10.629096984863281,8.268396377563477,1.285508882194573,WARNING,1,HVAC SOUTH,68.226434956044,HVAC consumption below expected — South zone,Check whether the South HVAC system is operating according to schedule and setpoint.,Review HVAC South operation.,24.22624969482422,14.830499649047852,41.33000183105469
2020-11-13 16:30:00,2020-11-13 17:00:00,33.30928421020508,41.726497650146484,8.417213439941406,8.268396377563477,1.0179982980474604,WARNING,1,HVAC NORTH,76.89053947681295,Unexpected HVAC consumption — North zone,"Inspect the North HVAC operating state, schedule and temperature setpoint. A large indoor–outdoor temperature difference is also present.",Review HVAC North operation.,23.626750946044922,9.591500282287598,75.91000366210938
2020-11-13 18:45:00,2020-11-13 19:15:00,33.035057067871094,10.155546188354492,-22.8795108795166,8.268396377563477,2.767103781042814,CRITICAL,3,HVAC SOUTH,83.2979504521478,HVAC consumption below expected — South zone,Check whether the South HVAC system is operating according to schedule and setpoint.,Review HVAC South operation.,23.683374404907227,12.055500030517578,63.38999938964844
2020-11-13 19:00:00,2020-11-13 19:30:00,28.802536010742188,10.060354232788086,-18.7421817779541,8.268396377563477,2.2667251208240975,HIGH,2,HVAC SOUTH,83.85295819730237,HVAC consumption below expected — South zone,Check whether the South HVAC system is operating according to schedule and setpoint.,Review HVAC South operation.,23.6833438873291,12.833499908447266,60.709999084472656
2020-11-13 20:00:00,2020-11-13 20:30:00,11.241669654846191,21.12565803527832,9.883988380432129,8.268396377563477,1.1953936324645256,WARNING,1,UNEXPLAINED LOAD,,Unexplained energy deviation,"The observed increase cannot be explained by the monitored HVAC, MELS or lighting subsystems. Verify meter consistency and inspect unmonitored electrical loads.",Inspect metering and unmonitored loads.,23.65399932861328,12.397000312805176,65.0
2020-11-14 10:00:00,2020-11-14 10:30:00,9.16115665435791,17.92898941040039,8.76783275604248,8.268396377563477,1.060403052257417,WARNING,1,UNEXPLAINED LOAD,,Unexplained energy deviation,"The observed increase cannot be explained by the monitored HVAC, MELS or lighting subsystems. Verify meter consistency and inspect unmonitored electrical loads.",Inspect metering and unmonitored loads.,22.755624771118164,9.116499900817871,91.69999694824219
2020-11-14 10:45:00,2020-11-14 11:15:00,17.00741958618164,27.672164916992188,10.664745330810547,8.268396377563477,1.28982027999403,WARNING,1,UNEXPLAINED LOAD,,Unexplained energy deviation,"The observed increase cannot be explained by the monitored HVAC, MELS or lighting subsystems. Verify meter consistency and inspect unmonitored electrical loads.",Inspect metering and unmonitored loads.,22.6013126373291,9.116999626159668,91.30000305175781
2020-11-14 11:00:00,2020-11-14 11:30:00,17.692657470703125,28.505538940429688,10.812881469726562,8.268396377563477,1.3077362254992537,WARNING,1,UNEXPLAINED LOAD,,Unexplained energy deviation,"The observed increase cannot be explained by the monitored HVAC, MELS or lighting subsystems. Verify meter consistency and inspect unmonitored electrical loads.",Inspect metering and unmonitored loads.,22.60325050354004,9.192000389099121,90.69999694824219
2020-11-14 16:15:00,2020-11-14 16:45:00,22.557708740234375,12.102036476135254,-10.455672264099121,8.268396377563477,1.2645344739967812,WARNING,1,HVAC SOUTH,98.12325274848193,HVAC consumption below expected — South zone,Check whether the South HVAC system is operating according to schedule and setpoint.,Review HVAC South operation.,22.35906219482422,9.196999549865723,91.0999984741211
2020-11-14 16:30:00,2020-11-14 17:00:00,22.705245971679688,14.268963813781738,-8.43628215789795,8.268396377563477,1.0203045152491763,WARNING,1,HVAC SOUTH,95.84066896296034,HVAC consumption below expected — South zone,Check whether the South HVAC system is operating according to schedule and setpoint.,Review HVAC South operation.,22.304468154907227,9.333000183105469,91.0
2020-11-14 18:45:00,2020-11-14 19:15:00,10.595083236694336,22.075843811035156,11.48076057434082,8.268396377563477,1.3885111513877326,WARNING,1,UNEXPLAINED LOAD,,Unexplained energy deviation,"The observed increase cannot be explained by the monitored HVAC, MELS or lighting subsystems. Verify meter consistency and inspect unmonitored electrical loads.",Inspect metering and unmonitored loads.,22.3903751373291,12.472000122070312,75.87000274658203
2020-11-14 19:15:00,2020-11-14 19:45:00,18.728839874267578,9.846444129943848,-8.88239574432373,8.268396377563477,1.0742585791395243,WARNING,1,HVAC SOUTH,96.92208087511577,HVAC consumption below expected — South zone,Check whether the South HVAC system is operating according to schedule and setpoint.,Review HVAC South operation.,22.441186904907227,13.763999938964844,67.56999969482422
2020-11-14 21:00:00,2020-11-14 21:30:00,17.2121639251709,8.927884101867676,-8.284279823303223,8.268396377563477,1.001920982620384,WARNING,1,HVAC SOUTH,96.50245513721295,HVAC consumption below expected — South zone,Check whether the South HVAC system is operating according to schedule and setpoint.,Review HVAC South operation.,22.675500869750977,15.824999809265137,49.11000061035156
2020-11-15 15:45:00,2020-11-15 16:15:00,29.65620231628418,20.896018981933594,-8.760183334350586,8.268396377563477,1.0594779125637455,WARNING,1,HVAC SOUTH,70.08425993253465,HVAC consumption below expected — South zone,Check whether the South HVAC system is operating according to schedule and setpoint.,Review HVAC South operation.,22.202938079833984,8.580499649047852,73.02999877929688
2020-11-15 16:00:00,2020-11-15 16:30:00,28.311614990234375,9.02587890625,-19.285736083984375,8.268396377563477,2.3324639027123513,HIGH,2,HVAC SOUTH,95.54843501071181,HVAC consumption below expected — South zone,Check whether the South HVAC system is operating according to schedule and setpoint.,Review HVAC South operation.,22.24778175354004,8.552499771118164,78.0999984741211
2020-11-15 16:15:00,2020-11-15 16:45:00,21.60206413269043,10.083586692810059,-11.518477439880371,8.268396377563477,1.3930727209856653,WARNING,1,HVAC SOUTH,99.27930239065567,HVAC consumption below expected — South zone,Check whether the South HVAC system is operating according to schedule and setpoint.,Review HVAC South operation.,22.2966251373291,9.169500350952148,78.94000244140625
2020-11-15 21:00:00,2020-11-15 21:30:00,10.003738403320312,20.06610679626465,10.062368392944336,8.268396377563477,1.2169673457175871,WARNING,1,UNEXPLAINED LOAD,,Unexplained energy deviation,"The observed increase cannot be explained by the monitored HVAC, MELS or lighting subsystems. Verify meter consistency and inspect unmonitored electrical loads.",Inspect metering and unmonitored loads.,22.8825626373291,18.52199935913086,50.40999984741211
2020-11-15 21:15:00,2020-11-15 21:45:00,9.678166389465332,25.4525089263916,15.77434253692627,8.268396377563477,1.907787413255899,HIGH,2,UNEXPLAINED LOAD,,Unexplained energy deviation,"The observed increase cannot be explained by the monitored HVAC, MELS or lighting subsystems. Verify meter consistency and inspect unmonitored electrical loads.",Inspect metering and unmonitored loads.,22.9138126373291,18.74449920654297,48.5
2020-11-15 21:30:00,2020-11-15 22:00:00,18.902997970581055,27.73615264892578,8.833154678344727,8.268396377563477,1.0683032446670961,WARNING,1,UNEXPLAINED LOAD,,Unexplained energy deviation,"The observed increase cannot be explained by the monitored HVAC, MELS or lighting subsystems. Verify meter consistency and inspect unmonitored electrical loads.",Inspect metering and unmonitored loads.,22.970468521118164,19.100000381469727,48.0099983215332
2020-11-15 22:30:00,2020-11-15 23:00:00,20.36429786682129,9.456808090209961,-10.907489776611328,8.268396377563477,1.3191783846029812,WARNING,1,HVAC SOUTH,98.22820356209591,HVAC consumption below expected — South zone,Check whether the South HVAC system is operating according to schedule and setpoint.,Review HVAC South operation.,23.18328094482422,19.633499145507812,42.189998626708984
2020-11-15 23:00:00,2020-11-15 23:30:00,10.302803993225098,26.698516845703125,16.395713806152344,8.268396377563477,1.9829375682378472,HIGH,2,UNEXPLAINED LOAD,,Unexplained energy deviation,"The observed increase cannot be explained by the monitored HVAC, MELS or lighting subsystems. Verify meter consistency and inspect unmonitored electrical loads.",Inspect metering and unmonitored loads.,23.271249771118164,18.56100082397461,49.29999923706055
2020-11-15 23:30:00,2020-11-16 00:00:00,26.74632453918457,17.76144790649414,-8.98487663269043,8.268396377563477,1.0866528674255558,WARNING,1,HVAC SOUTH,92.64312813263741,HVAC consumption below expected — South zone,Check whether the South HVAC system is operating according to schedule and setpoint.,Review HVAC South operation.,23.3200626373291,18.19700050354004,51.16999816894531
2020-11-15 23:45:00,2020-11-16 00:15:00,23.35497283935547,10.332664489746094,-13.022308349609375,8.268396377563477,1.5749496945920216,HIGH,2,HVAC SOUTH,90.82384526052468,HVAC consumption below expected — South zone,Check whether the South HVAC system is operating according to schedule and setpoint.,Review HVAC South operation.,23.3513126373291,18.50550079345703,47.77000045776367
2020-11-16 08:00:00,2020-11-16 08:30:00,10.458081245422363,41.3175048828125,30.859424591064453,8.268396377563477,3.732213984661205,CRITICAL,3,UNEXPLAINED LOAD,,Unexplained energy deviation,"The observed increase cannot be explained by the monitored HVAC, MELS or lighting subsystems. Verify meter consistency and inspect unmonitored electrical loads.",Inspect metering and unmonitored loads.,23.150156021118164,13.7524995803833,74.77999877929688
2020-11-16 08:15:00,2020-11-16 08:45:00,9.552969932556152,40.856502532958984,31.303531646728516,8.268396377563477,3.7859253738332526,CRITICAL,3,HVAC SOUTH,47.54880176248575,Unexpected HVAC consumption — South zone,"Inspect the South HVAC operating state, schedule and temperature setpoint. A large indoor–outdoor temperature difference is also present.",Review HVAC South operation.,23.120813369750977,13.355500221252441,74.88999938964844
2020-11-16 08:30:00,2020-11-16 09:00:00,31.700952529907227,40.245662689208984,8.544710159301758,8.268396377563477,1.0334180618732873,WARNING,1,HVAC NORTH,34.84133287064427,Unexpected HVAC consumption — North zone,"Inspect the North HVAC operating state, schedule and temperature setpoint. A large indoor–outdoor temperature difference is also present.",Review HVAC North operation.,23.11493682861328,13.21399974822998,75.3499984741211
2020-11-16 08:45:00,2020-11-16 09:15:00,35.49459457397461,45.512306213378906,10.017711639404297,8.268396377563477,1.2115664491590699,WARNING,1,HVAC SOUTH,29.283552080144943,Unexpected HVAC consumption — South zone,"Inspect the South HVAC operating state, schedule and temperature setpoint. A large indoor–outdoor temperature difference is also present.",Review HVAC South operation.,23.1325626373291,12.891500473022461,76.55999755859375
2020-11-16 10:45:00,2020-11-16 11:15:00,38.15707015991211,9.961004257202148,-28.19606590270996,8.268396377563477,3.4101008968584003,CRITICAL,3,HVAC SOUTH,99.58734859678471,HVAC consumption below expected — South zone,Check whether the South HVAC system is operating according to schedule and setpoint.,Review HVAC South operation.,23.011499404907227,12.163999557495117,81.0
2020-11-16 11:00:00,2020-11-16 11:30:00,41.779048919677734,9.129730224609375,-32.64931869506836,8.268396377563477,3.948688137842931,CRITICAL,3,HVAC SOUTH,99.32266441497622,HVAC consumption below expected — South zone,Check whether the South HVAC system is operating according to schedule and setpoint.,Review HVAC South operation.,23.0817813873291,12.17199993133545,81.19999694824219
2020-11-16 14:30:00,2020-11-16 15:00:00,14.712791442871094,25.33576011657715,10.622968673706055,8.268396377563477,1.2847677093144416,WARNING,1,UNEXPLAINED LOAD,,Unexplained energy deviation,"The observed increase cannot be explained by the monitored HVAC, MELS or lighting subsystems. Verify meter consistency and inspect unmonitored electrical loads.",Inspect metering and unmonitored loads.,23.050561904907227,11.82800006866455,74.48999786376953
2020-11-16 15:00:00,2020-11-16 15:30:00,22.489643096923828,10.994808197021484,-11.494834899902344,8.268396377563477,1.3902133346066836,WARNING,1,HVAC SOUTH,98.24710880615154,HVAC consumption below expected — South zone,Check whether the South HVAC system is operating according to schedule and setpoint.,Review HVAC South operation.,23.0310001373291,11.630999565124512,73.68000030517578
2020-11-16 17:15:00,2020-11-16 17:45:00,16.279417037963867,24.69292449951172,8.413507461547852,8.268396377563477,1.0175500879926533,WARNING,1,HVAC NORTH,67.77931720768643,Unexpected HVAC consumption — North zone,"Inspect the North HVAC operating state, schedule and temperature setpoint. A large indoor–outdoor temperature difference is also present.",Review HVAC North operation.,23.261499404907227,13.405500411987305,66.19999694824219
2020-11-16 18:45:00,2020-11-16 19:15:00,30.499170303344727,15.147808074951172,-15.351362228393555,8.268396377563477,1.8566311443473977,HIGH,2,HVAC SOUTH,96.47209606918287,HVAC consumption below expected — South zone,Check whether the South HVAC system is operating according to schedule and setpoint.,Review HVAC South operation.,23.448875427246094,17.144500732421875,47.16999816894531
2020-11-16 19:30:00,2020-11-16 20:00:00,16.038705825805664,25.149023056030273,9.11031723022461,8.268396377563477,1.101823958868942,WARNING,1,UNEXPLAINED LOAD,,Unexplained energy deviation,"The observed increase cannot be explained by the monitored HVAC, MELS or lighting subsystems. Verify meter consistency and inspect unmonitored electrical loads.",Inspect metering and unmonitored loads.,23.548593521118164,18.422000885009766,41.689998626708984
2020-11-16 19:45:00,2020-11-16 20:15:00,15.55634880065918,28.95947265625,13.40312385559082,8.268396377563477,1.6210064495650656,HIGH,2,UNEXPLAINED LOAD,,Unexplained energy deviation,"The observed increase cannot be explained by the monitored HVAC, MELS or lighting subsystems. Verify meter consistency and inspect unmonitored electrical loads.",Inspect metering and unmonitored loads.,23.566125869750977,19.138500213623047,40.34000015258789
2020-11-16 20:15:00,2020-11-16 20:45:00,29.07831382751465,39.79826354980469,10.719949722290039,8.268396377563477,1.296496833579353,WARNING,1,MELS NORTH,31.674307939299357,Unexpected equipment load — North zone,Review plug-load and equipment activity in the North zone. Check for devices operating outside the expected schedule.,Review MELS North loads.,23.6403751373291,20.007999420166016,35.790000915527344
2020-11-16 20:45:00,2020-11-16 21:15:00,39.80092239379883,30.167102813720703,-9.633819580078125,8.268396377563477,1.165137608329925,WARNING,1,HVAC SOUTH,59.75977275634203,HVAC consumption below expected — South zone,Check whether the South HVAC system is operating according to schedule and setpoint.,Review HVAC South operation.,23.7263126373291,21.25,32.099998474121094
2020-11-17 00:30:00,2020-11-17 01:00:00,30.88530158996582,16.349327087402344,-14.535974502563477,8.268396377563477,1.7580161664730114,HIGH,2,HVAC SOUTH,99.87582312818884,HVAC consumption below expected — South zone,Check whether the South HVAC system is operating according to schedule and setpoint.,Review HVAC South operation.,24.089563369750977,19.825000762939453,33.59000015258789
2020-11-17 00:45:00,2020-11-17 01:15:00,32.46110916137695,14.216201782226562,-18.24490737915039,8.268396377563477,2.206583543655267,HIGH,2,HVAC SOUTH,99.79628331048436,HVAC consumption below expected — South zone,Check whether the South HVAC system is operating according to schedule and setpoint.,Review HVAC South operation.,24.062374114990234,18.672000885009766,37.13999938964844
2020-11-17 14:15:00,2020-11-17 14:45:00,18.62409019470215,9.924388885498047,-8.699701309204102,8.268396377563477,1.0521630691062396,WARNING,1,HVAC SOUTH,98.87961897923228,HVAC consumption below expected — South zone,Check whether the South HVAC system is operating according to schedule and setpoint.,Review HVAC South operation.,23.519187927246094,13.858499526977539,59.4900016784668
2020-11-17 14:45:00,2020-11-17 15:15:00,11.988700866699219,22.502586364746094,10.513885498046875,8.268396377563477,1.271574924319859,WARNING,1,UNEXPLAINED LOAD,,Unexplained energy deviation,"The observed increase cannot be explained by the monitored HVAC, MELS or lighting subsystems. Verify meter consistency and inspect unmonitored electrical loads.",Inspect metering and unmonitored loads.,23.542749404907227,13.246999740600586,73.29000091552734
2020-11-17 15:45:00,2020-11-17 16:15:00,19.11301040649414,10.271427154541016,-8.841583251953125,8.268396377563477,1.0693226168915906,WARNING,1,HVAC SOUTH,93.57896064818672,HVAC consumption below expected — South zone,Check whether the South HVAC system is operating according to schedule and setpoint.,Review HVAC South operation.,23.566186904907227,12.100000381469727,82.30000305175781
2020-11-17 20:45:00,2020-11-17 21:15:00,20.930801391601562,11.94804859161377,-8.982752799987793,8.268396377563477,1.0863960059247695,WARNING,1,HVAC SOUTH,91.81112411669132,HVAC consumption below expected — South zone,Check whether the South HVAC system is operating according to schedule and setpoint.,Review HVAC South operation.,23.78874969482422,12.655500411987305,90.19999694824219
2020-11-17 21:15:00,2020-11-17 21:45:00,13.186578750610352,23.9754638671875,10.788885116577148,8.268396377563477,1.3048340480934233,WARNING,1,UNEXPLAINED LOAD,,Unexplained energy deviation,"The observed increase cannot be explained by the monitored HVAC, MELS or lighting subsystems. Verify meter consistency and inspect unmonitored electrical loads.",Inspect metering and unmonitored loads.,23.816186904907227,12.6274995803833,91.0999984741211
2020-11-18 21:30:00,2020-11-18 22:00:00,19.50545883178711,10.434158325195312,-9.071300506591797,8.268396377563477,1.0971051812667112,WARNING,1,HVAC SOUTH,92.20999158356595,HVAC consumption below expected — South zone,Check whether the South HVAC system is operating according to schedule and setpoint.,Review HVAC South operation.,23.708782196044922,13.763500213623047,82.5999984741211
2020-11-18 21:45:00,2020-11-18 22:15:00,11.473943710327148,35.92405700683594,24.45011329650879,8.268396377563477,2.957056263395264,CRITICAL,3,UNEXPLAINED LOAD,,Unexplained energy deviation,"The observed increase cannot be explained by the monitored HVAC, MELS or lighting subsystems. Verify meter consistency and inspect unmonitored electrical loads.",Inspect metering and unmonitored loads.,23.68343734741211,13.800000190734863,82.80000305175781
2020-11-18 22:00:00,2020-11-18 22:30:00,11.328237533569336,41.32184600830078,29.993608474731445,8.268396377563477,3.6275000743941033,CRITICAL,3,HVAC SOUTH,54.667240143982156,Unexpected HVAC consumption — South zone,"Inspect the South HVAC operating state, schedule and temperature setpoint. A large indoor–outdoor temperature difference is also present.",Review HVAC South operation.,23.6872501373291,14.04699993133545,81.19999694824219
2020-11-18 22:15:00,2020-11-18 22:45:00,30.295753479003906,41.06521987915039,10.769466400146484,8.268396377563477,1.302485501223639,WARNING,1,MELS SOUTH,37.16075872519085,Unexpected equipment load — South zone,Review plug-load and equipment activity in the South zone. Check for devices operating outside the expected schedule.,Review MELS South loads.,23.687124252319336,13.67199993133545,81.0999984741211
2020-11-19 00:30:00,2020-11-19 01:00:00,39.26262664794922,12.006624221801758,-27.25600242614746,8.268396377563477,3.2964073299760255,CRITICAL,3,HVAC SOUTH,97.58700036015321,HVAC consumption below expected — South zone,Check whether the South HVAC system is operating according to schedule and setpoint.,Review HVAC South operation.,23.47431182861328,12.355500221252441,86.80000305175781
2020-11-19 00:45:00,2020-11-19 01:15:00,37.93359375,11.063623428344727,-26.869970321655273,8.268396377563477,3.2497196668712793,CRITICAL,3,HVAC SOUTH,99.66200767837844,HVAC consumption below expected — South zone,Check whether the South HVAC system is operating according to schedule and setpoint.,Review HVAC South operation.,23.495813369750977,12.303000450134277,88.30000305175781
2020-11-19 16:00:00,2020-11-19 16:30:00,12.161943435668945,25.14185905456543,12.979915618896484,8.268396377563477,1.569822614469457,HIGH,2,HVAC SOUTH,100.0,Unexpected HVAC consumption — South zone,"Inspect the South HVAC operating state, schedule and temperature setpoint. A large indoor–outdoor temperature difference is also present.",Review HVAC South operation.,23.060312271118164,9.7524995803833,90.19999694824219
2020-11-19 16:30:00,2020-11-19 17:00:00,21.916200637817383,39.324275970458984,17.4080753326416,8.268396377563477,2.105375037398896,HIGH,2,HVAC SOUTH,100.0,Unexpected HVAC consumption — South zone,"Inspect the South HVAC operating state, schedule and temperature setpoint. A large indoor–outdoor temperature difference is also present.",Review HVAC South operation.,23.056406021118164,10.027999877929688,90.0999984741211
2020-11-19 16:45:00,2020-11-19 17:15:00,11.10732650756836,37.67251205444336,26.565185546875,8.268396377563477,3.212858253743177,CRITICAL,3,HVAC SOUTH,100.0,Unexpected HVAC consumption — South zone,"Inspect the South HVAC operating state, schedule and temperature setpoint. A large indoor–outdoor temperature difference is also present.",Review HVAC South operation.,23.0856876373291,11.130999565124512,88.0
2020-11-20 22:45:00,2020-11-20 23:15:00,31.989572525024414,41.438716888427734,9.44914436340332,8.268396377563477,1.1428025377501054,WARNING,1,HVAC SOUTH,40.28286497596555,Unexpected HVAC consumption — South zone,"Inspect the South HVAC operating state, schedule and temperature setpoint.",Review HVAC South operation.,24.2106876373291,17.402999877929688,24.31999969482422
2020-11-23 17:00:00,2020-11-23 17:30:00,45.332969665527344,35.79399108886719,-9.538978576660156,8.268396377563477,1.153667306340615,WARNING,1,UNEXPLAINED LOAD,,Unexplained energy deviation,"The observed reduction cannot be explained by the monitored HVAC, MELS or lighting subsystems. Verify meter and sensor consistency and check for unexpected shutdowns.",Inspect metering and unmonitored loads.,23.904062271118164,10.303000450134277,83.19999694824219
2020-11-23 17:30:00,2020-11-23 18:00:00,36.26347351074219,45.42588806152344,9.16241455078125,8.268396377563477,1.1081247357279238,WARNING,1,HVAC SOUTH,79.74666393966923,Unexpected HVAC consumption — South zone,"Inspect the South HVAC operating state, schedule and temperature setpoint. A large indoor–outdoor temperature difference is also present.",Review HVAC South operation.,23.931499481201172,10.269499778747559,81.80000305175781
2020-11-24 13:45:00,2020-11-24 14:15:00,35.074363708496094,53.14020919799805,18.065845489501953,8.268396377563477,2.184927362520274,HIGH,2,HVAC SOUTH,97.54259860911529,Unexpected HVAC consumption — South zone,"Inspect the South HVAC operating state, schedule and temperature setpoint. A large indoor–outdoor temperature difference is also present.",Review HVAC South operation.,23.7497501373291,9.147000312805176,75.18000030517578
2020-11-24 14:15:00,2020-11-24 14:45:00,48.96966552734375,31.503393173217773,-17.466272354125977,8.268396377563477,2.112413526947159,HIGH,2,HVAC SOUTH,95.2611195958487,HVAC consumption below expected — South zone,Check whether the South HVAC system is operating according to schedule and setpoint.,Review HVAC South operation.,23.593563079833984,9.169500350952148,77.51000213623047
2020-11-24 15:15:00,2020-11-24 15:45:00,32.33510971069336,41.279747009277344,8.944637298583984,8.268396377563477,1.0817862243343228,WARNING,1,HVAC SOUTH,100.0,Unexpected HVAC consumption — South zone,"Inspect the South HVAC operating state, schedule and temperature setpoint. A large indoor–outdoor temperature difference is also present.",Review HVAC South operation.,23.7106876373291,9.649999618530273,69.79000091552734
2020-11-24 16:15:00,2020-11-24 16:45:00,45.350589752197266,36.70854187011719,-8.642047882080078,8.268396377563477,1.0451903231841322,WARNING,1,UNEXPLAINED LOAD,,Unexplained energy deviation,"The observed reduction cannot be explained by the monitored HVAC, MELS or lighting subsystems. Verify meter and sensor consistency and check for unexpected shutdowns.",Inspect metering and unmonitored loads.,23.839624404907227,9.641500473022461,78.97000122070312
2020-11-24 18:45:00,2020-11-24 19:15:00,41.77861785888672,32.95172119140625,-8.826896667480469,8.268396377563477,1.0675463855884435,WARNING,1,LIGHTING,82.1186978643993,Lighting consumption below expected,Check lighting system availability and scheduled operating state.,Review lighting operation.,24.011375427246094,14.569499969482422,55.650001525878906
2020-11-25 19:00:00,2020-11-25 19:30:00,33.961463928222656,47.53150939941406,13.570045471191406,8.268396377563477,1.6411943563825873,HIGH,2,HVAC SOUTH,92.27089856679757,Unexpected HVAC consumption — South zone,"Inspect the South HVAC operating state, schedule and temperature setpoint. A large indoor–outdoor temperature difference is also present.",Review HVAC South operation.,23.933406829833984,12.699999809265137,46.79999923706055
2020-11-25 19:30:00,2020-11-25 20:00:00,45.35309600830078,32.315460205078125,-13.037635803222656,8.268396377563477,1.576803434170215,HIGH,2,LIGHTING,60.87486165431495,Lighting consumption below expected,Check lighting system availability and scheduled operating state.,Review lighting operation.,23.937219619750977,13.133000373840332,42.720001220703125
2020-11-26 06:45:00,2020-11-26 07:15:00,28.90233612060547,16.55274772644043,-12.349588394165039,8.268396377563477,1.4935893044116741,WARNING,1,HVAC SOUTH,95.97879915762068,HVAC consumption below expected — South zone,Check whether the South HVAC system is operating according to schedule and setpoint.,Review HVAC South operation.,23.644250869750977,8.17199993133545,66.88999938964844
2020-11-26 07:15:00,2020-11-26 07:45:00,17.299854278564453,32.10234069824219,14.802486419677734,8.268396377563477,1.7902487669609906,HIGH,2,UNEXPLAINED LOAD,,Unexplained energy deviation,"The observed increase cannot be explained by the monitored HVAC, MELS or lighting subsystems. Verify meter consistency and inspect unmonitored electrical loads.",Inspect metering and unmonitored loads.,23.57406234741211,8.613499641418457,61.56999969482422
2020-11-26 13:00:00,2020-11-26 13:30:00,21.479965209960938,30.460250854492188,8.98028564453125,8.268396377563477,1.0860976221337797,WARNING,1,UNEXPLAINED LOAD,,Unexplained energy deviation,"The observed increase cannot be explained by the monitored HVAC, MELS or lighting subsystems. Verify meter consistency and inspect unmonitored electrical loads.",Inspect metering and unmonitored loads.,23.273218154907227,8.969499588012695,44.56999969482422
2020-11-26 13:15:00,2020-11-26 13:45:00,23.8065242767334,33.04888916015625,9.242364883422852,8.268396377563477,1.1177941237193545,WARNING,1,UNEXPLAINED LOAD,,Unexplained energy deviation,"The observed increase cannot be explained by the monitored HVAC, MELS or lighting subsystems. Verify meter consistency and inspect unmonitored electrical loads.",Inspect metering and unmonitored loads.,23.226375579833984,8.774999618530273,44.63999938964844
2020-11-26 20:45:00,2020-11-26 21:15:00,22.149951934814453,10.070100784301758,-12.079851150512695,8.268396377563477,1.4609666250751727,WARNING,1,HVAC SOUTH,90.8413065748496,HVAC consumption below expected — South zone,Check whether the South HVAC system is operating according to schedule and setpoint.,Review HVAC South operation.,23.6091251373291,16.338499069213867,19.90999984741211
2020-11-26 22:15:00,2020-11-26 22:45:00,10.870527267456055,25.14697265625,14.276445388793945,8.268396377563477,1.726628083231892,HIGH,2,UNEXPLAINED LOAD,,Unexplained energy deviation,"The observed increase cannot be explained by the monitored HVAC, MELS or lighting subsystems. Verify meter consistency and inspect unmonitored electrical loads.",Inspect metering and unmonitored loads.,23.683250427246094,16.877500534057617,16.989999771118164
2020-11-28 21:00:00,2020-11-28 21:30:00,30.34257698059082,8.99959945678711,-21.34297752380371,8.268396377563477,2.581271693954885,CRITICAL,3,HVAC SOUTH,98.41491305617159,HVAC consumption below expected — South zone,Check whether the South HVAC system is operating according to schedule and setpoint.,Review HVAC South operation.,23.210718154907227,17.50550079345703,25.3799991607666
2020-11-28 21:45:00,2020-11-28 22:15:00,25.545434951782227,14.05568790435791,-11.489747047424316,8.268396377563477,1.3895979973338075,WARNING,1,HVAC SOUTH,97.28730713806286,HVAC consumption below expected — South zone,Check whether the South HVAC system is operating according to schedule and setpoint.,Review HVAC South operation.,23.2731876373291,16.66950035095215,26.969999313354492
2020-11-28 22:00:00,2020-11-28 22:30:00,10.197443962097168,27.305994033813477,17.108551025390625,8.268396377563477,2.069149838028466,HIGH,2,UNEXPLAINED LOAD,,Unexplained energy deviation,"The observed increase cannot be explained by the monitored HVAC, MELS or lighting subsystems. Verify meter consistency and inspect unmonitored electrical loads.",Inspect metering and unmonitored loads.,23.302499771118164,16.605499267578125,26.93000030517578
2020-11-28 22:15:00,2020-11-28 22:45:00,14.427796363830566,27.964927673339844,13.537131309509277,8.268396377563477,1.6372136374887227,HIGH,2,UNEXPLAINED LOAD,,Unexplained energy deviation,"The observed increase cannot be explained by the monitored HVAC, MELS or lighting subsystems. Verify meter consistency and inspect unmonitored electrical loads.",Inspect metering and unmonitored loads.,23.308374404907227,16.586000442504883,26.850000381469727
2020-11-28 23:00:00,2020-11-28 23:30:00,27.890033721923828,9.993907928466797,-17.89612579345703,8.268396377563477,2.1644010490375942,HIGH,2,HVAC SOUTH,99.50312428826274,HVAC consumption below expected — South zone,Check whether the South HVAC system is operating according to schedule and setpoint.,Review HVAC South operation.,23.390438079833984,15.791999816894531,29.170000076293945
2020-11-28 23:30:00,2020-11-29 00:00:00,11.050664901733398,22.28045654296875,11.229791641235352,8.268396377563477,1.358158357249019,WARNING,1,UNEXPLAINED LOAD,,Unexplained energy deviation,"The observed increase cannot be explained by the monitored HVAC, MELS or lighting subsystems. Verify meter consistency and inspect unmonitored electrical loads.",Inspect metering and unmonitored loads.,23.435344696044922,15.269499778747559,30.290000915527344
2020-11-29 00:45:00,2020-11-29 01:15:00,19.459056854248047,30.615467071533203,11.156410217285156,8.268396377563477,1.349283429076814,WARNING,1,UNEXPLAINED LOAD,,Unexplained energy deviation,"The observed increase cannot be explained by the monitored HVAC, MELS or lighting subsystems. Verify meter consistency and inspect unmonitored electrical loads.",Inspect metering and unmonitored loads.,23.448938369750977,13.783499717712402,28.18000030517578
2020-11-29 01:00:00,2020-11-29 01:30:00,22.926149368286133,33.83082962036133,10.904680252075195,8.268396377563477,1.318838593861483,WARNING,1,HVAC SOUTH,85.84313095244653,Unexpected HVAC consumption — South zone,"Inspect the South HVAC operating state, schedule and temperature setpoint. A large indoor–outdoor temperature difference is also present.",Review HVAC South operation.,23.411907196044922,13.683500289916992,30.350000381469727
2020-11-30 18:00:00,2020-11-30 18:30:00,34.498165130615234,47.68464660644531,13.186481475830078,8.268396377563477,1.5948051924085258,HIGH,2,HVAC SOUTH,99.16150587833268,Unexpected HVAC consumption — South zone,"Inspect the South HVAC operating state, schedule and temperature setpoint. A large indoor–outdoor temperature difference is also present.",Review HVAC South operation.,23.773157119750977,11.307999610900879,58.619998931884766
2020-11-30 20:00:00,2020-11-30 20:30:00,35.2666015625,46.8365592956543,11.569957733154297,8.268396377563477,1.399298873061976,WARNING,1,HVAC SOUTH,70.3871185155131,Unexpected HVAC consumption — South zone,"Inspect the South HVAC operating state, schedule and temperature setpoint. A large indoor–outdoor temperature difference is also present.",Review HVAC South operation.,24.068124771118164,14.180999755859375,47.790000915527344
2020-12-02 12:30:00,2020-12-02 13:00:00,36.16370391845703,45.047767639160156,8.884063720703125,8.268396377563477,1.074460308266096,WARNING,1,HVAC NORTH,67.66520068388974,Unexpected HVAC consumption — North zone,"Inspect the North HVAC operating state, schedule and temperature setpoint. A large indoor–outdoor temperature difference is also present.",Review HVAC North operation.,23.700969696044922,10.791999816894531,50.470001220703125
2020-12-02 16:15:00,2020-12-02 16:45:00,40.565792083740234,30.815261840820312,-9.750530242919922,8.268396377563477,1.179252880205194,WARNING,1,HVAC SOUTH,99.92838383935376,HVAC consumption below expected — South zone,Check whether the South HVAC system is operating according to schedule and setpoint.,Review HVAC South operation.,23.925500869750977,12.216500282287598,45.599998474121094
2020-12-02 16:30:00,2020-12-02 17:00:00,36.82866287231445,26.421329498291016,-10.407333374023438,8.268396377563477,1.258688250875832,WARNING,1,HVAC SOUTH,98.38217876132114,HVAC consumption below expected — South zone,Check whether the South HVAC system is operating according to schedule and setpoint.,Review HVAC South operation.,23.884563446044922,12.755499839782715,41.63999938964844
2020-12-02 17:15:00,2020-12-02 17:45:00,33.80613708496094,22.3211612701416,-11.484975814819336,8.268396377563477,1.3890209528396749,WARNING,1,HVAC SOUTH,100.0,HVAC consumption below expected — South zone,Check whether the South HVAC system is operating according to schedule and setpoint.,Review HVAC South operation.,23.937124252319336,13.202500343322754,40.220001220703125
2020-12-02 17:30:00,2020-12-02 18:00:00,35.79518127441406,25.287546157836914,-10.507635116577148,8.268396377563477,1.2708189879587666,WARNING,1,HVAC SOUTH,99.99801205123947,HVAC consumption below expected — South zone,Check whether the South HVAC system is operating according to schedule and setpoint.,Review HVAC South operation.,23.96062469482422,13.486000061035156,37.650001525878906
2020-12-02 18:00:00,2020-12-02 18:30:00,26.039148330688477,37.007049560546875,10.967901229858398,8.268396377563477,1.3264846929230563,WARNING,1,LIGHTING,69.14493593298423,Unexpected lighting consumption,Check lighting schedules and whether lights are active outside the expected operating period.,Review lighting operation.,24.050500869750977,14.491999626159668,33.599998474121094
2020-12-04 13:45:00,2020-12-04 14:15:00,36.96699142456055,45.861141204833984,8.894149780273438,8.268396377563477,1.075680140880517,WARNING,1,HVAC NORTH,66.38672658288736,Unexpected HVAC consumption — North zone,"Inspect the North HVAC operating state, schedule and temperature setpoint. A large indoor–outdoor temperature difference is also present.",Review HVAC North operation.,23.890249252319336,10.477999687194824,60.83000183105469
2020-12-04 18:00:00,2020-12-04 18:30:00,34.458370208740234,16.222591400146484,-18.23577880859375,8.268396377563477,2.2054795120946356,HIGH,2,HVAC SOUTH,97.88790052982391,HVAC consumption below expected — South zone,Check whether the South HVAC system is operating according to schedule and setpoint.,Review HVAC South operation.,24.01731300354004,12.908499717712402,57.08000183105469
2020-12-04 18:15:00,2020-12-04 18:45:00,36.75362014770508,12.645231246948242,-24.108388900756836,8.268396377563477,2.9157272825206615,CRITICAL,3,HVAC SOUTH,97.55328237118819,HVAC consumption below expected — South zone,Check whether the South HVAC system is operating according to schedule and setpoint.,Review HVAC South operation.,23.9997501373291,15.092000007629395,43.40999984741211
2020-12-04 22:00:00,2020-12-04 22:30:00,12.811949729919434,22.885662078857422,10.073712348937988,8.268396377563477,1.2183393113897256,WARNING,1,UNEXPLAINED LOAD,,Unexplained energy deviation,"The observed increase cannot be explained by the monitored HVAC, MELS or lighting subsystems. Verify meter consistency and inspect unmonitored electrical loads.",Inspect metering and unmonitored loads.,24.003686904907227,18.76650047302246,30.579999923706055
2020-12-04 22:30:00,2020-12-04 23:00:00,22.433618545532227,12.058497428894043,-10.375121116638184,8.268396377563477,1.2547924219974944,WARNING,1,HVAC SOUTH,96.01729018271011,HVAC consumption below expected — South zone,Check whether the South HVAC system is operating according to schedule and setpoint.,Review HVAC South operation.,24.05046844482422,18.588499069213867,32.4900016784668
2020-12-06 06:00:00,2020-12-06 06:30:00,17.17536163330078,26.51885223388672,9.343490600585938,8.268396377563477,1.1300245142987773,WARNING,1,UNEXPLAINED LOAD,,Unexplained energy deviation,"The observed increase cannot be explained by the monitored HVAC, MELS or lighting subsystems. Verify meter consistency and inspect unmonitored electrical loads.",Inspect metering and unmonitored loads.,22.4880313873291,9.919500350952148,52.68000030517578
2020-12-06 11:45:00,2020-12-06 12:15:00,23.166732788085938,12.622159957885742,-10.544572830200195,8.268396377563477,1.2752863250258764,WARNING,1,HVAC SOUTH,99.28966166444768,HVAC consumption below expected — South zone,Check whether the South HVAC system is operating according to schedule and setpoint.,Review HVAC South operation.,22.554500579833984,9.491499900817871,84.5
2020-12-06 17:15:00,2020-12-06 17:45:00,27.729013442993164,16.686786651611328,-11.042226791381836,8.268396377563477,1.3354738073933206,WARNING,1,HVAC SOUTH,99.84810528931985,HVAC consumption below expected — South zone,Check whether the South HVAC system is operating according to schedule and setpoint.,Review HVAC South operation.,22.558374404907227,8.98900032043457,88.0
2020-12-06 17:30:00,2020-12-06 18:00:00,24.998180389404297,11.535530090332031,-13.462650299072266,8.268396377563477,1.6282057226481716,HIGH,2,HVAC SOUTH,99.59512910765955,HVAC consumption below expected — South zone,Check whether the South HVAC system is operating according to schedule and setpoint.,Review HVAC South operation.,22.55243682861328,9.375,87.30000305175781
2020-12-06 17:45:00,2020-12-06 18:15:00,17.802631378173828,9.510489463806152,-8.292141914367676,8.268396377563477,1.0028718430660428,WARNING,1,HVAC SOUTH,98.59783992503374,HVAC consumption below expected — South zone,Check whether the South HVAC system is operating according to schedule and setpoint.,Review HVAC South operation.,22.538875579833984,9.73900032043457,86.0999984741211
2020-12-07 14:30:00,2020-12-07 15:00:00,20.31004524230957,11.97138786315918,-8.33865737915039,8.268396377563477,1.0084975366901336,WARNING,1,HVAC SOUTH,100.0,HVAC consumption below expected — South zone,Check whether the South HVAC system is operating according to schedule and setpoint.,Review HVAC South operation.,22.646249771118164,13.697500228881836,31.0
2020-12-08 20:30:00,2020-12-08 21:00:00,17.359210968017578,30.569856643676758,13.21064567565918,8.173538208007812,1.6162701316690966,HIGH,2,UNEXPLAINED LOAD,,Unexplained energy deviation,"The observed increase cannot be explained by the monitored HVAC, MELS or lighting subsystems. Verify meter consistency and inspect unmonitored electrical loads.",Inspect metering and unmonitored loads.,23.806406021118164,20.336000442504883,22.3700008392334
2020-12-08 20:45:00,2020-12-08 21:15:00,19.717329025268555,28.635128021240234,8.91779899597168,8.155925750732422,1.09341346016678,WARNING,1,UNEXPLAINED LOAD,,Unexplained energy deviation,"The observed increase cannot be explained by the monitored HVAC, MELS or lighting subsystems. Verify meter consistency and inspect unmonitored electrical loads.",Inspect metering and unmonitored loads.,23.788936614990234,20.594499588012695,22.56999969482422
2020-12-09 00:15:00,2020-12-09 00:45:00,31.875394821166992,14.288589477539062,-17.58680534362793,8.092427253723145,2.173242315590373,HIGH,2,HVAC SOUTH,98.02573988050864,HVAC consumption below expected — South zone,Check whether the South HVAC system is operating according to schedule and setpoint.,Review HVAC South operation.,24.109188079833984,19.611499786376953,22.15999984741211
2020-12-09 00:30:00,2020-12-09 01:00:00,26.319561004638672,14.84795093536377,-11.471610069274902,8.092427253723145,1.4175734559735549,WARNING,1,HVAC SOUTH,99.98426196432953,HVAC consumption below expected — South zone,Check whether the South HVAC system is operating according to schedule and setpoint.,Review HVAC South operation.,24.11496925354004,18.58049964904785,27.969999313354492
2020-12-09 19:30:00,2020-12-09 20:00:00,20.4661808013916,11.093022346496582,-9.37315845489502,8.092427253723145,1.1582629242150604,WARNING,1,HVAC SOUTH,99.12443011621203,HVAC consumption below expected — South zone,Check whether the South HVAC system is operating according to schedule and setpoint.,Review HVAC South operation.,23.5817813873291,16.09749984741211,31.459999084472656
2020-12-10 19:15:00,2020-12-10 19:45:00,11.798318862915039,20.551876068115234,8.753557205200195,8.092427253723145,1.0816973610943341,WARNING,1,LIGHTING,63.27768999022354,Unexpected lighting consumption,Check lighting schedules and whether lights are active outside the expected operating period.,Review lighting operation.,23.578062057495117,15.566499710083008,40.54999923706055
2020-12-11 08:15:00,2020-12-11 08:45:00,13.951984405517578,26.463977813720703,12.511993408203125,8.092427253723145,1.546136037546292,HIGH,2,UNEXPLAINED LOAD,,Unexplained energy deviation,"The observed increase cannot be explained by the monitored HVAC, MELS or lighting subsystems. Verify meter consistency and inspect unmonitored electrical loads.",Inspect metering and unmonitored loads.,23.242061614990234,7.763999938964844,86.5
2020-12-11 08:30:00,2020-12-11 09:00:00,13.503876686096191,24.836713790893555,11.332837104797363,8.092427253723145,1.4004249589742532,WARNING,1,UNEXPLAINED LOAD,,Unexplained energy deviation,"The observed increase cannot be explained by the monitored HVAC, MELS or lighting subsystems. Verify meter consistency and inspect unmonitored electrical loads.",Inspect metering and unmonitored loads.,23.198938369750977,7.6585001945495605,86.5
2020-12-11 18:00:00,2020-12-11 18:30:00,33.66221618652344,15.488286972045898,-18.17392921447754,8.092427253723145,2.2457945737005076,HIGH,2,HVAC SOUTH,89.37100678274254,HVAC consumption below expected — South zone,Check whether the South HVAC system is operating according to schedule and setpoint.,Review HVAC South operation.,22.962688446044922,9.196999549865723,79.36000061035156
2020-12-11 18:15:00,2020-12-11 18:45:00,33.71632766723633,15.58212661743164,-18.134201049804688,8.092427253723145,2.2408852722724877,HIGH,2,HVAC SOUTH,97.41483249964334,HVAC consumption below expected — South zone,Check whether the South HVAC system is operating according to schedule and setpoint.,Review HVAC South operation.,22.92937469482422,9.182999610900879,76.1500015258789
2020-12-11 23:30:00,2020-12-12 00:00:00,14.7406587600708,24.017818450927734,9.277159690856934,8.092427253723145,1.1464001343464312,WARNING,1,LIGHTING,50.0053120213743,Unexpected lighting consumption,Check lighting schedules and whether lights are active outside the expected operating period.,Review lighting operation.,23.06809425354004,8.76099967956543,72.19000244140625
2020-12-11 23:45:00,2020-12-12 00:15:00,13.41250228881836,33.08271789550781,19.670215606689453,8.092427253723145,2.430694152689433,HIGH,2,HVAC SOUTH,78.44409724905077,Unexpected HVAC consumption — South zone,"Inspect the South HVAC operating state, schedule and temperature setpoint. A large indoor–outdoor temperature difference is also present.",Review HVAC South operation.,23.042749404907227,8.75,71.61000061035156
2020-12-12 00:00:00,2020-12-12 00:30:00,21.01061248779297,32.19612121582031,11.185508728027344,8.092427253723145,1.382219249840169,WARNING,1,HVAC SOUTH,79.09030144523852,Unexpected HVAC consumption — South zone,"Inspect the South HVAC operating state, schedule and temperature setpoint. A large indoor–outdoor temperature difference is also present.",Review HVAC South operation.,23.05237579345703,8.805500030517578,72.55000305175781
2020-12-12 06:45:00,2020-12-12 07:15:00,29.19095802307129,19.219074249267578,-9.971883773803711,8.092427253723145,1.23224880016263,WARNING,1,HVAC SOUTH,100.0,HVAC consumption below expected — South zone,Check whether the South HVAC system is operating according to schedule and setpoint.,Review HVAC South operation.,22.722375869750977,10.128000259399414,92.19999694824219
2020-12-12 07:00:00,2020-12-12 07:30:00,25.285221099853516,15.349848747253418,-9.935372352600098,8.092427253723145,1.2277369991839044,WARNING,1,HVAC SOUTH,99.61798593949828,HVAC consumption below expected — South zone,Check whether the South HVAC system is operating according to schedule and setpoint.,Review HVAC South operation.,22.73996925354004,10.119500160217285,92.19999694824219
2020-12-12 19:45:00,2020-12-12 20:15:00,9.927645683288574,24.249069213867188,14.321423530578613,8.092427253723145,1.7697315133712999,HIGH,2,HVAC SOUTH,98.91145195080934,Unexpected HVAC consumption — South zone,"Inspect the South HVAC operating state, schedule and temperature setpoint. A large indoor–outdoor temperature difference is also present.",Review HVAC South operation.,22.374813079833984,9.772000312805176,79.66999816894531
2020-12-13 00:45:00,2020-12-13 01:15:00,11.73974895477295,21.275081634521484,9.535332679748535,8.092427253723145,1.1783031692205255,WARNING,1,UNEXPLAINED LOAD,,Unexplained energy deviation,"The observed increase cannot be explained by the monitored HVAC, MELS or lighting subsystems. Verify meter consistency and inspect unmonitored electrical loads.",Inspect metering and unmonitored loads.,22.20687484741211,9.616999626159668,76.29000091552734
2020-12-13 01:00:00,2020-12-13 01:30:00,14.740311622619629,26.479724884033203,11.739413261413574,8.092427253723145,1.4506665173928543,WARNING,1,UNEXPLAINED LOAD,,Unexplained energy deviation,"The observed increase cannot be explained by the monitored HVAC, MELS or lighting subsystems. Verify meter consistency and inspect unmonitored electrical loads.",Inspect metering and unmonitored loads.,22.22043800354004,9.586000442504883,76.8499984741211
2020-12-13 01:15:00,2020-12-13 01:45:00,19.291288375854492,28.69268226623535,9.40139389038086,8.092427253723145,1.1617520424487584,WARNING,1,UNEXPLAINED LOAD,,Unexplained energy deviation,"The observed increase cannot be explained by the monitored HVAC, MELS or lighting subsystems. Verify meter consistency and inspect unmonitored electrical loads.",Inspect metering and unmonitored loads.,22.159936904907227,9.458000183105469,78.12999725341797
2020-12-13 16:30:00,2020-12-13 17:00:00,25.03314208984375,15.795591354370117,-9.237550735473633,8.092427253723145,1.1415055638867366,WARNING,1,HVAC SOUTH,100.0,HVAC consumption below expected — South zone,Check whether the South HVAC system is operating according to schedule and setpoint.,Review HVAC South operation.,22.16965675354004,10.942000389099121,92.30000305175781
2020-12-13 16:45:00,2020-12-13 17:15:00,26.86273956298828,11.988795280456543,-14.873944282531738,8.092427253723145,1.8380077838436633,HIGH,2,HVAC SOUTH,99.76991491194852,HVAC consumption below expected — South zone,Check whether the South HVAC system is operating according to schedule and setpoint.,Review HVAC South operation.,22.13249969482422,11.0,92.4000015258789
2020-12-14 01:15:00,2020-12-14 01:45:00,10.874940872192383,22.305442810058594,11.430501937866211,8.092427253723145,1.4124936288561993,WARNING,1,UNEXPLAINED LOAD,,Unexplained energy deviation,"The observed increase cannot be explained by the monitored HVAC, MELS or lighting subsystems. Verify meter consistency and inspect unmonitored electrical loads.",Inspect metering and unmonitored loads.,22.30062484741211,9.655500411987305,93.69999694824219
2020-12-14 03:30:00,2020-12-14 04:00:00,14.279114723205566,25.550682067871094,11.271567344665527,8.092427253723145,1.392853712645947,WARNING,1,UNEXPLAINED LOAD,,Unexplained energy deviation,"The observed increase cannot be explained by the monitored HVAC, MELS or lighting subsystems. Verify meter consistency and inspect unmonitored electrical loads.",Inspect metering and unmonitored loads.,22.230249404907227,8.524999618530273,91.5999984741211
2020-12-14 19:15:00,2020-12-14 19:45:00,27.945541381835938,18.482807159423828,-9.46273422241211,8.074607849121094,1.171912543522731,WARNING,1,HVAC SOUTH,89.02435876585417,HVAC consumption below expected — South zone,Check whether the South HVAC system is operating according to schedule and setpoint.,Review HVAC South operation.,22.1169376373291,10.691499710083008,63.290000915527344
2020-12-14 19:30:00,2020-12-14 20:00:00,23.652385711669922,10.870535850524902,-12.78184986114502,8.006390571594238,1.596455949387926,HIGH,2,HVAC SOUTH,98.31092770268384,HVAC consumption below expected — South zone,Check whether the South HVAC system is operating according to schedule and setpoint.,Review HVAC South operation.,22.187219619750977,10.678000450134277,60.560001373291016
2020-12-15 00:45:00,2020-12-15 01:15:00,10.545774459838867,20.929492950439453,10.383718490600586,8.006390571594238,1.2969287967840135,WARNING,1,LIGHTING,95.17764288184856,Unexpected lighting consumption,Check lighting schedules and whether lights are active outside the expected operating period.,Review lighting operation.,22.60906219482422,9.238499641418457,71.36000061035156
2020-12-15 01:00:00,2020-12-15 01:30:00,13.518524169921875,35.19648742675781,21.677963256835938,8.006390571594238,2.707582532102154,CRITICAL,3,UNEXPLAINED LOAD,,Unexplained energy deviation,"The observed increase cannot be explained by the monitored HVAC, MELS or lighting subsystems. Verify meter consistency and inspect unmonitored electrical loads.",Inspect metering and unmonitored loads.,22.66575050354004,8.96399974822998,73.20999908447266
2020-12-15 01:15:00,2020-12-15 01:45:00,19.005428314208984,35.475189208984375,16.46976089477539,8.006390571594238,2.0570768747165826,HIGH,2,UNEXPLAINED LOAD,,Unexplained energy deviation,"The observed increase cannot be explained by the monitored HVAC, MELS or lighting subsystems. Verify meter consistency and inspect unmonitored electrical loads.",Inspect metering and unmonitored loads.,22.652000427246094,8.83899974822998,74.76000213623047
2020-12-15 01:45:00,2020-12-15 02:15:00,32.498863220214844,41.090091705322266,8.591228485107422,8.006390571594238,1.0730463881674874,WARNING,1,MELS NORTH,34.10206942947678,Unexpected equipment load — North zone,Review plug-load and equipment activity in the North zone. Check for devices operating outside the expected schedule.,Review MELS North loads.,22.675561904907227,8.819000244140625,76.12999725341797
2020-12-15 02:00:00,2020-12-15 02:30:00,33.83945846557617,43.04779815673828,9.20833969116211,8.006390571594238,1.1501237179000796,WARNING,1,LIGHTING,29.604939810284485,Unexpected lighting consumption,Check lighting schedules and whether lights are active outside the expected operating period.,Review lighting operation.,22.683313369750977,8.780500411987305,77.27999877929688
2020-12-15 19:45:00,2020-12-15 20:15:00,43.33986282348633,54.005863189697266,10.666000366210938,8.006390571594238,1.3321858671312754,WARNING,1,HVAC NORTH,58.24123248317501,Unexpected HVAC consumption — North zone,"Inspect the North HVAC operating state, schedule and temperature setpoint. A large indoor–outdoor temperature difference is also present.",Review HVAC North operation.,23.0935001373291,11.444499969482422,66.97000122070312
2020-12-15 20:00:00,2020-12-15 20:30:00,44.88832092285156,53.85945129394531,8.97113037109375,8.006390571594238,1.1204962199723678,WARNING,1,HVAC NORTH,57.24041369252536,Unexpected HVAC consumption — North zone,"Inspect the North HVAC operating state, schedule and temperature setpoint. A large indoor–outdoor temperature difference is also present.",Review HVAC North operation.,23.148218154907227,11.983499526977539,63.310001373291016
2020-12-15 21:00:00,2020-12-15 21:30:00,55.18379211425781,46.124088287353516,-9.059703826904297,8.006390571594238,1.131559064711019,WARNING,1,UNEXPLAINED LOAD,,Unexplained energy deviation,"The observed reduction cannot be explained by the monitored HVAC, MELS or lighting subsystems. Verify meter and sensor consistency and check for unexpected shutdowns.",Inspect metering and unmonitored loads.,23.267375946044922,13.303000450134277,53.54999923706055
2020-12-15 23:30:00,2020-12-16 00:00:00,43.65083694458008,33.196502685546875,-10.454334259033203,8.006390571594238,1.3057487222924136,WARNING,1,UNEXPLAINED LOAD,,Unexplained energy deviation,"The observed reduction cannot be explained by the monitored HVAC, MELS or lighting subsystems. Verify meter and sensor consistency and check for unexpected shutdowns.",Inspect metering and unmonitored loads.,23.532968521118164,11.858499526977539,63.599998474121094
2020-12-16 00:00:00,2020-12-16 00:30:00,33.4547233581543,41.47306823730469,8.01834487915039,8.006390571594238,1.001493095727626,WARNING,1,HVAC SOUTH,45.76614022654638,Unexpected HVAC consumption — South zone,"Inspect the South HVAC operating state, schedule and temperature setpoint. A large indoor–outdoor temperature difference is also present.",Review HVAC South operation.,23.52121925354004,11.291500091552734,69.02999877929688
2020-12-16 12:00:00,2020-12-16 12:30:00,41.21797180175781,50.27843475341797,9.060462951660156,7.830759048461914,1.1570350837751515,WARNING,1,HVAC SOUTH,36.81906546991012,Unexpected HVAC consumption — South zone,"Inspect the South HVAC operating state, schedule and temperature setpoint. A large indoor–outdoor temperature difference is also present.",Review HVAC South operation.,21.8552188873291,8.383500099182129,73.08000183105469
2020-12-17 03:00:00,2020-12-17 03:30:00,37.563934326171875,45.283233642578125,7.71929931640625,7.564678192138672,1.0204398812930684,WARNING,1,HVAC SOUTH,39.89726853447014,Unexpected HVAC consumption — South zone,"Inspect the South HVAC operating state, schedule and temperature setpoint. A large indoor–outdoor temperature difference is also present.",Review HVAC South operation.,23.613983154296875,11.552499771118164,67.27999877929688
2020-12-17 18:00:00,2020-12-17 18:30:00,46.92963409423828,34.99904251098633,-11.930591583251953,7.541088104248047,1.5820782648768168,HIGH,2,UNEXPLAINED LOAD,,Unexplained energy deviation,"The observed reduction cannot be explained by the monitored HVAC, MELS or lighting subsystems. Verify meter and sensor consistency and check for unexpected shutdowns.",Inspect metering and unmonitored loads.,23.76834487915039,9.791500091552734,84.4000015258789
2020-12-18 04:15:00,2020-12-18 04:45:00,41.4074592590332,49.81718063354492,8.409721374511719,7.538522720336914,1.1155662304796858,WARNING,1,HVAC SOUTH,40.59599397560443,Unexpected HVAC consumption — South zone,"Inspect the South HVAC operating state, schedule and temperature setpoint. A large indoor–outdoor temperature difference is also present.",Review HVAC South operation.,23.651453018188477,8.293999671936035,76.26000213623047
2020-12-18 19:00:00,2020-12-18 19:30:00,42.436500549316406,17.169902801513672,-25.266597747802734,7.536502838134766,3.35256262625598,CRITICAL,3,HVAC SOUTH,100.0,HVAC consumption below expected — South zone,Check whether the South HVAC system is operating according to schedule and setpoint.,Review HVAC South operation.,19.52121925354004,13.844499588012695,31.020000457763672
2020-12-18 19:15:00,2020-12-18 19:45:00,42.42912292480469,33.213504791259766,-9.215618133544922,7.536502838134766,1.222797673068445,WARNING,1,HVAC SOUTH,90.12469400396961,HVAC consumption below expected — South zone,Check whether the South HVAC system is operating according to schedule and setpoint.,Review HVAC South operation.,20.448999404907227,13.03600025177002,38.06999969482422
2020-12-18 19:30:00,2020-12-18 20:00:00,18.700164794921875,34.617942810058594,15.917778015136719,7.536502838134766,2.112090761061302,HIGH,2,UNEXPLAINED LOAD,,Unexplained energy deviation,"The observed increase cannot be explained by the monitored HVAC, MELS or lighting subsystems. Verify meter consistency and inspect unmonitored electrical loads.",Inspect metering and unmonitored loads.,20.620874404907227,12.66100025177002,44.04999923706055
2020-12-18 21:15:00,2020-12-18 21:45:00,31.7580623626709,40.300933837890625,8.542871475219727,7.536502838134766,1.1335325758775976,WARNING,1,LIGHTING,58.29698777413071,Unexpected lighting consumption,Check lighting schedules and whether lights are active outside the expected operating period.,Review lighting operation.,21.117000579833984,13.111499786376953,39.220001220703125
2020-12-18 21:30:00,2020-12-18 22:00:00,32.92622375488281,42.6043586730957,9.67813491821289,7.536502838134766,1.2841678860971761,WARNING,1,LIGHTING,51.211592841277074,Unexpected lighting consumption,Check lighting schedules and whether lights are active outside the expected operating period.,Review lighting operation.,21.187219619750977,13.814000129699707,37.29999923706055
2020-12-18 23:45:00,2020-12-19 00:15:00,36.95197296142578,44.80482482910156,7.852851867675781,7.536502838134766,1.041975573596322,WARNING,1,HVAC SOUTH,40.96660735615188,Unexpected HVAC consumption — South zone,"Inspect the South HVAC operating state, schedule and temperature setpoint. A large indoor–outdoor temperature difference is also present.",Review HVAC South operation.,21.6091251373291,13.069499969482422,43.709999084472656
2020-12-19 11:00:00,2020-12-19 11:30:00,31.59345054626465,23.575504302978516,-8.017946243286133,7.536502838134766,1.0638815396864525,WARNING,1,HVAC SOUTH,86.57787329351477,HVAC consumption below expected — South zone,Check whether the South HVAC system is operating according to schedule and setpoint.,Review HVAC South operation.,20.734155654907227,8.274999618530273,66.55999755859375
2020-12-19 12:45:00,2020-12-19 13:15:00,30.397489547729492,20.406461715698242,-9.99102783203125,7.536502838134766,1.3256848762102984,WARNING,1,HVAC SOUTH,88.3695404313109,HVAC consumption below expected — South zone,Check whether the South HVAC system is operating according to schedule and setpoint.,Review HVAC South operation.,20.527124404907227,8.522000312805176,54.310001373291016
2020-12-19 13:15:00,2020-12-19 13:45:00,21.15590476989746,33.03533935546875,11.879434585571289,7.536502838134766,1.576252917395752,HIGH,2,LIGHTING,44.55518974237476,Unexpected lighting consumption,Check lighting schedules and whether lights are active outside the expected operating period.,Review lighting operation.,20.4997501373291,8.619500160217285,54.209999084472656
2020-12-19 13:30:00,2020-12-19 14:00:00,31.65237045288086,23.493730545043945,-8.158639907836914,7.536502838134766,1.082549835522403,WARNING,1,HVAC SOUTH,81.79251074394526,HVAC consumption below expected — South zone,Check whether the South HVAC system is operating according to schedule and setpoint.,Review HVAC South operation.,20.4763126373291,8.191499710083008,56.11000061035156
2020-12-19 14:00:00,2020-12-19 14:30:00,23.979507446289062,31.889904022216797,7.910396575927734,7.536502838134766,1.0496110392078755,WARNING,1,LIGHTING,57.7481502255666,Unexpected lighting consumption,Check lighting schedules and whether lights are active outside the expected operating period.,Review lighting operation.,20.417688369750977,7.691500186920166,58.540000915527344
2020-12-19 15:15:00,2020-12-19 15:45:00,24.62225914001465,33.253562927246094,8.631303787231445,7.536502838134766,1.145266441559204,WARNING,1,LIGHTING,52.68267315695934,Unexpected lighting consumption,Check lighting schedules and whether lights are active outside the expected operating period.,Review lighting operation.,20.2263126373291,7.252999782562256,64.7300033569336
2020-12-19 17:15:00,2020-12-19 17:45:00,30.63755989074707,20.99233055114746,-9.64522933959961,7.536502838134766,1.2798017259138643,WARNING,1,HVAC SOUTH,94.27641336314207,HVAC consumption below expected — South zone,Check whether the South HVAC system is operating according to schedule and setpoint.,Review HVAC South operation.,20.39812469482422,7.664000034332275,73.25
2020-12-19 17:45:00,2020-12-19 18:15:00,21.585447311401367,31.22295570373535,9.637508392333984,7.536502838134766,1.2787772524370473,WARNING,1,HVAC SOUTH,64.18728101190572,Unexpected HVAC consumption — South zone,"Inspect the South HVAC operating state, schedule and temperature setpoint. A large indoor–outdoor temperature difference is also present.",Review HVAC South operation.,20.3903751373291,9.641500473022461,66.80000305175781
2020-12-19 20:00:00,2020-12-19 20:30:00,31.462604522705078,23.793413162231445,-7.669191360473633,7.536502838134766,1.017606113231652,WARNING,1,HVAC NORTH,94.86865037301733,HVAC consumption below expected — North zone,Check whether the North HVAC system is operating according to schedule and setpoint.,Review HVAC North operation.,20.663875579833984,14.080499649047852,46.7599983215332
2020-12-19 20:15:00,2020-12-19 20:45:00,29.682117462158203,21.339214324951172,-8.342903137207031,7.536502838134766,1.1069992696071012,WARNING,1,HVAC SOUTH,78.5767062880395,HVAC consumption below expected — South zone,Check whether the South HVAC system is operating according to schedule and setpoint.,Review HVAC South operation.,20.76531219482422,13.718999862670898,49.5
2020-12-19 20:45:00,2020-12-19 21:15:00,21.593650817871094,32.146018981933594,10.5523681640625,7.536502838134766,1.4001677423469452,WARNING,1,HVAC SOUTH,63.496801523575144,Unexpected HVAC consumption — South zone,"Inspect the South HVAC operating state, schedule and temperature setpoint.",Review HVAC South operation.,20.82781219482422,13.708000183105469,49.58000183105469
2020-12-19 23:00:00,2020-12-19 23:30:00,31.463224411010742,12.221689224243164,-19.241535186767578,7.536502838134766,2.553111914110249,CRITICAL,3,UNEXPLAINED LOAD,,Unexplained energy deviation,"The observed reduction cannot be explained by the monitored HVAC, MELS or lighting subsystems. Verify meter and sensor consistency and check for unexpected shutdowns.",Inspect metering and unmonitored loads.,21.154094696044922,13.267000198364258,51.72999954223633
2020-12-19 23:30:00,2020-12-20 00:00:00,12.79580020904541,29.345287322998047,16.549488067626953,7.536502838134766,2.195910812092634,HIGH,2,HVAC SOUTH,57.882933379902646,Unexpected HVAC consumption — South zone,"Inspect the South HVAC operating state, schedule and temperature setpoint. A large indoor–outdoor temperature difference is also present.",Review HVAC South operation.,21.179500579833984,13.022500038146973,47.08000183105469
2020-12-20 01:00:00,2020-12-20 01:30:00,31.42653465270996,39.17494583129883,7.748411178588867,7.536502838134766,1.0281175957875108,WARNING,1,LIGHTING,55.72449137939066,Unexpected lighting consumption,Check lighting schedules and whether lights are active outside the expected operating period.,Review lighting operation.,21.20478057861328,12.071999549865723,42.689998626708984
2020-12-21 14:30:00,2020-12-21 15:00:00,41.896026611328125,34.1595458984375,-7.736480712890625,7.536502838134766,1.026534571677459,WARNING,1,HVAC SOUTH,49.97846371558211,HVAC consumption below expected — South zone,Check whether the South HVAC system is operating according to schedule and setpoint.,Review HVAC South operation.,20.614999771118164,8.894499778747559,64.93000030517578
2020-12-21 17:00:00,2020-12-21 17:30:00,36.348777770996094,43.9658088684082,7.617031097412109,7.536502838134766,1.01068509639111,WARNING,1,HVAC SOUTH,80.11086814361809,Unexpected HVAC consumption — South zone,"Inspect the South HVAC operating state, schedule and temperature setpoint. A large indoor–outdoor temperature difference is also present.",Review HVAC South operation.,20.622812271118164,9.958499908447266,66.73999786376953
2020-12-21 20:45:00,2020-12-21 21:15:00,33.13871765136719,42.90074157714844,9.76202392578125,7.536502838134766,1.2952989119018612,WARNING,1,HVAC SOUTH,98.78705141097069,Unexpected HVAC consumption — South zone,"Inspect the South HVAC operating state, schedule and temperature setpoint.",Review HVAC South operation.,21.042749404907227,15.814000129699707,43.09000015258789
2020-12-21 21:15:00,2020-12-21 21:45:00,42.29210662841797,34.542850494384766,-7.749256134033203,7.536502838134766,1.0282297108443859,WARNING,1,HVAC NORTH,98.59588583454797,HVAC consumption below expected — North zone,Check whether the North HVAC system is operating according to schedule and setpoint.,Review HVAC North operation.,21.1325626373291,17.035999298095703,35.72999954223633
2020-12-21 22:15:00,2020-12-21 22:45:00,35.035682678222656,43.2291259765625,8.193443298339844,7.536502838134766,1.0871678116912469,WARNING,1,LIGHTING,36.720670472792335,Unexpected lighting consumption,Check lighting schedules and whether lights are active outside the expected operating period.,Review lighting operation.,21.495813369750977,15.907999992370605,44.869998931884766
2020-12-22 00:45:00,2020-12-22 01:15:00,35.20504379272461,43.23162078857422,8.02657699584961,7.536502838134766,1.0650267329874892,WARNING,1,LIGHTING,44.91760384951498,Unexpected lighting consumption,Check lighting schedules and whether lights are active outside the expected operating period.,Review lighting operation.,21.675500869750977,10.366999626159668,74.58000183105469
2020-12-22 04:45:00,2020-12-22 05:15:00,36.438865661621094,46.76360321044922,10.324737548828125,7.536502838134766,1.3699639966411037,WARNING,1,HVAC NORTH,56.06485345695198,Unexpected HVAC consumption — North zone,"Inspect the North HVAC operating state, schedule and temperature setpoint. A large indoor–outdoor temperature difference is also present.",Review HVAC North operation.,21.2575626373291,9.819499969482422,85.9000015258789
2020-12-22 05:00:00,2020-12-22 05:30:00,35.11066818237305,45.159820556640625,10.049152374267578,7.536502838134766,1.3333972785651702,WARNING,1,HVAC NORTH,61.77639038471964,Unexpected HVAC consumption — North zone,"Inspect the North HVAC operating state, schedule and temperature setpoint. A large indoor–outdoor temperature difference is also present.",Review HVAC North operation.,21.259531021118164,9.73900032043457,85.69999694824219
2020-12-22 13:30:00,2020-12-22 14:00:00,31.706741333007812,21.92819595336914,-9.778545379638672,7.536502838134766,1.2974911029236469,WARNING,1,HVAC SOUTH,96.38920109091235,HVAC consumption below expected — South zone,Check whether the South HVAC system is operating according to schedule and setpoint.,Review HVAC South operation.,20.724407196044922,7.886000156402588,89.0
2020-12-22 14:00:00,2020-12-22 14:30:00,23.15434455871582,35.393707275390625,12.239362716674805,7.536502838134766,1.624010894647784,HIGH,2,UNEXPLAINED LOAD,,Unexplained energy deviation,"The observed increase cannot be explained by the monitored HVAC, MELS or lighting subsystems. Verify meter consistency and inspect unmonitored electrical loads.",Inspect metering and unmonitored loads.,20.68915557861328,7.816500186920166,89.19999694824219
2020-12-22 22:00:00,2020-12-22 22:30:00,32.36544418334961,41.330787658691406,8.965343475341797,7.536502838134766,1.189589345070911,WARNING,1,HVAC SOUTH,61.787633992307256,Unexpected HVAC consumption — South zone,"Inspect the South HVAC operating state, schedule and temperature setpoint.",Review HVAC South operation.,21.179468154907227,13.925000190734863,35.59000015258789
2020-12-23 12:15:00,2020-12-23 12:45:00,31.836807250976562,17.444726943969727,-14.392080307006836,7.536502838134766,1.9096496897981372,HIGH,2,HVAC SOUTH,100.0,HVAC consumption below expected — South zone,Check whether the South HVAC system is operating according to schedule and setpoint.,Review HVAC South operation.,20.5466251373291,8.07800006866455,33.38999938964844
2020-12-23 12:30:00,2020-12-23 13:00:00,28.30351448059082,13.32482624053955,-14.97868824005127,7.536502838134766,1.9874852516818524,HIGH,2,HVAC SOUTH,99.29844616865489,HVAC consumption below expected — South zone,Check whether the South HVAC system is operating according to schedule and setpoint.,Review HVAC South operation.,20.497844696044922,7.9054999351501465,33.7400016784668
2020-12-23 13:00:00,2020-12-23 13:30:00,15.25686264038086,26.779193878173828,11.522331237792969,7.536502838134766,1.5288697536860039,HIGH,2,UNEXPLAINED LOAD,,Unexplained energy deviation,"The observed increase cannot be explained by the monitored HVAC, MELS or lighting subsystems. Verify meter consistency and inspect unmonitored electrical loads.",Inspect metering and unmonitored loads.,20.528968811035156,8.155500411987305,32.08000183105469
2020-12-23 13:30:00,2020-12-23 14:00:00,26.384239196777344,10.206356048583984,-16.17788314819336,7.536502838134766,2.1466034705557515,HIGH,2,HVAC SOUTH,98.20632743898881,HVAC consumption below expected — South zone,Check whether the South HVAC system is operating according to schedule and setpoint.,Review HVAC South operation.,20.474407196044922,8.5,30.100000381469727
2020-12-23 13:45:00,2020-12-23 14:15:00,22.03151512145996,9.556363105773926,-12.475152015686035,7.536502838134766,1.65529719601002,HIGH,2,HVAC SOUTH,97.79341467381005,HVAC consumption below expected — South zone,Check whether the South HVAC system is operating according to schedule and setpoint.,Review HVAC South operation.,20.464563369750977,8.45300006866455,30.020000457763672
2020-12-23 16:15:00,2020-12-23 16:45:00,14.243967056274414,24.11956787109375,9.875600814819336,7.536502838134766,1.3103691495807201,WARNING,1,UNEXPLAINED LOAD,,Unexplained energy deviation,"The observed increase cannot be explained by the monitored HVAC, MELS or lighting subsystems. Verify meter consistency and inspect unmonitored electrical loads.",Inspect metering and unmonitored loads.,20.472436904907227,8.350000381469727,30.829999923706055
2020-12-23 16:30:00,2020-12-23 17:00:00,13.260103225708008,33.973838806152344,20.713735580444336,7.536502838134766,2.7484545584767335,CRITICAL,3,LIGHTING,98.84194717608901,Unexpected lighting consumption,Check lighting schedules and whether lights are active outside the expected operating period.,Review lighting operation.,20.462718963623047,8.125,31.719999313354492
2020-12-23 16:45:00,2020-12-23 17:15:00,22.058792114257812,29.642492294311523,7.583700180053711,7.536502838134766,1.0062624990572717,WARNING,1,LIGHTING,90.10264531422168,Unexpected lighting consumption,Check lighting schedules and whether lights are active outside the expected operating period.,Review lighting operation.,20.527124404907227,8.216500282287598,31.969999313354492
2020-12-23 22:15:00,2020-12-23 22:45:00,29.574621200561523,21.6142578125,-7.960363388061523,7.536502838134766,1.0562410124470492,WARNING,1,HVAC SOUTH,92.09322761093689,HVAC consumption below expected — South zone,Check whether the South HVAC system is operating according to schedule and setpoint.,Review HVAC South operation.,21.2341251373291,13.229249954223633,22.75
2020-12-23 22:30:00,2020-12-23 23:00:00,29.75935935974121,8.982381820678711,-20.7769775390625,7.536502838134766,2.7568459782076675,CRITICAL,3,HVAC SOUTH,92.56552933799365,HVAC consumption below expected — South zone,Check whether the South HVAC system is operating according to schedule and setpoint.,Review HVAC South operation.,21.171655654907227,12.875,23.459999084472656
2020-12-23 22:45:00,2020-12-23 23:15:00,21.73982810974121,13.118317604064941,-8.62151050567627,7.536502838134766,1.143966995149442,WARNING,1,HVAC SOUTH,95.95014656482597,HVAC consumption below expected — South zone,Check whether the South HVAC system is operating according to schedule and setpoint.,Review HVAC South operation.,21.1169376373291,12.633500099182129,23.670000076293945
2020-12-24 02:45:00,2020-12-24 03:15:00,9.649085998535156,30.023700714111328,20.374614715576172,7.536502838134766,2.7034574461354217,CRITICAL,3,UNEXPLAINED LOAD,,Unexplained energy deviation,"The observed increase cannot be explained by the monitored HVAC, MELS or lighting subsystems. Verify meter consistency and inspect unmonitored electrical loads.",Inspect metering and unmonitored loads.,20.9216251373291,11.927499771118164,24.59000015258789
2020-12-24 03:00:00,2020-12-24 03:30:00,9.09035587310791,32.24817657470703,23.157821655273438,7.536502838134766,3.0727543202259104,CRITICAL,3,UNEXPLAINED LOAD,,Unexplained energy deviation,"The observed increase cannot be explained by the monitored HVAC, MELS or lighting subsystems. Verify meter consistency and inspect unmonitored electrical loads.",Inspect metering and unmonitored loads.,20.8981876373291,11.772500038146973,25.65999984741211
2020-12-24 03:15:00,2020-12-24 03:45:00,24.163541793823242,33.73488235473633,9.571340560913086,7.536502838134766,1.269997605850027,WARNING,1,UNEXPLAINED LOAD,,Unexplained energy deviation,"The observed increase cannot be explained by the monitored HVAC, MELS or lighting subsystems. Verify meter consistency and inspect unmonitored electrical loads.",Inspect metering and unmonitored loads.,20.855188369750977,11.432999610900879,28.149999618530273
2020-12-25 22:00:00,2020-12-25 22:30:00,33.58030700683594,19.630056381225586,-13.950250625610352,7.536502838134766,1.8510243975523992,HIGH,2,HVAC SOUTH,86.40285785879979,HVAC consumption below expected — South zone,Check whether the South HVAC system is operating according to schedule and setpoint.,Review HVAC South operation.,20.972375869750977,11.41100025177002,69.48999786376953
2020-12-25 22:15:00,2020-12-25 22:45:00,23.946077346801758,9.826144218444824,-14.119933128356934,7.536502838134766,1.8735391509321746,HIGH,2,HVAC SOUTH,96.18294846658821,HVAC consumption below expected — South zone,Check whether the South HVAC system is operating according to schedule and setpoint.,Review HVAC South operation.,21.019250869750977,11.274999618530273,73.05999755859375
2020-12-25 22:30:00,2020-12-25 23:00:00,20.2171630859375,9.967758178710938,-10.249404907226562,7.536502838134766,1.3599682939631483,WARNING,1,HVAC SOUTH,95.49786344496825,HVAC consumption below expected — South zone,Check whether the South HVAC system is operating according to schedule and setpoint.,Review HVAC South operation.,20.952938079833984,10.782999992370605,78.12999725341797
2020-12-25 23:00:00,2020-12-25 23:30:00,11.118724822998047,21.251008987426758,10.132284164428711,7.536502838134766,1.344427831057035,WARNING,1,UNEXPLAINED LOAD,,Unexplained energy deviation,"The observed increase cannot be explained by the monitored HVAC, MELS or lighting subsystems. Verify meter consistency and inspect unmonitored electrical loads.",Inspect metering and unmonitored loads.,20.950937271118164,10.419500350952148,85.9000015258789
2020-12-25 23:30:00,2020-12-26 00:00:00,20.630294799804688,9.957992553710938,-10.67230224609375,7.536502838134766,1.4160815003069878,WARNING,1,HVAC SOUTH,93.49822068332406,HVAC consumption below expected — South zone,Check whether the South HVAC system is operating according to schedule and setpoint.,Review HVAC South operation.,20.902124404907227,10.33650016784668,87.5999984741211
2020-12-26 00:30:00,2020-12-26 01:00:00,10.636124610900879,23.316883087158203,12.680758476257324,7.536502838134766,1.6825786108767296,HIGH,2,UNEXPLAINED LOAD,,Unexplained energy deviation,"The observed increase cannot be explained by the monitored HVAC, MELS or lighting subsystems. Verify meter consistency and inspect unmonitored electrical loads.",Inspect metering and unmonitored loads.,20.9333438873291,10.342000007629395,88.5
2020-12-26 00:45:00,2020-12-26 01:15:00,15.118965148925781,32.75067901611328,17.6317138671875,7.536502838134766,2.339508688031123,HIGH,2,HVAC SOUTH,99.37705739462932,Unexpected HVAC consumption — South zone,"Inspect the South HVAC operating state, schedule and temperature setpoint. A large indoor–outdoor temperature difference is also present.",Review HVAC South operation.,20.870813369750977,10.310999870300293,88.80000305175781
2020-12-26 01:00:00,2020-12-26 01:30:00,20.870939254760742,34.91775894165039,14.046819686889648,7.536502838134766,1.8638379084543863,HIGH,2,HVAC SOUTH,98.39955061969556,Unexpected HVAC consumption — South zone,"Inspect the South HVAC operating state, schedule and temperature setpoint. A large indoor–outdoor temperature difference is also present.",Review HVAC South operation.,20.908000946044922,10.272500038146973,88.9000015258789
2020-12-26 02:15:00,2020-12-26 02:45:00,27.456499099731445,14.703953742980957,-12.752545356750488,7.536502838134766,1.6921038352460382,HIGH,2,HVAC SOUTH,96.31503342506156,HVAC consumption below expected — South zone,Check whether the South HVAC system is operating according to schedule and setpoint.,Review HVAC South operation.,20.886438369750977,10.386500358581543,88.19999694824219
2020-12-26 02:30:00,2020-12-26 03:00:00,23.603002548217773,14.15383243560791,-9.449170112609863,7.536502838134766,1.2537871099572848,WARNING,1,HVAC SOUTH,95.607496228021,HVAC consumption below expected — South zone,Check whether the South HVAC system is operating according to schedule and setpoint.,Review HVAC South operation.,20.84925079345703,10.538999557495117,88.5
2020-12-26 02:45:00,2020-12-26 03:15:00,15.959912300109863,25.26904296875,9.309130668640137,7.536502838134766,1.23520562103896,WARNING,1,UNEXPLAINED LOAD,,Unexplained energy deviation,"The observed increase cannot be explained by the monitored HVAC, MELS or lighting subsystems. Verify meter consistency and inspect unmonitored electrical loads.",Inspect metering and unmonitored loads.,20.8669376373291,10.46399974822998,89.19999694824219
2020-12-26 03:00:00,2020-12-26 03:30:00,15.24462604522705,28.71891975402832,13.47429370880127,7.536502838134766,1.7878708464914568,HIGH,2,UNEXPLAINED LOAD,,Unexplained energy deviation,"The observed increase cannot be explained by the monitored HVAC, MELS or lighting subsystems. Verify meter consistency and inspect unmonitored electrical loads.",Inspect metering and unmonitored loads.,20.84934425354004,10.317000389099121,90.19999694824219
2020-12-26 03:45:00,2020-12-26 04:15:00,19.119632720947266,31.876964569091797,12.757331848144531,7.536502838134766,1.6927389430005026,HIGH,2,HVAC SOUTH,98.71508944578014,Unexpected HVAC consumption — South zone,"Inspect the South HVAC operating state, schedule and temperature setpoint. A large indoor–outdoor temperature difference is also present.",Review HVAC South operation.,20.808313369750977,10.255499839782715,92.0999984741211
2020-12-26 09:30:00,2020-12-26 10:00:00,25.631202697753906,13.575996398925781,-12.055206298828125,7.536502838134766,1.5995756331210655,HIGH,2,HVAC SOUTH,93.93797011657529,HVAC consumption below expected — South zone,Check whether the South HVAC system is operating according to schedule and setpoint.,Review HVAC South operation.,20.800561904907227,11.044500350952148,93.5999984741211
2020-12-26 10:45:00,2020-12-26 11:15:00,15.898788452148438,24.35431671142578,8.455528259277344,7.536502838134766,1.1219432196711054,WARNING,1,UNEXPLAINED LOAD,,Unexplained energy deviation,"The observed increase cannot be explained by the monitored HVAC, MELS or lighting subsystems. Verify meter consistency and inspect unmonitored electrical loads.",Inspect metering and unmonitored loads.,20.77718734741211,10.911499977111816,93.5999984741211
2020-12-26 11:00:00,2020-12-26 11:30:00,10.766334533691406,24.41250991821289,13.646175384521484,7.536502838134766,1.8106774027167782,HIGH,2,UNEXPLAINED LOAD,,Unexplained energy deviation,"The observed increase cannot be explained by the monitored HVAC, MELS or lighting subsystems. Verify meter consistency and inspect unmonitored electrical loads.",Inspect metering and unmonitored loads.,20.78684425354004,10.725000381469727,93.5999984741211
2020-12-26 16:45:00,2020-12-26 17:15:00,27.995107650756836,36.05906677246094,8.063959121704102,7.536502838134766,1.0699868751989852,WARNING,1,HVAC NORTH,85.75079404239388,Unexpected HVAC consumption — North zone,"Inspect the North HVAC operating state, schedule and temperature setpoint. A large indoor–outdoor temperature difference is also present.",Review HVAC North operation.,20.53093719482422,9.861000061035156,93.0999984741211
2020-12-26 18:15:00,2020-12-26 18:45:00,37.806427001953125,29.307619094848633,-8.498807907104492,7.536502838134766,1.127685889548194,WARNING,1,UNEXPLAINED LOAD,,Unexplained energy deviation,"The observed reduction cannot be explained by the monitored HVAC, MELS or lighting subsystems. Verify meter and sensor consistency and check for unexpected shutdowns.",Inspect metering and unmonitored loads.,20.54656219482422,10.79699993133545,90.69999694824219
2020-12-26 18:30:00,2020-12-26 19:00:00,37.30741882324219,29.44658088684082,-7.860837936401367,7.536502838134766,1.0430352253866957,WARNING,1,UNEXPLAINED LOAD,,Unexplained energy deviation,"The observed reduction cannot be explained by the monitored HVAC, MELS or lighting subsystems. Verify meter and sensor consistency and check for unexpected shutdowns.",Inspect metering and unmonitored loads.,20.638500213623047,11.597000122070312,86.5999984741211
2020-12-28 04:00:00,2020-12-28 04:30:00,32.47874069213867,22.095190048217773,-10.383550643920898,7.536502838134766,1.3777677613786659,WARNING,1,HVAC SOUTH,93.09505555316537,HVAC consumption below expected — South zone,Check whether the South HVAC system is operating according to schedule and setpoint.,Review HVAC South operation.,21.17671775817871,8.358499526977539,67.37999725341797
2020-12-28 04:45:00,2020-12-28 05:15:00,26.841428756713867,15.099913597106934,-11.741515159606934,7.536502838134766,1.5579527284451844,HIGH,2,HVAC SOUTH,96.95209630163109,HVAC consumption below expected — South zone,Check whether the South HVAC system is operating according to schedule and setpoint.,Review HVAC South operation.,21.114322662353516,8.205499649047852,70.04000091552734
2020-12-28 05:00:00,2020-12-28 05:30:00,21.378314971923828,9.387736320495605,-11.990578651428223,7.536502838134766,1.5910003497584844,HIGH,2,HVAC SOUTH,98.11652951711808,HVAC consumption below expected — South zone,Check whether the South HVAC system is operating according to schedule and setpoint.,Review HVAC South operation.,21.085796356201172,8.178000450134277,69.41000366210938
2020-12-28 09:30:00,2020-12-28 10:00:00,9.964848518371582,24.4447021484375,14.479853630065918,7.536502838134766,1.9212961158586368,HIGH,2,UNEXPLAINED LOAD,,Unexplained energy deviation,"The observed increase cannot be explained by the monitored HVAC, MELS or lighting subsystems. Verify meter consistency and inspect unmonitored electrical loads.",Inspect metering and unmonitored loads.,20.802425384521484,8.244500160217285,72.69999694824219
2020-12-28 09:45:00,2020-12-28 10:15:00,10.162179946899414,25.705345153808594,15.54316520690918,7.536502838134766,2.062384310168456,HIGH,2,UNEXPLAINED LOAD,,Unexplained energy deviation,"The observed increase cannot be explained by the monitored HVAC, MELS or lighting subsystems. Verify meter consistency and inspect unmonitored electrical loads.",Inspect metering and unmonitored loads.,20.748106002807617,8.26099967956543,71.11000061035156
2020-12-28 10:30:00,2020-12-28 11:00:00,25.690185546875,16.625900268554688,-9.064285278320312,7.536502838134766,1.202717689225161,WARNING,1,HVAC SOUTH,98.19901623733806,HVAC consumption below expected — South zone,Check whether the South HVAC system is operating according to schedule and setpoint.,Review HVAC South operation.,20.677642822265625,7.185999870300293,77.16000366210938
2020-12-28 10:45:00,2020-12-28 11:15:00,24.70824432373047,14.401165962219238,-10.30707836151123,7.536502838134766,1.367620842568695,WARNING,1,HVAC SOUTH,98.5943072217318,HVAC consumption below expected — South zone,Check whether the South HVAC system is operating according to schedule and setpoint.,Review HVAC South operation.,20.623668670654297,7.258500099182129,76.8499984741211
2020-12-28 11:00:00,2020-12-28 11:30:00,17.393783569335938,9.546307563781738,-7.847476005554199,7.536502838134766,1.0412622636915767,WARNING,1,HVAC SOUTH,99.73415881863382,HVAC consumption below expected — South zone,Check whether the South HVAC system is operating according to schedule and setpoint.,Review HVAC South operation.,20.69586944580078,7.296999931335449,76.18000030517578
2020-12-28 11:30:00,2020-12-28 12:00:00,11.41360855102539,27.701684951782227,16.288076400756836,7.536502838134766,2.161224741844326,HIGH,2,UNEXPLAINED LOAD,,Unexplained energy deviation,"The observed increase cannot be explained by the monitored HVAC, MELS or lighting subsystems. Verify meter consistency and inspect unmonitored electrical loads.",Inspect metering and unmonitored loads.,20.656719207763672,6.891499996185303,79.26000213623047
2020-12-28 11:45:00,2020-12-28 12:15:00,11.091903686523438,27.701210021972656,16.60930633544922,7.536502838134766,2.2038479507240405,HIGH,2,UNEXPLAINED LOAD,,Unexplained energy deviation,"The observed increase cannot be explained by the monitored HVAC, MELS or lighting subsystems. Verify meter consistency and inspect unmonitored electrical loads.",Inspect metering and unmonitored loads.,20.603925704956055,6.736000061035156,80.5999984741211
2020-12-28 12:30:00,2020-12-28 13:00:00,27.849811553955078,14.584598541259766,-13.265213012695312,7.536502838134766,1.7601284438683187,HIGH,2,HVAC SOUTH,100.0,HVAC consumption below expected — South zone,Check whether the South HVAC system is operating according to schedule and setpoint.,Review HVAC South operation.,20.598228454589844,6.763999938964844,81.0
2020-12-28 13:00:00,2020-12-28 13:30:00,15.841034889221191,25.348552703857422,9.50751781463623,7.536502838134766,1.2615291228350785,WARNING,1,UNEXPLAINED LOAD,,Unexplained energy deviation,"The observed increase cannot be explained by the monitored HVAC, MELS or lighting subsystems. Verify meter consistency and inspect unmonitored electrical loads.",Inspect metering and unmonitored loads.,20.52961540222168,6.70550012588501,81.5
2020-12-28 13:45:00,2020-12-28 14:15:00,24.083974838256836,31.74662208557129,7.662647247314453,7.536502838134766,1.016737790974004,WARNING,1,UNEXPLAINED LOAD,,Unexplained energy deviation,"The observed increase cannot be explained by the monitored HVAC, MELS or lighting subsystems. Verify meter consistency and inspect unmonitored electrical loads.",Inspect metering and unmonitored loads.,20.449779510498047,6.541999816894531,84.4000015258789
2020-12-28 14:15:00,2020-12-28 14:45:00,29.436603546142578,17.15618133544922,-12.28042221069336,7.536502838134766,1.6294589777840092,HIGH,2,HVAC SOUTH,96.74202737587359,HVAC consumption below expected — South zone,Check whether the South HVAC system is operating according to schedule and setpoint.,Review HVAC South operation.,20.428081512451172,6.569499969482422,86.19999694824219
2020-12-28 15:45:00,2020-12-28 16:15:00,17.745458602905273,29.057628631591797,11.312170028686523,7.536502838134766,1.500983980454018,HIGH,2,HVAC NORTH,98.98230994888743,Unexpected HVAC consumption — North zone,"Inspect the North HVAC operating state, schedule and temperature setpoint. A large indoor–outdoor temperature difference is also present.",Review HVAC North operation.,20.398820877075195,6.300000190734863,89.9000015258789
2020-12-28 16:00:00,2020-12-28 16:30:00,25.633331298828125,36.516990661621094,10.883659362792969,7.536502838134766,1.4441259555720678,WARNING,1,HVAC NORTH,92.93092170241675,Unexpected HVAC consumption — North zone,"Inspect the North HVAC operating state, schedule and temperature setpoint. A large indoor–outdoor temperature difference is also present.",Review HVAC North operation.,20.347070693969727,6.319499969482422,90.19999694824219
2020-12-31 13:15:00,2020-12-31 13:45:00,31.81629180908203,21.429494857788086,-10.386796951293945,7.536502838134766,1.3781985059086912,WARNING,1,HVAC SOUTH,94.84351201026027,HVAC consumption below expected — South zone,Check whether the South HVAC system is operating according to schedule and setpoint.,Review HVAC South operation.,20.1716251373291,6.944499969482422,85.5
2020-12-31 13:45:00,2020-12-31 14:15:00,22.32030487060547,30.156726837158203,7.836421966552734,7.536502838134766,1.039795530481376,WARNING,1,UNEXPLAINED LOAD,,Unexplained energy deviation,"The observed increase cannot be explained by the monitored HVAC, MELS or lighting subsystems. Verify meter consistency and inspect unmonitored electrical loads.",Inspect metering and unmonitored loads.,20.1950626373291,6.910999774932861,85.4000015258789
2020-12-31 14:45:00,2020-12-31 15:15:00,29.655813217163086,15.95668888092041,-13.699124336242676,7.536502838134766,1.8177030687131166,HIGH,2,HVAC SOUTH,97.27882218648108,HVAC consumption below expected — South zone,Check whether the South HVAC system is operating according to schedule and setpoint.,Review HVAC South operation.,20.066186904907227,7.108500003814697,82.69999694824219
2020-12-31 15:15:00,2020-12-31 15:45:00,17.152359008789062,29.325923919677734,12.173564910888672,7.536502838134766,1.6152803458509077,HIGH,2,UNEXPLAINED LOAD,,Unexplained energy deviation,"The observed increase cannot be explained by the monitored HVAC, MELS or lighting subsystems. Verify meter consistency and inspect unmonitored electrical loads.",Inspect metering and unmonitored loads.,20.050561904907227,7.197500228881836,82.0
